soil_health,soil_organic_carbon_pct,irrigation_water_quality,synthetic_fertilizer_index,pesticide_residue_ppb,plant_quality,dietary_quality,pasture_quality,meat_quality,genetics_score,antibiotic_use,gut_health
-1.1606301667598722,-1.1004472147303082,-0.9838199425765561,1.1485952802828472,1.0371441356248816,-1.560699379107524,0.08720484760154805,-1.4200774918138557,-0.9265239034424213,-2.5819111403759805,0,0.0
-0.8781976096139196,-0.6881779780164243,-1.2669488520779866,0.7277781256951387,0.8144972210241512,-0.8554582504759397,-0.7202469520261743,-0.9340945402303619,-0.5418151995809936,2.306563111222138,1,0.0
0.6242492768173055,0.5283431374919818,0.5329337790759253,-0.2657684342579678,-0.5781314028058844,0.48754972069905256,1.5384116075802492,0.33713941774051154,0.03883603079361188,-1.4493439591648283,0,11.196500791717447
-0.9318381058727669,-1.4394033055061428,-1.6429775719634971,0.09768784131486499,0.8798491538435467,-0.9165177592912838,-1.5580273693500897,-1.9133235675052267,-1.1517339154076036,-1.7104106099717649,0,0.0
0.4893158938760501,0.3491982992962299,0.12596094442271938,-0.8291558057526947,-0.22760143550065767,0.6737076660208698,-0.5204723224145887,0.6126095866943932,0.9912508762676552,1.012209511317782,0,22.201637881390223
-1.3534760152695207,-1.0496788169461964,-1.87773543275145,1.1121679644403202,1.1859236092061558,-1.5285225057624505,-1.7960254636499176,-1.4951599821428143,-0.6440567452032816,2.458421180199698,0,7.650844899837041
0.876901905632438,0.7622582877166242,1.1517066990724492,0.22607572072157178,-1.0189289369679864,0.558099419431863,1.188066510041871,1.1316408877006932,1.7821745095499426,1.3813210449777036,0,24.99617708844856
-1.2179460368689976,-1.233789335433837,-0.5714571603111154,0.9948674484299749,1.0059928290580658,-1.452431963999522,-0.08607559820482266,-0.8200505176860594,-1.3978578284450007,0.5441529360631622,1,0.0
0.5790154478348214,0.8640523950237539,-0.5405147965010946,0.057367731521335175,-0.8017895404241259,0.8014547703982918,0.10033712457342106,0.5664045907887703,0.05406947826399971,0.5756299942207527,0,21.67643513769903
0.6528451534967088,0.42187134878789534,1.3474954685269898,-0.5597679805983531,-0.8728340607313595,1.1356700621047493,0.583589643482428,0.8641924249320923,0.3722371837382145,0.8395896530753562,0,20.896120845499546
-0.678550999868529,-1.1075160374530795,0.9374178899014779,0.3281660563259051,0.9002958720981502,-0.05529683246910137,-0.8527996688557138,-0.6628228149720219,-1.0329656160158383,0.7431672037421408,0,10.797993819041498
0.6089442422058877,0.5462786235053935,0.5432844064004394,-0.6720172532438146,-0.5737581636252064,0.9401947947723128,-0.4581675292651834,1.0628895074168572,1.092740259191064,0.2556440229660779,1,0.0
0.28517290679015644,0.13765423368964194,-0.1347814768506782,-0.3476969867264913,-0.269279311294932,0.13152717867952687,0.5319577067848636,0.09107899762334888,-0.1691785001216418,0.0750282158750149,1,0.0
-0.5195469869887785,-0.780664047556116,1.2641384344411724,0.763259167324341,0.48926132298658115,0.21431864536438955,0.27630468968812266,-0.14173072420327776,0.6862938266979928,-0.09518264537997101,0,6.5684965945013225
-0.9924542395249709,-0.995823715216826,-1.5980912399872351,1.5836286781191768,1.172876878121497,-1.4781419961123137,-1.2465284703536648,-1.404279089983561,-0.5509995754681526,-0.8007162271598287,0,0.0
-1.9530136965870426,-1.716677767745711,-1.5960787801770626,1.8873102912637347,1.823258054385968,-1.397487374409943,-1.7960254636499176,-1.9810957756023484,-1.871297247634271,-0.3177318063782539,0,0.0
0.37498737536740034,0.3673561275376037,0.428988765463742,0.28946583382368624,-0.13112160582074867,0.764120056846674,1.6508230513114228,0.46951904186439236,1.208784769464404,-1.7589428613238292,0,9.60544298143625
-1.5524852607601891,-1.3878391698339707,-0.47405994700136966,0.837966508424879,1.381811169552451,-1.3608073547162716,-1.485977026314469,-1.0608515778422012,-0.4089009970360475,-0.13166137906440595,0,1.1078618939209297
0.11895204340403392,0.6721502096386642,0.32411272543239533,-0.33241087771285766,0.2535250919636224,0.30985339102949083,0.5571778186460453,0.35093105994987106,0.10889539956179028,-1.040148858055599,0,12.528480333169586
-0.24228044884155522,-0.32611606270085636,-0.4871075698127383,-0.18018920946692116,0.27539627363231994,-0.24269754301663987,-1.1924662264648787,-0.7249329401880532,-1.5174120342259736,-1.1575027027338696,0,0.086919180578606
0.7067209188108646,0.7727786559315187,0.029831920229378625,-0.4611945032230658,-0.8661223441532792,0.47957212678487765,0.22329417294244164,0.21643995360619983,0.09910113753142884,0.15227176687909014,0,21.7830629873131
-0.28114022478998696,-0.4136785074734531,-0.4258339855068112,0.04666495434365045,0.2267658933112893,-0.12470844818250942,0.04366341498180013,-0.07825837442331733,-0.3641887411486765,1.3892088439889654,0,12.582635559371324
-0.30872886921609777,-0.5420207991511334,-0.8452325039433977,0.6455943703442972,0.23763213121023605,-0.6168323447377827,-0.3354955130219965,-0.8107868852364634,-0.6884603459132945,0.9058201397138269,0,8.689506692423299
0.7598074399450304,0.5629620119243913,0.6694378874079766,-1.1651499028517822,-0.95309601945219,1.084321277721977,0.9431697448561829,0.559083144702785,0.5411435760531588,-1.6339782457243672,0,17.340827670645588
0.36029611970299635,0.21142279503759737,-0.026645091219654218,-0.3017155653878378,-0.3864885768520461,-0.13706916603450742,0.16615703085541164,0.543425066204325,0.5059638191230695,-1.041207130087353,0,5.961164457679963
0.34126549852455684,0.44638045726656694,-0.5967808659425355,0.05483820285814209,-0.4891603970911219,0.467121975296589,-0.4004575752870517,-0.17581358744955386,0.035903120899054244,0.9287346835593622,0,9.08203016176454
0.4954184132802442,1.1954549155488436,1.1700413891988948,-1.5329487933067545,-0.716314764855351,0.9320460232898674,0.8465256317909025,1.0437481286918846,0.44877084632715747,-1.0339201153747286,0,15.545127218317967
-1.523055820710409,-1.668637105800784,-1.5483266285291464,2.170271784826543,1.9456374104116456,-2.015969081176925,-1.6189590012485293,-1.9138496766105142,-1.6399483127842283,-0.26054191118219283,0,0.0
0.784894877900531,0.6378888370753999,-0.09432281183839948,-0.8450315780169947,-0.771630201554909,0.4828340385018156,0.5015460682286498,0.8938961662924512,0.6286428024463864,0.5300120664575936,0,22.36715522436451
0.6395935007387824,0.6051649496841993,0.4409511497763715,-1.6377009871643522,-0.3782337647606599,0.4949734312667156,0.4074747692632567,1.1829703304059958,1.1491355003384196,-1.0194874713571735,0,18.29258116698235
-1.0006379639792202,-0.8311289320975863,-0.7777624148233384,0.9484973725175457,1.0013109096240804,-1.2967054473000645,-1.7960254636499176,-0.6417590739918638,-0.236464878411966,0.0762266746388219,0,0.0
-0.22278099022278694,-0.12419041399103044,-1.2148830711626635,0.20283485310813915,0.0783135298538048,-0.825553803616658,-1.57986046686453,-0.2295919513252325,-0.7383100652026611,-1.3926591577003868,0,1.2119516398984678
-0.016615181971983202,0.38207471092072215,0.19497672357612117,-0.038249952544113786,-0.05853974985183864,0.34566195448889947,-1.2071908973482677,0.15558755386386786,0.0036150785709381443,-0.6449934714587732,0,10.363596750070831
-0.11245204381070431,-0.83088562608808,-0.7064992091371625,0.6120682298325905,0.13100739985307178,-0.351707936790102,0.20146601734779976,-0.27609999694564286,-0.3290123270200814,0.29502502493439015,1,0.0
0.3590899093996417,-0.3661941180666178,1.328813197516803,0.07124769083899639,0.16197532751764743,0.45923622758507315,0.8712691248080531,0.19516161203345905,-0.05879910921543747,-1.6569321271119186,1,0.0
1.4640606528734987,1.2660748766586278,1.5371453255963512,-1.1318608490662816,-1.6091292885218846,1.3478904262547233,1.6083901586346048,1.5859046506924843,1.8301935271661065,0.4181901119826035,1,13.040744180719608
1.112083037436631,1.4094087375986448,0.6945546987764607,-0.7438317590646688,-0.8447671715409186,1.2201650970573679,1.1535720827369256,1.158791020448523,0.7582509771657685,-0.05134741523560646,0,36.0693173158911
-1.298183911543944,-1.7093829219652366,-1.5094559560149197,1.0699872241048591,1.63349357289754,-1.8183882958930453,-1.7960254636499176,-1.7123990389329917,-1.8470235508480082,0.5324998591191441,0,0.0
0.6492599928807598,-0.27508991270290084,0.48669838379963326,0.36041432338487994,-0.619005995090877,-0.2569296966823532,-0.9248311428149605,0.37082743519172906,0.03496457034531746,0.19719345943748545,0,17.028462411834447
1.3609305607268951,1.4894085611758658,1.504607486696774,-1.9799643435315004,-0.9480531415823448,1.039462523409434,0.9167755881481716,1.7057456670367275,2.004516016287425,1.3607762626197604,0,30.82244858491548
0.4123985562334922,0.47969292226569654,0.3377158790438528,-0.29624058544622744,-0.5284865486518403,0.41372741324697165,0.3822664744445554,0.8236811724150072,0.5382521323630303,0.09648225993180531,0,11.311873435643854
1.1213593954962384,0.7574692618959971,0.8111928263622001,-0.9552767197050964,-0.6240300093478356,0.7325151231161805,0.409119443766443,0.8710823942842345,0.9734267820157317,-0.46950888005334307,0,15.827767069173092
2.036561033833377,1.6678573838965078,1.734182725552216,-1.3601114182545617,-1.953751555549522,1.856269062445656,1.7143348358768251,1.470160753392659,2.1745750633619343,0.09349530336898992,0,34.928812513748426
1.053631020386096,0.7288295310983693,0.5244990803185668,-1.3759418024372507,-1.2656968079325974,0.8920965725073263,0.692627759754329,0.5792290219977729,0.49880139440277743,0.5231196454373868,1,9.603228934890254
0.27396352121191303,0.3065528150615314,0.033534590803692095,-1.169585220342592,0.04543061828453661,0.40742663823810676,0.36748739235851796,0.3289655858804721,0.7317189899509434,0.0185535710884731,0,22.270841423873566
1.0751553422524887,0.8532467383361044,-0.34116541038751,-0.8664274082679049,-1.1412709637867013,0.40095170503403105,-0.13378098604874847,0.3687860275623908,1.01793899115692,0.010115821677798455,0,26.360246217253724
0.16883261357771878,0.3214711704702685,0.731515734737323,-0.008613445227967483,-0.2641733025907144,0.14066676374122528,0.7114931960079222,0.12254101713326045,0.5122883324345731,-0.7476787080973544,0,9.929492270074745
0.04702502998150194,-0.8071270079147349,0.22815126500037158,0.735828784610122,-0.09342288273903707,-0.17124040584891473,-0.4657623670733538,-0.20714177281757934,-0.22060179694208795,-0.7077871986698001,0,9.47484953231776
-0.3308447080888883,-0.566425889460283,-0.7243744923073823,-0.39108630373511605,0.1184718191941868,-0.3320257889727741,-1.1846372615417422,-0.69599882257169,-0.4029287012674851,-1.4626437294574777,0,1.4279848097570478
1.5970052526999439,1.2033508189876567,2.4669813375339578,-0.7956816533778276,-1.659353363907219,0.9863377505685791,0.2588335269926075,1.5882126595304058,0.938064146117516,1.7541078910743768,0,28.5813864472446
-0.8010352116976107,-0.836483730712866,-0.6011713012745099,1.9404971207095856,0.9587498563052499,-0.8209703232143606,-0.9433919359652818,-0.7930444394023365,-1.0862087918355614,-1.3006500056066548,1,0.0
1.5657484832879525,1.3509751014478009,0.6913339887533836,-1.5774543263099647,-1.7737874257654218,0.933542284626698,1.3677394854225329,1.0533107449997758,0.7296040549520489,-0.7384060895339667,0,21.67805458586321
0.5262230282277182,0.7564058762450443,0.9580534607450422,-1.1510335187915708,-0.6842747173960452,0.854916292422065,0.6270260820880663,1.2463058307529964,2.0480718040869297,-0.76443054416464,1,2.2884121949210856
-1.3858631543638305,-1.8822950686885833,-0.9005742047355075,0.986847385215613,1.1145658962033225,-1.7233167031325478,-1.5753857264323308,-1.8773358739808392,-2.097182460386755,0.881948741941741,1,0.0
0.39310903039256573,0.4013054179369551,0.5721669054534546,-0.3457190568109681,-0.5025304184501229,0.48985366623407695,-0.45898376704545113,0.5228086628453998,0.12436994913979343,-0.332298810139084,0,8.566994823656081
-2.091348948518892,-1.829316340842999,-1.87773543275145,2.1159782582850606,2.111099811548,-1.7120718549151541,-0.9319699859183542,-1.8373083008691906,-2.1674979034840036,1.2419935899529462,1,0.0
0.652721400748636,1.1977330572645613,0.8207277308687208,-0.8922540779363093,-0.5065344390521314,0.9671588419012285,0.3208552100807631,1.0785770842121214,1.2027679316647755,-0.7185938259532036,0,20.875000698656866
0.9142111951691677,0.7423780998079589,0.6128726013429148,0.012538042337161869,-0.4572854697723678,0.5082902210392852,0.30585099798141596,0.3165505288774574,0.3314251091352695,0.2534017522954113,0,17.579691947593552
-0.5734250253240056,-0.44247513905226776,-0.13291052144029267,-0.09679655921626171,0.5383300067795498,-0.39060928280790813,0.6021876505410269,-0.09136021590557097,0.3281975908989155,-0.8837657379351225,0,12.747951219142088
0.14734734635664612,-0.3933626402873363,-1.0025204457076367,-1.0565633695370327,-0.3189569420611611,-0.7286105081874987,-0.3083138263911741,-0.2637579750409909,0.01274400161362165,2.1577832191824546,0,18.23847541573617
1.9904067012977982,1.1986618619582372,1.4024506767301004,-1.1648502343917992,-1.5878390820406219,1.350398110575108,-0.0029978274229842646,1.0968448117214384,0.4469649399321859,-1.2432326552283564,0,16.139629531898347
-0.4862267614322689,-0.20156077693611493,0.6346595940684124,-0.7854996016605265,0.5833039247722049,0.3013723606137582,-0.9531011327708786,0.29261107373496426,-0.09538651852753828,0.2848597543312485,0,10.29735455833604
-1.0431495827051371,-0.9931988059849421,-1.3110829317226993,0.7944097357894085,0.978880254180962,-1.393756937589582,-1.226341540810372,-0.9880666383626032,-0.387123189074579,0.615451875009042,1,0.0
1.5146993309394903,1.820531270959645,0.9067476068099395,0.31265135849553816,-1.4481050653342464,1.8103765357032853,0.644396639763725,1.096682395587423,0.925393193738498,0.39096804503730503,0,28.43332697342773
1.9988937871978822,1.5145161274782442,1.4010876657867892,-1.7629358347192936,-1.5956312096023684,1.3397149558139323,1.4744181270103605,1.3040082161017916,1.6888382654714695,-0.22039046316397956,0,19.004785733368525
0.02668023218161742,0.19278357228302848,-0.6911051558948651,-0.62458363995532,0.02287514954709085,0.35076070047220204,0.2699009119664423,0.28572031947502574,0.175735951943477,-0.16378731338866417,0,12.838253465814953
1.0413012235744175,1.5745202845730917,-0.4422571373552703,-0.9499405923135005,-1.155802042369088,0.661901379810676,0.604719920619166,1.0762908442406633,0.5873228198718713,0.013401556758205492,0,16.572335531184823
1.3735584564533485,1.4557734951814214,1.0122662957247677,-1.2368522430590014,-1.296027371586688,0.7208145608935534,0.08362909869852116,1.1934303945943063,0.9698780479537025,-0.18132055875680123,1,0.0
-0.7245742951240643,-0.6020708661587548,-0.5086639440878187,0.7085658487508271,0.4758350828484691,-0.32644035583845804,0.8251607685984907,-0.826668918525956,-1.1874163758008092,0.952315957446042,0,5.6625470127516
-0.4656468782050975,-0.43442179672004166,-0.40630751972168827,0.7470983106469314,0.3272305693536593,-0.23726674839007378,1.6168883721860259,-0.5977345507319202,-0.8102688823588652,2.2244962178432477,1,0.0
1.2622048756707316,0.7474963431303833,0.9710494674717263,-1.6613262723510476,-1.3576521456664208,0.8651054164431728,0.48110608311229086,0.775727675699552,0.7941406905312831,-0.6002188551176723,0,17.432669118818325
1.7194331565401368,2.070604605137306,1.4621372354127944,-0.6213535085896417,-1.8851407465015133,1.5913636299783969,1.4873293059349253,1.6058635742188805,1.6974004514132128,-1.4291695118659302,0,25.282097506493727
0.5896683291045887,0.3917566077231209,1.1096800538717786,-0.39549422987313726,-0.8157850352445841,0.6749822434547322,0.5710526653102959,0.13499472605209578,-0.5384722539916131,-0.12139778019767745,0,18.104296963037854
-0.8628383712576295,-0.6659815408997899,-0.8178270174345244,1.1283161000213204,0.6352433533854497,-0.7045459116479875,-0.7902297146743725,-0.45303515865004323,-0.45733295786941736,2.6012450030220764,1,0.0
2.0235341506957334,1.4808878952339344,1.3463233222964037,-2.009485812567044,-1.9762561895632618,1.331878049324233,0.5015550321322685,1.773226128128963,1.4045086073367612,-0.8514444703501362,0,17.11495857512664
-0.5116224997665523,-0.8374668031117288,-0.5807227564911583,1.1167970388887687,0.6382137707991886,-0.36837154382686693,-1.0539958532135876,-1.1452493860153758,-1.3513450828251543,1.6413852811334226,0,7.699001779459335
-0.31445756057728197,0.14170394825441263,0.09573338508009534,0.12958770868805883,1.1070483407782077,0.19032124370111592,-0.6301408489830259,0.1470774087015852,0.14876570011675314,1.6807596483827478,0,15.139872228308198
0.3676254336347189,0.25817328546599055,1.1576284495124576,-0.1843012303096815,-0.503903705221778,0.7722641939610151,0.8515378152472073,0.2682791523454853,0.00411298334946033,-0.5962353512540394,0,12.779706517162118
1.5876893871685023,1.973621471961866,0.95276746624219,-1.8898339306920102,-1.584138923385608,1.4605952176272885,0.8107332769441643,1.651353775702531,2.0871368055089317,0.5493308306725851,0,32.68657011594225
0.8827431261742418,0.8340708218187665,0.8018245710444252,-1.3074052874242934,-0.4586194953046684,0.7163287360993336,-1.1416696371772281,0.7855442063426256,1.1901314852915412,1.6304455055519598,0,23.34602668261545
0.44064634591228674,-0.12323017918571899,0.578057314889287,-0.031309774245108425,-0.6323657879127563,-0.07337266324154945,0.18583072759847646,-0.03232752926309522,0.4395989160853162,-0.4182011845265602,1,0.0
0.48939869117964213,0.7495125322889978,-0.17501152490052335,-0.6714817221880748,-0.42608289409212546,0.34352459733381785,0.2114219376828324,1.0351937484878349,0.7297200045897345,-0.2390578738745754,0,10.75886867780986
0.06677003015076091,-0.10399160145323168,0.07855357983800888,-0.5186837693714443,0.021232903805583105,-0.8157134334095755,0.16738769169708445,-0.1259477202431068,-0.5350393080448252,-0.6249034765480547,0,7.0227265717622736
0.5848947384885195,0.7827871545663745,-0.37789643361381436,-0.860316035365236,-0.7947108816011954,0.25430002069259133,0.40697894961243347,0.2625844813510191,0.26298388682200646,-1.066850460796375,0,20.55243879056104
-2.5238036919761844,-2.4056124364277056,-1.87773543275145,2.170271784826543,2.6925341425052514,-1.9319327885781035,-1.7960254636499176,-2.4300090055187007,-2.1988524258165185,-0.6938847636867653,0,0.0
-0.27566520132549716,-0.7207641967159594,0.001143697459352547,-0.10071393741383014,0.4202782191481757,-0.17978405003336292,-1.6469617534100145,-0.19203678583228212,-0.4568201548587452,-1.2803189329342841,0,1.177311699773245
0.2659225447766031,0.3150726821635874,0.0026222412128914284,-0.30406982378631714,-0.4961458179766631,0.19764057345049935,-0.35253483921505135,-0.20941838159694973,-0.6906610926914395,0.0034742836560498827,0,14.10558534323046
-1.1358824774539782,-0.41708105005548846,-0.8100485901351249,0.9911672120459583,0.8915309494925721,-1.4160880984237936,-1.6106571872952966,-0.7841613577184401,-0.774763650242035,-0.817052791948502,0,4.920245962770766
0.4119100535864119,0.5545462511669619,0.3418414101768868,-1.3818469436051497,-0.6353058238037431,-0.052813950393518744,0.5279033932465914,0.9558632950704254,0.6976583836518686,0.20726745162668744,1,9.244107093765766
-0.18290236278964658,-0.18289418826667547,-0.7227194692443261,-0.626386092198857,0.03126312525307549,-0.27317676403902136,-0.27373629766249347,-0.21182621785586714,0.06189255082472479,-1.6190741189246542,0,3.66806236764589
1.7903737704175249,2.0540637216050555,1.4683082506427867,-1.3967852347749654,-1.8303238694747899,1.3116995221769314,1.7681770178976228,1.9332450888436785,2.0591401961995213,0.306350661632481,0,31.483466326884592
1.606676950092991,1.616461453998052,0.6078411004634616,-1.8029066538826808,-1.6390695329108738,0.9062951506050845,-0.1681339500191035,1.9512122520849549,2.2486768429835653,0.8192956968971365,0,29.907120542712946
-0.4460139944760625,-0.3548549765853364,0.47055024648906263,0.9382028919241336,0.2664527306693485,-0.019106709972089665,0.5698982719914386,-0.10965229404606451,-0.645277515405811,-2.0658828727192367,0,13.790161620437878
-0.12890410241063185,-0.4434495313056953,-0.9042483305056862,0.6135734018651899,0.4523102601741746,-0.1427805642759278,0.3093094395691707,-0.7848306227916497,-0.5880841019644945,0.3504114276001919,0,3.171614051337655
-0.05149104167713048,0.031307305707123464,-0.14838452626520196,0.4151684845908383,-0.08532886969635586,0.14491378418802484,-1.243405321413327,-0.12837600790434403,-0.43938723987336625,1.2215093308090115,0,10.941581462935778
-0.4317716967187517,-0.09167242173876948,-0.9683095840978756,1.3286204386274745,0.19029505452992243,-0.2911630598774378,0.5806667230299769,-0.7378006334109172,-1.2049952854641148,-1.265726777663347,0,0.0
0.2193107374214327,-0.031891434753048474,0.5329182567790578,-0.24508128917245278,-0.3746288326763408,0.24392791148981552,0.2159495200358631,0.48243718958466053,0.2484748552484622,1.6755261699374815,0,21.135943085256763
-0.7404795694543043,-0.2705579365907607,-0.8004422133064809,0.9802386776014979,0.6596170891852288,-0.5400626762519386,-0.23030490190890626,-0.325536161892075,0.10409022317452295,0.39629488213945246,0,5.051967839545336
-1.1153450008901808,-1.0885447737199274,-1.222841444473285,0.6567373404770608,0.9721814865598812,-1.1303785854866557,-1.5335210897474154,-0.8156479635535676,-0.940199258105049,-0.7507607414655325,0,0.0
0.6499055873786639,0.36594073277137595,1.058481103001682,0.7172214905941484,-0.805136839721507,0.7637625319605577,1.4124710758395234,0.809466539639293,1.3727084902280438,-0.08821881062373256,0,14.385314422731527
0.6567703180290738,0.9421121702821774,0.573051058226337,0.4637432883233676,-0.8539437260750665,0.4465821348243027,-0.4533723665359074,0.6399276585350646,0.8017042585896841,0.5384563820459924,0,23.21790539259027
-0.786826326312898,-0.832040520303048,-0.3332534455477042,0.6844286933570541,0.9287585305253886,-0.3598111477662018,0.20434138654744072,-0.9514732418190247,-1.0732488396301076,0.046254939594597644,0,8.794557295947115
0.9244039939224199,1.1271561850733522,0.19232619919726116,-0.6133620296334922,0.15609575831056585,0.6375096137180586,1.0124604476999508,0.834917889237861,1.2142599471892646,0.5184845693243978,0,20.905592751407383
-0.612913538412608,-0.6665509061499176,-1.3346249551695883,1.243823047811335,0.4506792412886053,-0.5198050501565348,-1.1055155131079293,-1.14568106422561,-0.9012380930512571,-0.9708401149647962,0,0.0
0.2778463918753446,0.2588148967499634,0.30528422847210546,-0.3300582780036193,-0.40293371573300035,0.5812298399553876,1.7254152514115026,0.3262482550017031,-0.10081295292203517,0.1415226740559609,1,0.0
0.8488824378557669,0.9742961914148155,0.5246784303967719,-1.0981389060810707,-0.8491936068336733,0.3732137700088569,0.4118037674742648,1.180189490001017,1.83403072298174,-1.473980517019358,0,18.31523746752197
-0.010881730356365154,0.08753448710756148,0.37547789918497637,0.46141653436198476,0.06466171404401659,0.09287433389223894,0.45823314491887984,0.08287879699760664,0.15638065685431313,-0.14481178060759659,0,12.616747689255783
0.4807929425322544,-0.13109465712687235,0.3619753153690082,-0.3883359109630013,-0.597756778772326,-0.07234132260502109,-1.1005100111340897,0.08358173231965563,0.06921816274072155,-0.9537307279530259,0,10.170473061738935
-0.49698235363130183,-0.8058224418870316,-0.278719405072428,0.5214465635182811,0.7958102638058753,-0.9471825137196016,0.5631690499212944,-0.6787066810901817,-1.0099391484403295,-0.7819039637806049,0,7.165084941590213
-0.17484328726435025,0.12299501604082473,-1.1017604865399688,-0.2971897919002075,0.12044774149696058,-0.4893377134513252,-1.244037689178755,0.009513307823757105,0.4648912823171826,1.230106075331546,0,11.410591353606414
-0.18430001362659876,-0.2067785560042363,0.9840987840868418,-0.755333141581606,0.07747587827974561,0.9171541799385013,1.3744960914508724,0.016902591168095737,0.2011618087206961,1.0823572704250228,0,17.679705923865477
-0.7286962523908297,-0.8478033009576789,-0.6909975292719572,0.7520261725260249,0.7145242917697674,-0.4729376636603698,-1.0806362451125482,-1.4023242046059023,-1.0653108179318207,0.5903084122073238,0,7.191480194326915
-0.15501694267068014,-0.5491680948703269,0.29840653040486775,0.6037438561518127,0.62526740449061,0.3527357511270348,-0.1601076097726429,-0.20151156841755904,-0.42694331703043,-1.1459951601824352,1,0.0
-1.5361907208443633,-1.7911207619280145,-1.7609766657205055,1.2138853893862296,1.6328815596804038,-2.049109709656715,-1.20546635074061,-1.512163732678585,-1.0942295947271239,-0.3541971451198415,1,0.0
-0.4715345604783062,-1.0534454363055046,-0.19625441007157565,1.1609804019043393,0.22788895276327445,-0.7539967819025775,0.009558271855202239,-0.7241324903516967,-0.3199623600453459,1.206639558530374,0,12.375910259291237
-0.26385344883175277,-0.2738434256072861,-0.9844516891599756,-0.15057100490226508,0.109706477912572,-0.4947932776427852,-1.2789999407833046,-0.6183987143252623,-0.8682865939308967,0.11331250308805604,1,0.0
-0.23496255386194798,-0.39629380359107896,0.08575460658090465,-0.36102718399076117,0.1358787849435483,0.039369365372064154,0.6994481754115436,-0.515939949047152,-1.080958347975618,2.3355315600371784,1,0.0
-0.22018039575478934,-0.493318361926559,-0.3837342742028181,0.147409249727319,0.06074806826731923,-0.2020896839296059,0.4722872731433966,-0.3147358317762933,-0.07684870891469257,0.3700672468814372,0,10.028446996376877
-0.03922481925221457,-0.048140390055794936,-0.00408804180547008,-0.018857641796482725,0.0776758927850493,-0.10321530105637446,-0.7411874484862161,0.0056427096019861156,-0.66518510444813,0.16467571571769546,1,0.0
0.5056615324450123,0.6055898114681365,0.8463549286553997,-0.0449647895898294,-0.32796877673589714,0.2997295529540666,1.244077475076704,0.6088913210174541,0.6015507368217333,-0.34675578988155525,0,14.576119028757605
0.9034239197232461,1.509917091256405,0.02516263421463664,-1.2082876739286588,-0.8199885957395401,1.7831590882412214,0.46279376302914677,1.5889488538964165,1.2646002367558267,0.10496901606313208,1,8.962363571124946
-0.6312247256937853,-1.0527329376714625,-0.9203572325000001,1.2644714728525885,1.4409993186886039,-0.8783373757129559,-1.1706625635027292,-1.3073817497012596,-0.7463465443719254,-0.18690039717217552,1,0.0
-1.1884241612047042,-0.7807611529097668,-0.7015531568465186,2.0676266466183293,0.9952985218906463,-1.423137303632418,-0.8957283102222814,-0.39815981868019973,-0.5655743620400058,0.6913062905599004,0,3.85794122060228
-1.0261717247530286,-0.6812429980216775,0.411238482159593,0.8666784224986636,1.2499206880778981,-1.068872093087779,-1.4758252767907936,-0.3950605378849507,0.04816728396597391,0.9449921471706452,0,1.8320478372111213
-0.46755686574012456,-0.6742045278385566,-0.45891094810164407,1.0589219094238653,0.5561004462007537,-0.5192282385383327,-0.29696387019332676,-1.1486888277411698,-1.2984045831757913,-0.833397099412641,0,0.0
-0.331355238757414,-0.24666346988615276,0.08875347691869385,-0.27772593858348854,0.18657932215589748,-0.002142716305473431,0.11106684818577223,-0.1663065992488735,0.2289485748167829,-1.389809413648855,0,9.17477197355382
-0.7522732313582965,-0.8504734577610629,-0.6763994826278887,1.215640660100194,0.8043978009467274,-0.2971734448983063,-0.4096808984046444,-0.590850435394327,0.26451772231468207,-1.9051257377615116,1,0.0
-1.281971872225312,-1.164737331545146,0.10618357852721448,1.6638457629679018,1.038022896717726,-1.1205388831038385,-0.4175853545608428,-0.9685559358716603,-1.366337395714491,0.487089717364533,1,0.0
-0.4362633888070359,0.04711576528340557,-1.39231497128722,0.827630862622042,0.5494866219597964,-0.6751128526641839,-0.7457114727389856,-0.8172517951104759,-0.6638701553542706,-1.1572754296571477,0,0.0
0.20561989370611963,0.3904909002563711,0.23790265236554844,-0.1974636363611397,-0.26658289458618567,0.332940476244565,0.3788762211413118,0.29658179275177476,1.3770361213774929,-2.22829796871299,0,6.553000859671387
0.6220355711163053,0.7610261007846464,-0.4424182595614818,-2.009485812567044,-0.7717922179947373,0.2531610171597594,0.9108414844388676,0.30430048847671903,0.2945465524546421,0.365230933066287,0,24.318837869380275
-0.5382545509737302,-0.6367202515419798,-1.87773543275145,0.12209092276920908,0.5340952923983778,-0.5289606740138183,0.0389826824601614,-0.8278321427230418,-0.7676428668619063,2.512759010339065,0,26.25435248068305
-0.39284711238988473,-0.8154386186381045,-0.1373091918497663,0.003351880232547983,0.3821873742212919,-0.11675050515932046,0.37304328047202784,-0.3740097872461798,-0.05122567445316237,-0.037502622397015184,0,0.4986082311891326
-0.910041175171376,-0.9266879143525533,-0.6602511016754363,0.26935793170753813,0.7030683241407243,-0.6350318460814791,-1.3139857080199224,-1.1043467117239651,-1.032372097845785,0.8243591480007538,0,2.9843450477671465
-0.008693555199628104,0.3662719567370631,-0.16599582182005584,0.06260479407623679,-0.2278570699505956,-0.10323838244403469,0.21358247849864925,0.002610999343067217,-0.7180227591323172,0.05219820544373317,1,0.0
-0.831239203836056,-1.24940231407209,-0.7414006251738174,0.49577339523766084,0.704169616158825,-1.180631315090604,-1.5834970762018452,-0.8736222596525082,-0.37374247306592967,-0.1322226722554463,0,0.0
0.5999849696859083,0.26746009987062136,2.355592660311995,-0.9692937547075317,-0.6334549147647088,1.0195352856790345,-0.04718483014792123,0.6817438872850932,-0.2087304504649494,0.9065955820939775,0,21.1320181935984
-1.7750523922610035,-1.6561394689829538,-1.6144524859862297,0.9828566829006691,1.9865897199661398,-1.887210983680721,-1.63471906817809,-1.9176844961638233,-1.9830453076464798,-0.3275279101302202,0,0.0
-0.3391160163987,-0.6129771924362626,0.034021503869558725,-0.09091382360967,0.7071412426260621,-0.3653365071371641,-0.9335819117098365,-0.7066000717194574,-0.18965879523570967,0.24156225074811755,0,6.134942341700555
0.32611453783933353,0.08381357701691113,-0.10575879541212103,0.29755751716733786,-0.38638468498133494,-0.021386711146422443,0.45403528650167085,0.09705916779821466,-0.07567840197338835,0.2969801418989094,1,0.0
0.2080441655436603,0.08189579495252858,0.35951430163764997,-0.5403666164859194,-0.11828489315283426,0.08907605791985308,0.5599844630187779,0.2785104519253026,-0.05144260070067607,-0.713083037728175,1,0.0
2.036561033833377,1.5530358451224477,1.5573514658672303,-2.009485812567044,-2.102800732924804,1.5223569648725412,-0.041461700425984876,1.4376195985296811,1.7017302290721203,0.9810560886092434,0,29.261446814169503
0.37513837260154753,0.07602489112550659,0.07728003521173411,-0.5785291624162167,-0.28922437641244997,-0.4634535614107481,-0.964219449149387,0.11699167798409611,-0.2614734691403945,-0.2098510032204687,0,7.767235879173911
-0.9879235480816757,-0.7259859049820694,0.2764185516213678,1.0328943668795165,0.7779754790580902,-1.4402314570409316,-1.7960254636499176,-0.07513999931213182,-0.6056456702452527,-0.802533271169333,0,1.464365408669328
-0.07315405388093875,-0.4550953459121534,0.6522025618719057,0.2952887907542246,-0.06306362950169973,-0.11471679885324795,-0.4403316779174282,-0.40294258869667554,-0.2815797441918681,0.5161924101145658,0,6.614943823736097
-1.7653668089857848,-2.167702277357597,-1.370975905292658,-0.07407993457313418,1.7219326967041229,-2.016404238846749,-1.3964586357449742,-2.341514503331875,-2.1988524258165185,-0.9481796417570219,0,0.0
-0.058188465559734816,-0.23609960820445447,-1.4109522119261806,0.5807151425199427,-0.18231687251901682,-0.7140425907740268,-0.7866393387230949,-0.4754877860884644,-0.9679371732202364,-0.002548930749189794,0,0.009657397842866
-0.8157620807689518,-0.5520599608743336,-0.8804870591888008,1.4618045242138844,0.8565106670755859,-0.4925436015046194,-0.8323033755759933,-0.7548462069697257,-0.4695751254472696,-0.040613144775543,0,0.0
0.9445750917629817,0.8575846638950197,2.4056100652440087,-1.3895636988087214,-0.7450631858900862,1.4123838722934796,1.9591902781430093,1.1595234333342748,1.2422442383380503,1.0768318033915405,0,30.72513711607063
-0.5303181632330954,-0.6394533108560561,-0.5661360474660522,-0.059376939570772266,0.3955051522289874,-0.1298594265908894,-1.6552062036482857,-0.4050852006809998,-0.550103463142553,0.45311464432855847,0,0.7108409439789294
-0.0946005910506071,-0.0673307751522157,0.5903245348192799,-0.16457259008150396,-0.011438411275644694,0.5612840378564499,1.2218339671689251,0.3573845971019862,0.18406570809361728,-0.056846967132332366,1,0.0
-0.616920718613001,-1.109636625453348,0.3592522932585309,0.1305108577357757,0.808234175473796,-0.44718856648617683,-0.7655311493194813,-1.2375838441162377,-0.980367215863322,0.8032101505657975,0,6.185752259359924
1.7736363650414484,1.8625819123903924,1.6119558731097667,-1.4414745542361278,-1.630135394451721,1.5556104266902593,1.1766635700494135,1.62378599309831,1.9844742487352531,1.3873773430862486,0,34.33364841539266
-0.3004680482564712,-0.16256773412633432,-0.7399502982589921,-0.7746291443737117,0.13053539732310357,-0.4292764757822822,-0.7398349752365784,0.362898584691488,0.1904652965195205,0.5379291936646827,0,14.83116697002033
1.8679793306646644,1.6800663559742073,0.10772487801111678,-2.009485812567044,-1.9815798281604455,1.0508879757377958,1.8219834570087547,1.4545112208325306,1.6203111963309036,-0.020742669786148533,1,15.279175538541727
0.8426480750826266,1.1230953208109407,1.117490692166343,0.0666363549658348,-0.8023432692705548,0.9657765136616735,-0.05822733435159538,1.2347604388760385,1.3536065535931867,-1.3700153681016862,0,17.749293496694442
0.5083045952266352,0.15755542066096684,-0.053323030210493366,-0.9438664753544872,-0.5470626280972692,0.31036339569165355,0.21693782021516295,0.4747416576867003,0.7798391805799145,-1.1182389095205598,0,17.16471921400945
0.39420025579897866,0.7293516315803328,0.4428468324423044,0.3024250707073041,-0.5882192985041977,0.7463520266729353,0.9101102714273269,0.5897367953061327,0.5422012957746859,-0.34278431084331407,0,19.67138523891879
0.4194348630633394,0.45951279633599695,-0.3863775343986635,-0.18851447389750126,-0.5673944264909178,0.37451698822687735,-0.7898192469524117,0.42382115589913794,-0.00014929247045890621,-0.6533048635959542,0,16.874698944756105
-1.9178228750107655,-1.9330443531531183,-1.7370230055939062,0.711414906902673,2.17577547017486,-1.8736688893347198,-1.7960254636499176,-1.633700945972678,-1.7432430873060611,-0.22210859520274362,0,0.0
-0.2578205985233853,-0.24345765448626283,-0.18260910558075158,0.5512368817391962,0.2825897559281245,0.3586905355487033,0.15207765621631816,-0.11113339475962633,0.009125463400090834,0.026502993804906463,0,8.398961034126843
0.8738651512844047,0.8167750708460066,0.8956133928349704,-0.835421251957166,-0.09769486097243171,0.8436741077647962,0.06666274367806997,0.7705725953846119,1.428648397954152,0.5092356789768543,0,25.620143869478976
-0.026270296815875786,0.35352608192447205,-0.6753932878677464,-0.22704626835247493,0.12420251992065821,0.32640740445283484,-0.3099691866055278,0.10816096630036034,-0.12573085486046817,-0.10325023565275503,0,12.093402317026978
-1.3917868400627165,-1.651541988752445,-0.4292139555105304,1.336224565291024,1.7883159478603938,-1.676920911679996,-1.6443054617071469,-1.4769280114856052,-1.075782360185819,0.4651598375022501,0,0.0
-0.02980141615369816,-0.24886916867523512,-0.36953937752078575,0.26710455478855694,-0.1572274801858682,0.1364111554435306,0.4910237105053596,-0.2863571147969477,-0.4197768734407301,0.03448776133668453,0,12.901368620513406
1.738654229842608,1.992608982785273,0.4541155931270974,-1.1555397089759805,-1.600190925060841,1.6444978676329491,1.0766363004676134,1.2256291539475186,1.1759585517322566,-2.047239570952672,1,7.745573558103419
1.278331007897024,1.0576327700634576,1.0057947507851643,-0.5047202867321308,-1.4910970821714236,1.302778890174128,1.7248099020831213,0.8109464514451102,1.3677641051646081,-0.989884185860786,0,25.851653965999063
-0.03946625965544938,0.24425899816777832,-0.0011970910081676935,0.2404429943118625,0.05592553643770537,0.2296748786326373,-0.5079842225185579,0.0675787510521884,0.34916099802442296,-0.1783464130541374,0,18.578517017426595
0.9808793234451798,1.4653334922788384,0.9199399933743597,-1.593120122142969,-1.0557362978686256,1.0361076873186628,-0.014380814826797083,1.0994540201226244,0.4945280981316746,-1.2657816023040047,0,20.766709162815587
-0.34604013580619447,-0.4435436786681068,0.5362368833353768,0.042836540477988475,0.19535566019111522,-0.35569597631122896,0.9219667564180271,-0.2831106158176551,-0.5222770655168849,0.5809103752297199,0,14.982713533328305
-1.6924998559144282,-1.409179204703424,-1.5330616102562185,2.170271784826543,1.8801400875945498,-1.5422981525824992,-1.7353154764949255,-1.5753956365250956,-0.982466336713994,1.530799528812072,0,0.0
-0.907793672879027,-1.2100821618271413,-0.812870160643633,1.1663913537227675,1.0979395008575779,-0.48142853628263443,-1.2939366818506266,-1.0133443330691683,-0.9128461160723352,1.2124197352878134,0,2.648684065770375
1.596477094740313,1.7710296877742604,0.6768398930308589,-0.1539518446370811,-1.8022574170349444,1.2549682284634704,-0.15532244077375704,1.631400956324652,1.0384272059032493,-0.24912240934148497,0,25.23025517994126
-0.25289702814868903,-0.17248025911637602,0.290572668341257,0.9482457629245951,0.2249371596412697,0.27385884802057986,0.8811834768750986,-0.2297570629119811,-0.5746468075456512,1.489954963530411,0,19.808404457123626
-0.22207975920272263,-0.06023091514116918,-0.06319940840941171,0.31222893657034023,0.08162224792973334,0.2395349516937645,-0.07142908398452057,0.2752270152658947,0.514538558978707,0.1204054222662656,0,15.38783761452762
-0.27891791013953193,-0.45273864111402634,-0.4706169361587821,0.3933753804644826,0.15577642541692488,-0.3994907209059,-0.5368520875793786,-0.2120220045461578,0.18514751103045046,-0.37529822691986026,0,8.076440033681067
1.940045675187421,1.3711024325366084,0.483828493201261,-1.7244568025376215,-1.7251778546648928,1.3942805079947653,0.9917946784258911,1.3118900730316636,1.2205526523211607,-0.6572750175701096,0,25.495381400031476
1.659976169270837,1.7560283750681003,2.2483245942041705,-2.009485812567044,-1.7826768444372427,1.0843266237270441,1.5034148119098265,1.9903967278285501,2.731389448420542,-0.3399728589205982,0,35.84668460402696
2.036561033833377,1.3422347075083292,0.9674570144224081,-1.7799701738895533,-1.5657532119540978,0.8684530313711564,0.5485006016782554,1.383095909388977,1.6118965953713895,-0.4274356242724009,1,3.711033250856425
-0.1371674188309347,-0.2174754361805492,-0.45519961578821866,0.7495501276455552,-0.06275422371937928,-0.4234391166011541,1.13921979080171,-0.012028507969571915,-0.134741576111971,0.14259969127846325,0,21.06073824958843
0.3205943996060893,0.6022657261361121,0.49044751197930025,-0.6063266553278192,-0.30245885275301426,0.359794581609788,0.33701271232546676,0.9105614412213373,0.4818930062867337,0.13255584051624833,0,9.12035306945278
-1.5039975106120778,-1.376048392603262,-1.87773543275145,1.5224659809416097,1.491562296853621,-1.4705017241773515,-0.5540596255254212,-1.1997888220200315,-1.5463390012300864,-0.028198938580758733,0,2.7024558963888725
1.5099381937562033,2.048525372549727,0.37239045024460427,-0.8796135616023618,-1.6545349940029372,1.450926862886068,1.6676473840682193,1.5425689706971941,1.56048253926409,0.4145811003584088,1,15.523191456090588
-1.1527619637537847,-0.787082209866632,-1.87773543275145,0.5177023577863463,0.9778501051384196,-1.635183781506247,-1.405594691813876,-0.9408843654528514,-1.1029502954481183,1.183728236141958,1,0.0
0.24120923857513094,0.044166981475135175,0.6408438539953711,-0.4586261622533827,-0.05708605733977519,0.46655166306474727,-0.046128989676349146,0.6029033813348875,1.2148062344968436,0.9376975417694867,0,20.08781342582127
-1.0818056397283575,-1.0203848343066313,-1.2108471243366659,0.39854349252147314,1.1530292051942999,-1.5242207893474882,-1.0743726817564951,-1.215106838127967,-0.5565339575925287,-1.5466221177767263,0,0.0
-0.5699121675304564,-0.5514317945543905,1.2837556763041205,0.05449385533279499,0.40839824428596344,-0.1321229091716759,0.18036930374903604,-0.09606435267084061,0.1399636168779005,-2.6375432596148234,1,0.0
-0.819997061541327,-1.25522591464463,-1.2615901526069828,0.027331412959687638,0.7389437757853627,-0.9339840060434441,-1.1821066466639136,-1.1859431294117309,-1.6073472021173187,0.9221512582247855,0,5.11757897604955
-0.5890498740919857,-0.8395915374371579,-1.02666522628851,0.029889356845424382,0.34836946310595873,-0.8859102372158574,-0.660467781350933,-0.6077586915618316,-0.8634545874756266,-1.426185329440118,0,0.0
-0.5198297439299872,-0.6584383681660367,-0.7570031679325184,1.1942289680933424,0.3205918864651491,-0.9435286228723491,-0.00924700180219245,-0.49613248350344713,0.028820997354457267,-0.260676872138653,0,11.655849868533409
-0.5290380364792205,-1.113016557897754,-0.28260385510648706,-0.030495914758662597,0.4308341950254943,-0.3775354790140271,0.9978408614113178,-0.878552030508925,-1.068592298831018,-1.2253890897537227,0,0.0
0.8619606787755881,0.8520969892149389,0.44528361306250114,-0.696125354844151,-1.0669010602015554,1.0879198192194042,1.402846477135289,0.33965181216054674,0.7648128170384151,-1.8701997353023656,1,0.0
-1.0894173210377716,-1.111189497587568,-0.5270605849184514,0.6771229350808137,1.258869576834713,-1.4458425075947872,-0.01106698402083913,-0.8720576360255139,-0.6489712413485595,0.5212467501235553,1,0.0
0.24500071272241902,-0.2600311186689977,-0.3692826457102292,0.3987392828050677,-0.18636707590015492,-0.1271828110828769,-0.5593670957741614,-0.5528360111054241,-0.5084959270240316,0.7433984153506907,0,15.817529307688265
1.249201679990045,1.331686975034392,0.22295791710508844,-0.4090889880705486,-0.7920208625613315,1.060295668779769,1.2807212751541623,0.5790333336630351,0.23213494477189422,-0.6196270500261943,0,21.98940651414509
-0.4937270853593809,-0.2477037090494299,-1.4703550741019662,0.8781884697866846,0.5177069059723316,-0.20065223340136742,0.6650666803774885,-0.9823862492840586,-0.9732097561387288,-2.6754248102834004,0,0.0
-0.6998418892703892,-0.5932912130905276,-1.87773543275145,0.7637610224948074,1.104195561315968,-1.0621831065959217,-1.4982706256571712,-0.8920240869227022,-0.7819728269872722,-0.5887411268131423,0,1.7335500301662252
-0.2091329510666977,-0.2886054493377989,-0.47121448943515126,0.05125691056610154,0.15112571712113979,0.05027964547315932,-0.3203838980088628,0.03586385744196704,0.42843684562935824,0.36852240336565406,1,0.0
1.210707714504677,1.3512874300509705,0.8352913920531206,-1.6969719637960141,-1.2143498321505406,1.1999402128142886,2.071173990101944,1.2707526312223096,0.8006360444781778,-1.540513092102877,1,10.371955385232454
0.21838714560864533,0.4252908254866439,-0.184378972781259,0.8257182954162863,0.42797855046032135,0.4652263691364912,-0.30055834522702224,0.22404876554072098,0.0667900293553544,0.15580852864920097,0,11.410614291711855
-0.5118675518559707,-0.3885205823107852,0.3279789529347574,0.03675674266960189,0.4991153294521872,0.004245581497053044,-0.9164736389529387,0.14709909447942565,0.12108414256766356,-0.04693081133470261,0,0.482784784137829
0.5101268280157943,0.25080634877887215,1.166069062902553,-0.10500244378245273,-0.7360065610924414,0.9593319629969518,1.7373783014553392,0.08789574834680904,0.33926501663104625,0.559850409783194,0,17.60301773655541
-1.086829195372177,-0.9498986615912811,-1.089584124213271,1.499778383901855,1.1231896098342269,-1.374202640498327,-0.3872001356677243,-0.9119279617290978,-1.2501188502488583,0.09072251069885867,0,1.3195766402937616
0.7089527293948379,1.051987283601855,-0.47074606804870633,-0.9223333328974523,-0.38420516496393947,0.11860905990598934,0.33452008609328143,0.6332254157498524,0.023508421858755593,-1.024308734210039,1,0.0
0.43434559251347876,0.24691569012976727,0.033247834474079856,0.15888461769858478,-0.296305676601447,0.6089047085589695,0.4235889824955433,0.3121916718755399,0.5423174335116817,1.1897748359485967,0,28.494200969973196
-0.28694238927687676,0.3683713776978932,-0.5844599580981498,0.6447362833341912,0.24333673489162574,-0.17159909660660624,-0.4711163114047237,-0.09813599842315068,-0.7402686672631473,-0.19308426205837562,0,4.279204211214529
-0.821329428900512,-0.9373226502324323,-1.0616486660566462,1.6206240690406881,0.8222376768391217,-0.47893976441486763,-0.25218170402398427,-1.2629466352322651,-0.6703127950179921,-0.05917120208487991,0,3.5292293417021416
-0.8697516382241635,-0.815233867940525,-1.1259873856324625,0.5028327643170987,1.6943675900064268,-0.813423629278188,0.32143552771687917,-0.8584885082278573,-0.9001502056241942,-0.983692465186836,0,0.0
0.5614139507645399,0.3460092187150886,0.0868666077836978,-1.1791094268697822,-0.7712736385966938,0.6286570753607027,0.6253007091206653,0.784560780730691,0.07460928714917264,-0.48366984200955593,0,13.383808868526488
1.2602979842106588,1.2876789344511057,0.8253923771133485,-1.3779238726988268,-1.2198357269987485,1.385773252066547,2.5032093280009526,1.4214082097155945,1.105039228913886,-0.9342344533077839,0,32.089233571855104
-0.6186825250017204,-1.1102752522878045,-0.8807757574611357,0.6414659348744776,0.4407004538403916,-0.7120250343015174,-1.212959088581126,-1.1696577282030673,-0.9502462837517113,-0.20779605768631246,0,0.0
0.484463528253657,0.3103208578357572,0.5368577032518935,-0.40222300406150496,-0.478238628775731,0.5702632795191024,0.4089785198102152,0.02797806581290161,-0.20969816211242345,1.715463930815646,0,23.98151178804149
-2.078261052498465,-2.3153528682523157,-1.4970519807634286,1.5991534736370812,2.0119607146678113,-1.9845308982272902,-1.7960254636499176,-2.4300090055187007,-2.1988524258165185,-1.4313106542020941,0,0.0
-0.5656341741813767,-0.49212768651420147,-1.0008107204040626,-0.523164666257528,0.3496018163204086,-1.0499549869621416,-1.6115125427654906,-0.21622849308469297,0.07429419442920743,-1.6779211015106084,0,0.0
-0.008310731775199944,0.3025457494315497,0.7619293644209613,0.246130257175849,-0.1810919300047326,0.5258416839407797,0.2855731535172133,0.13990638148044388,0.023531213700779877,1.469998571057276,0,21.97801678886635
-0.8929105683694272,-0.6521024804213896,-1.3135159735151476,1.812211842203698,0.8593101862900552,-1.0239637640253307,-0.6095380508385788,-1.0269490788675306,-1.3639351650634481,-0.2449188375937976,0,0.0
-0.9199159438430345,-1.589669812686046,-1.716114978180728,1.039587621739548,0.6897656352214783,-1.3183786920409097,-0.7805343208265116,-1.2633217709735645,-1.3173985129041488,-0.7140854439676659,0,2.846038403084054
-0.6493615672306783,0.0035017887436122235,-0.30029369016801444,0.8796161993980599,0.46485911258441814,-0.33385226311815613,1.099168273949058,-0.5810981949103073,0.013896161240776047,1.0298988432916107,0,24.65487574177823
0.31713930045702243,0.4038211435585204,-0.21338461747517945,0.015518269223840947,-0.13083188269586377,-0.07820441077144841,0.1946789803338698,0.6059486747603506,1.223390745924269,-0.6493283815583092,0,14.65317718531599
-0.16564357945827474,-0.38352681536302996,0.06525453359747192,0.34486782596103344,0.011670519375519516,0.30813344286445304,0.9581905280523932,-0.33105099983595193,-1.1561814095272624,1.8321065218953911,1,8.851864198751736
-2.230493577376922,-2.0841267785912394,-1.87773543275145,2.170271784826543,2.0986290880855933,-2.1416865679860444,-1.7528832865456263,-2.383853373687084,-1.7950321356492593,0.6605052176656251,0,0.0
-2.112163190899885,-1.9647484955067476,-0.909841233601619,2.0452524732335635,2.490655239881078,-1.7420494780865927,-0.3738702228694447,-1.7824401968580312,-1.5916594851455568,-0.5292131869918022,0,0.0
-0.5880329218985559,-0.7559755298842139,-0.07565334583026906,0.3393257804106041,0.3929308847638617,-0.320988880158796,1.2585102390133223,-0.7430215278033069,-0.3347321283484971,2.1701913725742923,0,24.42283973549388
0.48375864939418123,0.534393959900627,-0.48248946821826044,-0.8525992457411441,-0.601588551785069,0.16701398903769596,0.4387040231091174,0.4018685232565649,0.12844128807231806,-0.649429800601361,0,12.588273555134148
-2.7300926393472187,-2.5659123691526675,-1.87773543275145,2.170271784826543,2.662677641674837,-2.0661342340505766,-1.7960254636499176,-2.4300090055187007,-2.1988524258165185,0.7259891726808115,0,0.0
-0.480169316096419,-0.5731086869359479,0.6099380951350273,0.5759871735730064,0.5573678605470983,-0.22863429457881915,-0.5897442722126847,-0.7653806490283404,-0.49660825869329883,0.2741159652669228,0,0.0
-0.5068673379961538,-0.6839110609628959,-0.8487933113373817,0.26658849809192575,0.797537873935496,-0.3398499618057822,-0.13844266336677605,-0.7721578048322221,-1.1307544435609087,1.2970989319293795,1,0.0
1.4207390174515129,0.9414725803136668,0.6915228595325086,-1.0853058299766751,-1.0552132377899122,0.7881298858042667,0.8979708946438956,0.5383554475240875,-0.08086743361617392,1.5621899915160746,0,24.48454790504219
-0.36468084260913475,-0.2960027783326362,-1.642291055916705,0.5410567351051864,0.4656240322235864,-0.74496950913315,-0.19789299902285837,-0.6442425931650075,-1.1632191446051006,0.0013523714843024434,1,0.0
0.40855304437170054,0.5792106427330286,0.14059790856598506,0.07328183167564749,-0.5829794285112407,0.46351985732535694,0.6349175843476269,0.10045596941031497,0.3228032948400844,-0.8001583096035427,0,10.423029448039062
0.1651772289384967,0.3242509322078579,0.012199626694961866,0.523376755814157,-0.3995328315511356,0.11790936853832282,0.056446205775215204,0.04792655449252736,0.08251155989544696,0.43808690371711284,0,20.047264756901725
-2.1220966170245696,-1.7798139425489783,-1.321672334099996,1.886374668461559,1.9489032571464466,-1.8180922609405372,-1.7960254636499176,-1.6480022628374564,-1.243937985332096,-0.7229051115627739,0,0.0
0.7963910697694806,0.8727731173523339,-0.16285782353756853,-1.3960497654670547,-0.9879375169001544,0.39548251420039,0.540725915730346,0.5828083088126086,0.8010184318006078,2.023322315658169,0,27.26464692541172
0.23982080156420735,0.07944015888215321,-0.6965301479400544,-0.4013429637965966,-0.18755286031966653,0.02128339403146862,1.1836848974642031,-0.04560925588241696,-0.23627023424796093,0.10802478048560404,0,16.61025975486384
0.5346847016234761,0.7771645436365626,0.7231509607776314,-0.45358741331107755,-0.5132904301068212,1.0666227937870472,1.4934963440608509,0.9350350343980909,0.8130129955061147,-0.4041121875078294,0,15.88993519882184
2.036561033833377,1.5554828148739939,2.299581957860006,-2.009485812567044,-2.1799592641829086,1.5933499194747927,1.60753302545841,1.5206397428843261,1.2127593549106446,0.1571559616530312,0,31.141915542963527
-2.0753271553155637,-2.254698761589949,-1.87773543275145,2.170271784826543,2.2147915403538905,-1.653431472977224,-0.7246905586384933,-2.2070730628716975,-2.166916142278522,-1.406028310273561,0,0.0
1.7593853996014273,1.4081627232731961,2.1143822025089283,-1.4720744934076109,-1.8999784715130008,1.7360050128919438,1.1329687882924209,0.748967119239362,0.30556326962092906,-1.02282402947628,0,24.12370041721929
-0.2664429667061176,0.08055209198265785,-0.18747815345966215,0.4246811330699797,0.15030937646968193,-0.06015777236051543,-0.4255011810815768,0.03429352445393333,0.16411801063383244,1.193695950455613,0,16.075935008718357
0.3122423986228054,0.594731584861591,0.9208029041856345,0.4385207530577993,-0.29062044403875426,0.8287724875788268,0.14512820602237486,0.5389802453101786,0.9147146190236751,-0.7016575195164831,0,15.42006707534724
-0.02286233834357539,0.13536575320120406,-0.049790578144631725,-0.3222483013734577,-0.08946426918095501,0.28087861769383354,0.10338496326790624,-0.1632040357633158,-0.5078029976097914,-1.09966336363672,1,0.0
-0.40416205455138143,-0.054139353760286335,-1.827780246923711,0.6467822516113659,0.28899862521076475,-0.2790481835522156,-0.5482065668842658,-0.513845084300657,0.023497458604469376,0.5163382464325371,1,1.3207848629988126
-0.5507488232266229,-0.7843520531968237,-0.5361570696318869,0.4138183691712245,0.31183926515884386,-0.6885093341068105,0.1810783358854903,-0.3895994656178197,-0.34088879695170915,1.178684881145309,1,0.0
0.3547090865370506,0.4560018053409735,0.9371325955300924,-0.4167437358043853,-0.47057866189479103,0.4022641382184777,-0.025827220867511314,0.4695462066489309,0.5124428794510766,0.7023730670823383,0,19.66004110509232
-1.5045322700910588,-1.472349392901489,-1.769103822977395,0.897740856826604,1.5701571209925669,-1.6125387236909263,-1.7960254636499176,-1.7957638151044222,-2.1988524258165185,0.9851434705795005,0,0.0
0.7786431357610912,1.0135916779772542,0.4252408554292509,0.1893154986394355,-0.4270297558644366,0.5261155123580888,1.6537130496575791,0.8217876676883393,-0.0035553286576084594,-0.8036047070961263,1,3.502437720092738
-0.39606543446286374,-0.40500441851546676,-0.422328499235221,0.13837667853841615,0.26966780747182645,-0.14253086898374717,-0.4557322718070248,-0.7558697313624518,-0.6640525762609629,-1.4822425295931918,0,5.3669231746648745
-1.1147952917821933,-1.1766038316013374,-1.87773543275145,1.3340984189301253,0.9778202225216769,-1.9116617592740681,-1.5076959244948718,-1.586854492684727,-1.1725920642644054,1.5007797640156995,1,0.0
-0.43011388022834,-0.23947963988259055,0.6508877066723565,-0.6235587741469563,0.46251491267153233,0.7478981719409411,0.8616910828639266,0.3974347187044141,0.05821243225288939,-0.3605969980175357,1,0.0
1.2886582684760024,1.5121508470324185,0.5419666215835567,-0.5128299774129937,-0.8342357308028384,1.4369755497747896,0.3886659021677479,1.2115484266210164,1.785279990632564,-0.28727845827429344,1,7.1109076419190576
-0.5160163689641082,-0.6872780258894498,-0.11524957341040516,0.9970021948323807,0.33483386337667626,-0.3394879362230031,0.4842706676039357,-1.06801791122566,-0.7097071094913567,1.324093647203594,0,3.901952305787141
0.3838508176333497,0.3602218276076841,0.2775583603486447,-0.29357929935294874,-0.48343005404047806,0.6057390132532053,0.8667085043065352,-0.14187570905656935,-0.5193752544880699,0.5363165257557444,0,11.204006240434811
-0.7129679389318273,-0.9942368653078186,0.1697358629547709,0.49378491221466275,0.8280707149242515,-0.8574960671085902,0.27140924472202627,-0.607494348098015,-0.5820616013059885,0.43391886820638415,1,0.0
0.7860357543032616,0.010182378795578225,0.9047541062668439,-0.48534542916932044,-0.7927026840822655,1.0658110627641657,0.3837336388367392,0.5276474404280946,1.4869182393139646,2.178043111556898,0,25.359685415747588
0.713129169028035,0.7554015202291668,0.4621690585728496,0.5755989257592383,-0.9146935539698242,0.5192858774235036,0.44483832614343427,0.15432178794484072,-0.37654167444742304,-0.6880074746340312,0,10.05590660972927
1.8841402855505474,2.0031864370284818,1.0403212736196141,-2.009485812567044,-1.857309288924906,1.5509571390480466,1.249531709639915,1.8949530945517254,1.9687834623071323,0.9155387425530351,0,39.17889658488158
-0.1537984946018886,-0.05840241346130371,0.35919252777285604,0.537773193309588,-0.04441738794971362,-0.31696802952756403,-0.1315088410943912,0.3764988436071864,0.1892639250553062,0.02687363362930424,1,0.0
0.6961616215026675,0.08958780309616125,-0.5287590491178347,-1.0992887626388226,-0.7579742233345038,0.11063354517630981,-0.9035445678565047,0.49934880880986454,0.7355620426760994,0.24278679573594417,0,14.31575997155938
0.12169390440258937,0.020960643643069158,0.49698539987358414,-0.12641136841273845,-0.18598276669078312,-0.029212651281235506,0.003916573345171449,0.25103060039195485,0.7273147479913088,1.5284703698539654,0,15.217861720740826
1.3276441780327584,0.6147308929088738,0.4564392182627125,-1.3007747847631388,-1.0536191945622753,0.6280098529898749,-0.46205573492011054,0.7703121197666445,0.5423742421657121,0.4869309600177156,0,19.30919207556348
-0.7007615986441853,-0.2489746172251217,0.1766743098142499,0.37679625737320876,0.5886383931934115,-0.16305353937892708,0.056011583760515765,-0.7157359640606471,-0.23264379666799928,0.5180152350165368,0,0.0257699946678524
0.7730313744263264,0.4242629720908,0.7480526248737622,-0.690692558685221,-0.9239346583542155,0.3088354093747762,-1.181421135753411,1.10541881701052,1.915167079875318,1.0631693290836741,1,3.6114036507678686
-0.17306196737756116,0.2231881254533237,0.25157275438808313,-0.457084587295549,-0.012417777516000258,0.07052493819935074,-1.1954641200663962,0.09906211219559653,0.09331199601254948,-0.403735810757313,0,8.511278430213201
-0.04166528149358382,0.2558436996881638,0.02536639482291594,0.570257442857059,0.2841027842238611,0.2697954684172351,0.7103975826070235,-0.11656845189411771,0.18510411082549083,-0.8877074741799967,0,11.32296139209232
0.11533590186313586,-0.15122103059299702,-0.938100079730467,-1.0575909773807932,-0.31256545632575605,-0.6301057741501929,-0.9167866253970444,-0.3519836204457178,-0.5849719877043587,-1.097518521730751,1,0.0
0.2769152605979562,-0.06622011917626258,-0.27255868051212123,0.03341982422879242,-0.3845872294773739,-0.22609703923445107,-0.8742555727446474,0.2809618420675135,0.24702259822413158,-2.0379429843129264,0,4.224856000541664
-0.0940600672117528,0.02563430784754724,0.33391869425419907,-0.09972594016900146,-0.10281471335120272,0.375727893435925,1.0922608548800874,0.7085255025996023,0.5548474836811464,2.0670193247427897,0,20.166399956349636
0.2391328321378403,-0.015354369415044046,0.3086318024644746,-0.8367497698309154,-0.1293617320096685,0.8495899504570285,0.8641139009265978,0.17300702300681078,0.4621979511266649,-1.1571139477920152,0,7.613828204835054
1.6118099551968872,1.5887077726011722,2.0513449012244895,-1.3114117679431219,-1.671541623139143,1.801718929990107,1.9981631398694655,1.9968752845667697,2.3339913045671397,-0.2570931582204851,0,35.17806593443781
1.0151109621004692,0.8389403542195524,1.0930043897814936,-1.7187685696665642,-1.1364659969993323,0.6958087549672063,0.4159843989456877,1.0055251935210587,0.8732587104408556,-0.31379092438204237,0,28.390023874501217
0.8980249689036426,0.33428966901920376,0.17917603893272133,-0.7734446395839604,-1.0181358194338406,0.2637201055901462,1.920225352662616,0.05290915911143954,0.6690444407965052,0.28239629304619857,1,5.990753836890148
-0.43567813403977024,-1.0820554844690646,-0.8247625694364095,-0.3799845389674283,0.6321626496933862,-0.7891703076971789,-1.0845175285569413,-0.5266066112219947,0.10874591902528401,0.8011394998946407,1,0.0
-0.8723289535863882,-0.7590174106596286,-0.6507955447987929,0.9964234508374388,0.8004128545581506,-0.6640680082817725,0.5510779126077235,-0.929430502502201,-0.5431736145693332,0.8467921579765054,1,0.0
0.984756796431445,0.7860101939847561,-0.5521884050708193,-1.3582487440874307,-0.9111577497626471,0.5918926513525294,0.3994576226031815,0.8807875088638595,0.5879103792467483,-0.6263286077156356,1,3.184434747882136
0.9049640414347772,0.7119521329236529,1.758946583525862,-1.038588137629677,-0.596280503550565,1.1142284397457685,-0.21327742691220664,1.3921333906221727,1.0124908730047344,-0.2018524050718077,0,19.79328558179976
1.5056454464604092,1.6660295581797737,1.5226053376389506,-1.1702793996808474,-1.1737371040275313,1.755154973683544,1.7060104348023,1.7864477524545364,1.303333690081767,0.25706099219839507,0,40.62087067204138
-0.58512875273998,-0.19723489958800072,0.2574834464647236,0.09399291321012423,0.4230993164595807,-0.04306750353210936,0.12569620183104627,0.42289841957634683,0.7456893311633536,-0.28509269331240583,0,7.818623884852494
-0.20815034386780812,-0.2720967194480985,-1.1038687875138413,0.14178725049740207,0.6755698422787235,-0.11154281361533545,-0.8219975248818464,0.09562081210067583,-0.4431652351377115,1.6089632467298616,0,12.778594281065192
-1.627674545391385,-1.655669095830078,-0.5963594896881693,0.6138056095405613,1.356786059616762,-1.4145066067725394,-1.7960254636499176,-1.3611044420413572,-1.0164598296106908,0.46972477699024107,0,2.811563397633406
-0.3721807981443589,-0.19616811765004988,1.0328701883420792,0.6488369115878501,0.23203180223659123,0.04751127015541037,-0.02180620701270839,-0.10683625540005456,-0.5692263367649427,0.7186237409826631,0,17.64035734578282
1.0263074176102474,0.5856229819319057,0.07436993463871344,0.025288621896139174,-0.7179606306919759,1.0105026426469086,1.0101489455413475,-0.09138604148745617,0.24019182655355914,0.6451524398771391,1,0.0
-0.4467084958491209,-0.35140758190681787,0.10059492643758915,1.8550922794555826,0.2693787949064461,-0.5629451361411162,-1.7960254636499176,0.25384064180171084,0.2111064685702091,1.1662040573607633,0,10.35238779956548
0.6677949992414449,0.8180380227759789,0.5653063868633403,-0.5450561796471608,-0.822907548246147,0.5437737034329624,1.0875731419808612,0.6252088422425253,1.1089338783596834,0.153422268356148,0,29.18738391285692
-0.168839253395772,0.05348279770703912,-1.049714871757577,0.5541800287452665,0.006413512358218551,-0.3999453363142749,-0.6943953297770054,0.002133367250238649,0.4442550177891528,-1.354703734474295,0,17.553029723457126
0.34922030319506286,-0.2396722544194159,0.5943896447669667,-1.2548701161947857,-0.36321058768087067,0.8077200610452157,-0.25326260902931064,-0.09594147457485959,0.4802994092174051,0.3765678452460025,0,17.049891418989752
-1.1325371866624252,-1.307353640057995,-0.43088918223034844,1.7737069307013267,1.001286439637506,-1.6347353344477071,-0.7671682245140657,-0.7130345402741929,-0.09578874171247176,-0.6960067059958192,0,0.0
0.10874836915447365,-0.15080129626011485,-0.257201344206714,0.30524428082642446,-0.04550880708339526,0.3013007317374774,0.1864492133654036,-0.38335589354533833,-0.31745788066686376,-0.5707522714125314,0,4.825987275449166
-2.7300926393472187,-2.5659123691526675,-1.5701530041067475,2.1347569855523822,2.738101408763552,-2.1416865679860444,-1.0021887491380381,-2.4300090055187007,-2.1988524258165185,0.5670678031131867,0,0.0
-0.16520777541641132,-0.0032949190798111224,-1.119635515910902,0.7880520275911203,0.18156969032380213,0.33184834115319517,0.5127153428291376,-0.43244487210321386,-0.8557457395236684,1.2323408296037544,0,18.045122286778398
-1.6186023450927378,-1.0919068083154178,-1.87773543275145,1.2707770365009403,1.3956984673860826,-1.732340545649072,-1.4622481783938166,-1.4913724072035226,-2.1988524258165185,-0.009600047909601214,0,0.0
1.2371556750943329,1.048478659419497,1.1180952509500566,-1.3326375371812755,-0.8219157547256766,1.2929177796524662,0.9131239385815736,1.2703800569868902,0.7115446019109588,0.28385182460810304,0,22.309181028263527
0.8056537742204403,0.6333671721575667,0.6940671036561411,-0.46271714632163113,-0.9607141847254383,0.731351089021452,0.8686481507240498,0.6362883602007741,0.6038248247559292,1.7057759287961345,0,28.6627424555529
0.49280414641804693,0.8306047354205048,-0.0076381756807657394,-1.0016659005361686,-0.6882454389288863,0.5362521466633232,0.12408309424174675,0.7931474431925225,0.4854852301450802,0.21437743751934485,1,3.3619195287489045
1.5543097184569115,1.5921319076724283,1.7822549444304292,-0.8286219003786511,-1.7441076848302977,1.531019810876043,0.6510319705966743,1.5420647836584203,1.351359210045548,2.6236688925415907,0,34.55616871020006
-0.9324104888431023,-0.5022308093355327,-0.44545048374698193,0.24786719118929376,0.8643819992104749,-0.4253189007485202,0.005741663021994655,-0.6558632159232023,-0.4378533728452934,0.5457862469652823,0,5.782486266393919
1.7822060984963257,1.8085846197675552,2.000127933246327,-2.009485812567044,-1.9611363041655587,1.9562247144400802,1.4609606217219602,1.7584450421379711,1.5060852659885793,-1.8281377499108984,0,17.91217566416417
0.9614906427265183,0.5837518714796083,0.7347128187064177,-1.3301699939208642,-1.1504287026491264,0.7758219801089553,0.6118429874761477,1.2415605029163417,0.6758366844535054,0.7374657910454795,0,27.81401792960884
-0.21520462645300645,-0.599272584119942,0.19186785066506776,0.5795487104455493,0.05096256584595021,-0.19238233295324247,0.5092071124615783,-0.328574928171206,-0.3492464444657814,0.35765871691108914,0,10.03577191549309
1.1663027034716538,0.661263454420745,0.7122283321490319,-1.354526916929964,-1.3084672630959886,1.1144356432157676,0.7925210993952437,0.21068473190891546,-0.17592149669608326,1.2848648222801375,0,26.82350508226352
-1.0908577704280695,-0.8373220571258895,0.33113992621937854,0.23218070006609595,1.0426699473907681,-1.2808689720760356,-1.0822299931289028,-0.6206598498870102,-0.7205234120945821,0.6556635103818959,0,9.285160746360203
-0.807162093543076,-0.4058509530014422,-1.1425574342647418,0.3761492560954547,0.9455590338622587,-0.4173665844475427,-0.7772788669469475,-0.5932537613579374,-0.03339725671785768,-0.17259948364850147,0,5.413799981233376
-0.5897691955753861,0.0025048447880332042,0.7772447958066299,0.48900987336310525,0.6705746407289277,0.4922105758417356,0.63915287266957,0.6757282902061064,0.4749566049655636,-1.2806842351442944,0,6.74112946798251
-0.5096157547267515,-0.22452287782900293,-0.39065619873823076,-0.187644557467551,0.3271020216734353,0.11354046541012135,0.2766596856253101,0.03026640851473225,0.7230452431827632,-0.24461226389796115,0,12.165783467222624
-1.0407836568993496,-0.6379536625876229,-1.6718672440354387,0.29206381046251717,0.8420360290284563,-1.5260213966722318,-0.7045609650587032,-1.1620287867331878,-0.5178701354993078,-0.8992499523178469,0,0.518234440859872
1.2543604415175442,1.039304637786088,1.8665512285970172,0.008848500671190475,-0.679801817168645,1.3262375838179659,0.6620466489986554,1.8597500427102003,1.4566398435509709,-0.6237223027950912,0,25.23882843303153
-0.23765539149107595,-0.5674447155245945,-0.11093382918812252,-0.2561741557432474,-0.008869617053552494,-0.0078066281079745906,-0.3497586680796625,-0.3974215566973704,-0.8446979641145372,0.5693275484718514,1,0.0
0.3778617121817582,0.6297311560779538,0.8317119333001496,-0.510343497318303,-0.11643063774615724,1.0776748251020916,1.353846960242662,1.0233165237529027,0.8949223661138177,1.6728036382846825,0,24.127123882851176
-0.551270787197709,-0.393040436879958,0.28365739297286025,0.2783895694552836,0.34873094495113843,-0.1331629153315565,0.01118715700874513,-0.5122249621030457,-0.028271218572868902,0.3714486664375493,0,14.879096546268052
-1.8100254390856678,-1.6954067859804423,-1.2880409160171267,1.3499738675061912,2.2205649863689016,-1.8237849525448189,-1.7960254636499176,-2.2322257142654123,-2.1988524258165185,-1.2516870016738726,0,0.0
0.29485339222032625,0.41024329489369266,-0.09761846488817168,0.060814724878837344,-0.4340679357560946,0.7184588584095059,1.39585671604561,-0.13685915117886813,0.22813702637674713,0.4224025991706325,0,14.880254121358965
-1.9023004189899013,-1.718832911357089,-0.984316434536162,2.1536766034730626,1.7562029949243785,-1.6478063430620136,-1.7960254636499176,-2.4300090055187007,-1.7852317477133026,1.1898360496679938,0,2.122283170799077
-0.04614138595193728,0.353639672488761,-0.02677459359741254,-0.1307407485857965,0.08994553525570738,0.07528898416304249,0.5289635406416017,0.801914202705517,0.39304488742480487,-0.6535811108456498,0,13.780141915865048
-1.3546612537681473,-0.8994142398284342,-0.7031189327750169,0.5216240960407379,1.291463608001085,-1.582468993640637,-1.7960254636499176,-0.7774179616130338,-1.0336272840780358,-0.16806974116851278,0,0.0
2.02375049963498,2.1176974542512,0.40473797994411104,-1.1054366813885281,-2.136263123850185,1.7419680327258578,2.6109771273370654,1.3563027757881472,1.5605160636379476,-0.01631828455915959,1,22.223918708517022
0.9405201477783052,1.1686983665452975,1.0572245027037972,-0.8818904984658651,-0.9754496955153994,1.2267583405047056,-0.04950694907615719,1.2604566413431828,1.2112122441535023,-0.8322836008160489,1,0.0
0.12943242882295444,0.289681087212614,-0.26238649336234543,0.790898362710112,-0.0623328134259332,0.03278426687222214,0.7343879562161528,0.10883893900088831,-0.20498256119590746,0.6302525201210829,0,20.52024416989175
1.2952603252705286,1.1144798751198393,2.0705085986104486,-2.009485812567044,-1.5023195767616422,1.1910264976679423,0.8762033181120769,1.639402820270662,1.364038982518593,-0.15473301605558645,0,23.935110150339582
-0.829112179347687,-0.5574441618137509,-0.30484957568777393,0.8182811537428595,0.5712324256901133,-0.49725716724878205,-0.6904954870697967,-0.19488867056011733,-0.24117230582307,0.3968188339239275,0,1.3451864251764638
0.5701349019366413,0.13626386378174452,0.6266821213035335,0.5051306447736774,-0.658276039065005,0.7836719463174773,0.7173671918884165,0.14980026764200863,-0.5173446102685153,-0.9369790083227234,0,7.287262610175917
0.2241287320151148,0.5436899414406993,0.48676654084086285,-0.3919362665942695,-0.42998311240256076,0.38215788019010594,0.6804559487714169,0.29153912157533235,0.5630974882988341,-0.47772659276068985,0,18.4657065971572
0.28877505682751525,-0.0734835106809709,-0.34482847748566264,-0.38097845599661223,-0.2701562355178719,-0.03782814772919951,-0.6658121740946995,0.10438508494095541,-0.1208695601300698,0.7058713346993294,0,9.497222591779876
1.3039659530631862,1.3484995503102475,2.0598086051190094,-0.9931856592365182,-1.464443896156097,1.3442566681466799,0.5223067004047698,1.7631281354826949,0.4811519925428726,-0.4117776566545584,0,28.496833144477066
0.7604330644455845,0.484942298193408,1.8286717593568464,-0.9691833871175312,-0.8553746176382923,1.1890230014741696,1.3518719326151354,0.9351438245230047,0.8382851969116387,1.7310317944243074,0,33.18505837379012
0.31364664252280383,0.4784422926033371,0.5052972300969125,-0.44842714866452793,-0.4991573503277948,0.37942933654883915,-0.8486867250242743,1.07571764928436,0.667165745708427,-0.43912972614478285,0,18.208250803361924
-1.6431825737322474,-1.5779136667208573,-0.4030318354377513,1.2482598305204375,1.552784227943517,-1.6936173382870647,-1.7960254636499176,-1.3737126626258154,-0.616145622733126,0.19797983600040683,1,0.0
-0.9436159547070034,-1.3777237432692846,-1.1105704916054968,0.48393217517841663,0.7097252290020087,-1.4888437493337554,0.7226433338741358,-1.504714689264348,-1.6566112689567447,0.9203867602272855,0,7.14858069609462
-0.10058402614745429,0.040616588770695246,-0.5475875084671878,0.7271755964192637,-0.13959896286844342,-0.4929551275907393,-1.0795402229170168,-0.07054623972528863,-0.5370058165827389,-1.4787270294223782,0,0.0
0.1169668082438586,-0.05217654225152461,0.1323942042359475,0.13167152394989193,-0.3458796496388773,0.10818483739319248,0.7931477525505828,-0.18863713536061355,0.015286770739382062,-1.82818474608644,0,11.566730491429622
-1.1149305913460492,-0.7942479595623606,-0.6539698841094524,1.0972449986533757,1.572963646295087,-1.2133586313520388,-1.419304695857385,-0.6623529700335496,-0.9251366534520672,-1.588215361856218,0,0.0
2.036561033833377,1.9659894770197694,1.4644936370693347,-1.3625978368202891,-2.1799592641829086,2.273796346415345,2.1472581115440303,1.5968464611015663,1.1729918925072502,1.2571396463199802,0,41.02178417261889
1.5496661800761777,1.6175340230017787,1.6163462253216037,-1.50352180420947,-1.4722389742064816,1.0051054702216358,1.2045640119328718,1.5344822199435504,1.6198012358275664,-0.5944698159861267,0,33.46406388717781
0.6291726355802396,0.3249467369556921,0.7152910775325904,-0.9681899399501548,-0.8434501239475902,0.31310283162553193,0.948429506887779,0.9954575643266664,0.47719799472817126,2.5792943370215293,0,26.88797117795059
0.09548619661911317,-0.07624941700587326,-0.504989449195735,-0.41115657750590373,-0.31028144490781434,-0.11188026063037827,-0.2667497067051776,-0.2700761665743446,-0.8647267394974794,-0.6071130555166011,0,6.917019949050727
-0.19069273461472638,-0.31155308216611016,0.1622359504769315,0.1580738202912823,0.1101593664009925,-0.13653962709318024,1.1420159414941784,-0.38771676956155704,0.32405882420715026,0.15702431648185905,0,15.86879563901603
-0.9354328436391574,-0.6292805842488342,-0.2496442509492608,0.24880768181628005,0.8195662775129715,-0.6600111469493348,-0.96898353451118,-0.19422786120232602,0.022158323203922636,1.542391330368968,0,6.870253611792371
0.1009668750975111,0.6137861670636939,0.19695879250459775,-0.3619020362825047,0.3684918219069892,0.20758601238304394,0.27810942785356835,0.20872291893315892,0.053004118987196584,2.0158785379179904,0,20.501211400451812
0.28246489132041047,0.038080559172358155,0.9323902967382915,-0.5289035003092806,0.1600690087798135,0.1381930872456869,0.22857644088841547,0.1411008459046924,0.10073460331160397,2.072424264372437,1,4.244571616398499
-1.2272461183772752,-0.8429708128060447,-1.7321876043194382,2.170271784826543,1.3137470383415941,-1.5347906929398902,-1.7960254636499176,-1.0570258557092573,-0.8067122631326876,1.2018111692613904,0,1.532824036238022
0.35940851219487824,-0.3002562132539008,0.5879708601486715,-1.7881481843744407,-0.3792963381218895,0.6294673249935883,0.283642865649715,0.35195937228195956,0.7027718385305126,1.0137321693153776,0,23.6818373237334
-0.1333555083146681,-0.47870839056732806,-0.7972330055593428,0.012185691835643867,0.02953077928053888,-0.42121490757712865,-0.2835865942519292,-0.21649295757172127,-0.533743564389783,0.5733569756309637,0,4.282215355438298
-1.8978227554346427,-2.1018149242947106,-1.87773543275145,2.170271784826543,1.7189141920667121,-2.0813443088341845,-1.7960254636499176,-2.2882155218489597,-1.9994589373362062,0.7629977470788598,0,0.0
-0.8432768933927205,-1.2081962357264417,-1.0642210726211654,0.7918244136265441,1.2726495581025785,-0.8347469922441951,0.8660802965695505,-1.0022816671992363,-1.1705160401364887,-0.5937836123090776,0,3.0089749301521955
-0.3934589565930945,-0.8460946485361517,-0.8768027625680207,0.7321324842546932,0.35869998445455425,-0.388472518174632,-0.9096364496836309,-0.9888291116693174,-1.0156403110977796,-0.8662663033049153,0,0.0
1.923484876998395,1.9817813746375952,1.2789327465813358,-1.6379642028330135,-1.9247000322508512,0.926996431523366,1.483417882731044,1.6370502503866415,1.5836572387937216,-0.03475093383724192,0,28.549514362344063
0.5832975597771808,0.505509734652586,0.36692082447799923,-0.8716705743708136,-0.7530726190105288,0.42078371448444124,0.8586227443364677,0.8263650374631228,0.7435652727126929,-0.20497805473331915,0,10.797369153092149
-1.321604490058732,-1.144270315767533,-0.5855130957301753,-0.038107974088912186,1.0622703337283868,-0.990847717504044,-0.8639102468771616,-1.068963688991721,-0.7203614324849508,-0.4938193708497679,0,0.0
0.5123011535206632,0.7106014111181017,0.24426602059824556,-0.3488134542251834,-0.06357379022510078,0.39211708046862537,-0.2886184322653316,0.6409551163132212,0.7639693684629609,0.6793449625188801,0,22.34112558719166
-1.5348674725554166,-1.3834188339881979,-1.87773543275145,0.9224513744798644,1.3483662100609592,-1.8077321777157087,-1.7960254636499176,-1.4746224795653673,-2.0152354008147926,0.9435664204446887,0,0.0
1.1130136498118464,1.277518131642757,1.6134341254046034,-1.4048660990109392,-1.1967005332982672,1.7268721592163738,1.029610642878735,1.1209128720033883,0.46938785871260535,0.05891046791142036,0,28.62109674599411
-0.4513692512121194,-0.44430306160515654,-0.8622300082085622,0.12151502372390216,0.22713820883243346,-0.5736471037923258,-1.6792923892123182,-0.2882431041666587,-0.44444151640764473,1.4764885984346192,0,7.62405540529137
-0.07131356326537801,-0.4169624053328061,-0.08310165217950538,0.9740278290854073,0.25210709178297286,-0.3145225106103195,-0.9567580025685414,-0.22492766519178992,0.5134368902990969,-1.196382939628304,0,6.571042237924711
1.3577725568437466,1.6333886861017954,1.4028709101994448,0.07344656145657133,-1.5671353727366262,1.2211221251966902,-0.013566148099765982,0.9409048632684721,0.5197793650944026,-0.2289337523464884,1,1.9769021104251907
-1.2729578883151598,-1.3901495577873968,-0.9252790671136594,1.2177167590693658,1.4250680388217443,-1.4997203328079876,-0.39251851316975556,-1.2017857526861775,-1.2334268538121795,-0.7628131330301124,0,0.0
-1.3836602845869044,-1.6011178143269211,-0.4837239216754809,0.9544092067423444,1.1473260469849054,-1.3050563179004941,-0.7081303200413008,-1.4790940509823756,-1.618839888834504,-1.936078289907488,0,0.0
-0.5646088439025583,-0.5857779078903886,-0.1714712798092674,-0.13760251257807898,0.8205830344208849,-0.21354213248192797,0.293858260792584,-0.13372514053820914,-0.3864311779632866,-0.115681678830143,0,3.691102979971202
1.0684000883588987,0.7602100499120829,0.38325439393126814,-0.6959461741336804,-0.9829720332442003,0.2747406239002984,0.564497071890115,0.27811669932083694,0.320182820408444,-0.15554874999512705,0,13.012276126305524
-1.5067194228176444,-1.5627400255625807,0.06075143216303175,2.170271784826543,1.274633534435742,-1.3236027176193004,-1.018005144777836,-1.2818702554255477,-0.6462407448088724,1.513144042504545,0,3.375297948396685
-2.7300926393472187,-2.522393666430806,-1.87773543275145,2.170271784826543,2.6420607600005814,-2.0542379014872703,-0.7710688965802749,-2.27079520566014,-1.9575066883902055,0.6124259392583163,0,0.0
-0.4312676743651678,-0.29876194316587223,-0.43434580407713985,-0.8886409294307348,0.2668953888894727,-0.6666778219642211,-0.9884211929829622,-0.23871097660160515,-0.5771725084653127,-1.0764737213956161,1,0.0
0.578452507480114,0.2942928894293321,1.0652569313509712,-0.16133867198660268,-0.7641862014343733,1.0168204622900952,0.8566495282384741,0.7101516921969624,1.7671041874311,1.8607646265933633,0,32.796484180910646
1.2313839208656652,1.0451299565405778,1.1805920894046453,-0.5655088472943168,-0.9895733555024585,1.199081897198004,1.4237099958204404,0.6615634951701742,0.6315819325917134,1.214738115787634,0,33.26672915062372
-0.4433518047108055,-0.09104298007112197,-0.11850715075089521,-0.4593202130063212,0.31203017983447245,0.17151159922003656,-0.7666793453887928,0.382661074218375,0.08537103203434082,0.5627140962059622,0,13.81435554546282
-0.39126521183776586,-0.2156235201859456,1.1724656826683975,0.42561202858865455,0.25905334780773964,0.13670493453578944,2.088516973129915,0.29326856327290945,0.8185929743508231,-0.26243077505283285,0,17.586598482694352
1.1847076132253476,1.7745249953881757,0.8291534264335684,-0.806740874684102,-1.3604552859583625,1.5226400534128586,1.2193307816327121,1.8358881933443303,1.4933092006891606,-1.010399837855256,0,20.03082349464245
-1.859498018830401,-1.4188520006803162,-1.7199840701671008,1.5770782270125385,1.6913882273114846,-1.7386547784861817,-1.3737416222109518,-1.3113900490238046,-0.5712425915097311,-0.4111384498860043,1,0.0
-0.3682036018423606,0.0022485312758590004,-0.2247194679978072,-0.10522501217861245,0.5991143988573298,-0.04400110251207985,0.7398865673006761,-0.05716612550920939,-0.44271683198070055,1.0797432994994882,0,17.080657881324168
0.21467835218139725,-0.203040168582536,0.8278238005896587,0.33921980652662,-0.3479728723575877,0.771556013612106,1.1836688329155478,-0.27257617962577424,0.31580144332449506,1.8918830029464324,1,11.193875786767034
0.47523319634114825,0.6971795413892805,-0.4931686527081476,-0.6378623396734358,0.0019680597564836373,0.3013764369376775,0.22678240267507163,0.2219520332970493,0.26111054999599614,1.543548126349184,1,6.0525099902764135
-0.4903143615482094,-0.4767356354615119,-1.567292371763207,-0.3651295799462143,0.9234519959608273,-0.4295571141212832,-0.3108944514107628,-0.3037415751051008,0.2115487070362771,-0.5301704149957829,0,9.676393684961766
0.057634665055105894,-0.1010084198505639,-0.2912224432816707,-1.1419667425647575,-0.2633232053509905,0.014306789640917661,-1.014653764637088,0.3081906971359289,1.0408317929507849,-1.1738591403087115,0,3.650857556469672
-2.4822905520384864,-2.3226106810915446,-1.87773543275145,2.170271784826543,2.2338975562951866,-2.1416865679860444,-1.7960254636499176,-2.400731346899602,-2.1988524258165185,0.1124648209006169,0,0.0
-0.6397656036570678,-0.3186451975038096,-0.7726318196695657,0.8752040739543662,0.8493275440777305,-0.8121805371249089,-0.37114434670669827,-1.2494781159348183,-0.6620829689600122,-1.8359716046764571,0,0.0
0.47955236299830306,0.6218657506349352,0.7081706817462734,-0.382217819189879,-0.5962588235012142,0.7628259810548947,0.8690493144215308,0.5833298069442606,-0.056512541637811414,0.29848015962708035,0,23.658177639519494
-0.9660149961837283,-1.1828421796217239,-1.3208737641658996,0.6023164593689255,0.703728995126935,-1.2066471303819826,-0.23424370494698107,-1.2794661917681396,-1.6387653899406296,-0.18193344586226753,0,0.0
0.08234478848700352,0.31346655663338147,-0.7713616693778572,-0.3607987049132975,-0.2491368069582989,-0.21609365423300106,-0.2999184989636074,-0.04806304903560679,-0.3941417757357134,-0.506890192988773,0,9.634371099386964
0.4728710196742999,0.2715338671136692,0.4443860693747515,-0.9907816428053391,-0.49307081837900396,0.840417814509057,-0.26277456564572016,0.5212169554579497,0.6677718918079285,-1.658676475006918,0,11.574829920909483
-0.32191938387267754,-0.2335408646958229,0.25838540661471865,0.04402981141809279,0.4488147622954777,-0.03711781116661556,0.6148719718167432,0.14791519856056223,0.1177149722944998,0.49281338781428446,1,0.0
0.19458248840586462,0.10529711118620386,-0.8381795572365298,-1.298941188248948,-0.40061902307786584,-0.3839618851238631,0.5788423150232609,0.19802312833394445,0.09481514538292399,-0.5749200896159123,0,19.302316606317984
-0.9463204935066558,-0.9646642103403611,-0.28448275770895054,0.42893582101021205,0.7109148466290544,-0.6541298495275452,0.006825861865592847,-0.6344388543262777,-0.5579568814108756,-1.2251888806222995,1,0.0
-0.18505697561837703,0.06389516394085322,0.3448776351843906,-0.011958740486532973,0.5369975567698496,-0.13448023915539437,-0.2613287769549192,-0.3422447272657192,-0.10501481883220613,-2.721392777357701,0,0.0
0.6373255566582913,0.30781414316008715,1.108197376247888,-0.2445617326326543,-0.5413339434645011,0.9981247357896146,1.453442470190995,0.44207836565815956,0.663331276063421,-0.05938587677395169,0,19.615776815859757
0.1809999300294162,0.7715409619299923,0.8875217237663384,-0.1888087799840406,-0.21168665847779514,0.6086205130891185,2.69137130186061,1.3917362527413435,1.704238329361839,1.7772472184797599,0,39.55703272459976
-0.5675607266902429,-1.0850135366253124,0.8533171889136364,0.9062120145789383,0.656659975838594,-0.11496034443032478,-0.06339127958301105,-0.4506492100632919,0.29688475630871314,1.663981257516924,0,15.371603802855804
0.2487006827977419,0.06834749406538536,0.0049085862663555335,0.48540239756891557,-0.3557234112703336,0.48146283631134734,-0.507016114380311,0.10777009782747121,0.07088907512457786,-0.4977668148456322,1,0.0
0.7424291382110517,0.8348172368466821,0.6918431584326978,-0.09973937342011557,-0.6372960498103124,0.6475978053623446,0.10237946740382707,0.8518186055556456,0.554246241323713,-0.6458551849779102,0,15.935481888246043
-2.0409230996426158,-1.7730500551339292,-1.87773543275145,2.022657870173571,1.8648664666995416,-2.034013873081739,-1.2996985392038218,-1.7475528869684667,-1.4035038452379025,0.44706932020176327,1,0.0
1.1899161267311287,1.1222950989723601,0.9986736341058786,-1.0432635306190265,-1.3435669567488995,0.7983893311172967,-0.4391277052991846,0.46675650537175545,-0.040652984842587815,-1.0501438181510057,0,8.583022530057512
-0.31558211429546423,-0.3102536067829571,0.6632807217852463,-0.2515396620327461,0.37213760298253756,0.7466443005018666,0.6766461340852987,-0.0655279268283291,-0.36857966202113995,0.27666648098387286,0,2.2729817274753934
0.45134303347111127,0.5675053771708216,-0.416678384990468,-0.01334225987239966,-0.5579799150636913,0.511557677511115,0.6220749579349198,0.25044279116741563,0.6232408029673441,0.7504653882307077,0,22.315533088972003
1.2283485915321575,1.1197451902065136,0.5160103320687448,-0.19626164444098373,-0.5115258751111792,0.8174058786864217,1.6259708727627735,1.2457881041763759,1.076346375053705,1.2207584906640896,1,15.86118369263638
-1.358042753741652,-0.8729962013233834,-0.29376481198327986,1.3580237331772513,1.1877093627312787,-1.559893917928156,-0.46501862654206727,-0.7532744856035144,-1.2280070161453265,-0.13351299611491269,1,0.0
-0.6913063444976147,-0.4001151597656658,0.0460503304215178,1.606925368278956,1.0318282631340248,-0.19134489470097157,0.3633234353438997,-0.816063790697175,-1.398925751078144,-0.23915317696062688,0,5.953765408952364
-0.2675516320663155,0.016882844588151993,-0.42727335930686605,-0.5811476576917086,0.6530977619008606,-0.16686467344425693,-1.5926643531851954,0.050097628404776245,0.031452222798248136,-0.9272746218815544,0,8.466439670424853
-0.7661242480331455,-1.0173980560247176,-0.11472447571544005,0.050699539609778375,0.5719024136294708,-0.022122137986557606,0.5385739009791076,-0.9274216678121765,-0.4173674148988541,-0.8751256060180334,0,4.631994316903536
1.7696949654024154,1.6853635460908298,1.681573301996862,-1.1047360736462846,-1.601379197240186,1.286969710821509,1.4684669676111983,1.3490473379733223,1.7061624127848904,-0.2624254614448879,0,29.043991967436405
-0.8396394057016858,-0.8868813485650404,0.20939025382458462,0.8638522233962816,0.7121714401148865,-0.323143369964643,-0.14174449627018873,-0.8197445454811315,-0.7425972487317067,0.3435833041774368,1,0.0
-0.536365517184028,-0.8087022017882619,-0.3892104783939649,1.1528889425300337,0.8677642800985689,-0.5219365639149921,-1.6007637495345146,-0.589350146091556,0.24397855440369046,0.900991229607085,1,0.0
0.22873846804398057,0.33854106424361674,0.8121246478634492,-0.2176211048310292,-0.32725597983013693,0.5064517028106349,-0.13738991552216215,0.8054765139846661,0.6768813990629724,-0.8509387007875868,0,14.085063657574462
-1.1873656820075567,-1.2924167614916748,0.6018054662555771,0.5699651535291623,1.239787617106131,-1.2822443542756607,-1.7960254636499176,-0.6043145190707339,-0.6539478105123538,1.4919575942917784,0,0.0
-0.37541223173745736,-0.15236660787171388,0.05638048554374763,0.20580750724892322,0.27188398665729113,-0.02736097921830861,-1.3821872348582014,0.0675425588896037,-1.0182754902613536,-0.3079846771865047,0,0.0
0.3425716253020204,0.015731948647441093,0.32443578526630984,-1.1181535114123766,-0.5185043547610667,0.43914725826750245,0.31269451266501147,0.31249219000210693,0.08716792628045668,-0.05311233781120084,0,19.364356064867422
-0.3121646957962615,0.22968782609648405,0.18294863529689154,-0.3325617843375807,0.11438824140431977,0.4132025488771923,-0.22738863662645867,0.2557528853904439,0.5569745345427658,-0.7938249901760033,1,0.0
-0.07106253778290765,-0.3289127404062612,-0.26566071543417424,0.5659956906165163,-0.0438820950155218,-0.07597085132024925,1.6069651433197825,-0.15006882576068276,0.4782744793085524,-2.505205989231458,0,13.525932349535388
-0.5099725693456911,-0.41331642893494336,1.0119222155961063,0.8969896418770318,0.5867130635634699,-0.6244491817878843,-0.6653825262513985,-0.706576142637938,-1.0222843007760534,0.8708469152531233,1,0.0
-1.5018104973929858,-1.192699998013321,-1.126652252776719,1.4947110980316236,1.4457392088880818,-1.3886769684292868,-0.33572839428999063,-1.192673297477342,-0.9507945016386359,0.7206301260367023,0,8.259087094583236
0.34673973037821737,0.17064856472391812,0.13576331512204753,-1.221262482165469,-0.3093032742224537,-0.20413318671041517,-1.235691014996884,-0.03583170524012517,0.3756648155120179,-0.31839765209915577,1,0.0
1.789827453451921,1.9862086687050888,0.9966088971691043,-1.7630782937478995,-1.9190606770471679,1.7308060598891046,1.0249151443709539,2.0435032573624334,1.895465029827213,0.03705560793688636,0,32.63606953062324
0.041486203454485254,-0.3213988381467845,0.6995680579371704,-0.6925555634714277,-0.13005364198136263,0.5203486880748991,0.44425325558470036,-0.0045151405458108175,-0.9619856600847486,0.4952004135305524,0,11.120310122278251
0.24975552104446114,0.6886006887026075,0.7350856870319925,0.3933519710778686,-0.47762258411937814,0.46575019091360065,-0.2564325251924894,0.6414394593097252,0.6729368672026086,-1.625860553175418,1,0.0
0.7203932532631129,0.7060920443588347,0.31173388682461095,-0.947348721612641,-0.549844880706856,0.5124726725098453,0.09897722720061955,0.22525324675884784,0.502543022335592,-0.5711971979856292,0,18.0321716315906
-1.2550035370585442,-1.375115076924285,-0.685727050360026,0.5141038789876688,2.064699515771506,-1.5042691518099673,-1.4170060033741143,-0.8732884201417572,-1.2422790136109727,0.779227121506971,0,0.0
1.7370525526031826,1.5876210301303146,0.5517031385984694,-1.511995188215868,-1.8225995821473449,1.5178892495639262,1.044119148399743,1.4915709106678547,1.2769717000117766,-1.3112897644376114,1,0.0
0.22666422160914268,0.47211834496008553,0.30921404783036205,-0.5456216025796832,-0.46307697347565296,0.4748926534080799,1.5547351696217153,0.5903017190399127,0.05136609427554931,0.26826384793008917,1,2.599947089051606
1.665914264026367,1.433133584881918,1.662035653910207,-0.6821800755007336,-1.8318787025043743,1.9257862253175655,1.7772628119230949,1.251934379851905,0.10893600899345153,-1.4156775130657986,0,21.81626647539318
-0.7150587821037246,-0.9028704871026043,0.43611395462282104,0.22747333845347417,0.7050881834250442,-0.18511699285267796,0.11706435798781471,-0.70220531791853,-0.25946876496825394,0.4446770262290788,0,1.688494900542736
1.8533856312739188,1.7227795293479484,1.087974821518656,-2.009485812567044,-1.8368538762062248,1.508792114879468,1.5416126868610807,1.6615629771785037,1.536019031538365,-0.06767891962613744,0,30.766199558337863
0.8033866010419387,0.4259465907130599,-0.08508328395096716,-1.8483703274363037,-0.6665235114526881,0.323371679087135,0.6197993755440574,0.21323194634739068,0.8359413185901815,-1.6795236881362972,0,10.124956496472974
0.5797606296099548,1.1167699588146123,-0.04217986236778731,-0.5325020182059527,-0.7427890063571525,0.9060232177978764,0.6423081351628251,0.8862910775025858,1.1521682002356153,1.1572906359159445,0,26.95138959595051
0.2585754354814744,0.08727673898920212,-0.5714517727557337,-0.5322121061426305,-0.1582192061016243,-0.5071895433454335,-0.6686862001023677,-0.6405445305534739,-0.755683343930237,-0.7809463764119798,0,8.948247742167617
-0.2272593855791244,0.04312225671534696,0.6195209781925892,-0.5653260141057534,0.25250820808517865,0.3143142139150967,0.32139511673318744,0.11441818251373112,0.04222848207005674,-0.8581570811094215,0,14.542588428227509
1.2316556651969832,1.256007651229546,1.9553758360879505,-0.45813207033733977,-1.3586313548468434,1.432174067755358,1.8817902062094944,1.8977910966118179,1.9739896745510648,0.17337032262811036,0,34.2974010076207
0.16427385654047832,-0.12959068365870233,0.33812283313286395,0.19917484982113476,-0.21937830601474945,0.31468685903129434,0.9479504381242324,0.11068609058450501,0.4759892995575063,1.1408587958372813,0,17.15303513847002
-1.957487931353482,-1.8712567028686318,-0.8836557520798133,1.6864221444823437,1.7113724595315114,-1.7635903122193182,-1.6437329115074386,-1.5749105150251708,-1.3622135482380473,-1.0679373664548044,0,0.0
-1.1018248005313365,-0.8110111008491973,-0.8225466587366745,1.673788921285305,0.9772269838829075,-1.3866476063162858,-0.6773494683667356,-0.3660151271214933,0.07771568662588313,0.03163595223177433,0,4.654580759538699
-0.16415022584256186,-0.20438621765017334,-0.18176133077822762,0.4837328822315772,0.41743298589503,-0.10655286770549453,-0.25869245546674274,-0.8490364286125508,-0.9322225935190803,0.4062930658697864,0,3.016934488634657
0.33506665213677184,0.6922702433990621,0.09025269763328085,-0.7368266408815777,-0.443458433515771,0.21520710997967896,0.1535661903844712,0.32249690522322666,-0.13002407478048764,0.6759958967889172,0,19.86620557429706
-0.03401390929867052,0.28604306010899183,-0.2022219572588624,-0.5284820788708497,0.21940399056491575,-0.34374222373270225,-0.6347411584078855,0.06559609759394414,0.0054112028727551,0.14874844769029447,0,18.428883475458257
1.2502201974259382,1.4881564630228488,0.1247102415269318,-0.6703635137312741,-1.2588385411815166,1.1609557819788077,0.7863305283022307,1.303571226482798,1.2783903922744184,-0.4058534270450927,1,6.565572296808729
-1.9414114976655648,-1.992883702652479,-1.4409023891052677,1.89653905316557,1.7082396106452018,-1.4513530055798045,-0.3559300437332239,-1.63831217209856,-2.0444763467851574,-0.875850013604129,0,0.0
0.1675238766446724,-0.1552627215632743,0.1258618659343624,-0.0663290674462765,-0.20339856659628527,0.16397449075689663,0.14988597561124178,-0.2950144166414564,-0.8399901046920106,0.05660110908552346,0,10.600234733508348
-1.8073835181047142,-1.9106938655067114,-1.0429612687840562,1.123203387374064,1.6925132676248889,-1.8733000383993725,-1.4882332684678412,-1.380593765037373,-1.1324965557266415,-1.1254081663668825,0,0.0
0.7878383763322783,0.8258621038782168,0.7199208106515824,-0.3771309846811822,-0.8959750268918104,0.6209276198890921,-0.4813944543141919,0.6707389056237738,0.439661738398467,-2.721392777357701,0,9.088613877194405
-0.07214168280390398,0.10571546773113392,-0.14578159954159112,-0.34536206403995645,-0.1430310673470107,-0.27948287953299816,-0.4749581125383082,0.3792451622219227,0.2575716939116586,0.41419498429190005,0,15.787455212316551
0.4454230837940696,-0.21823803612723078,-0.13910023800827048,-0.45268182751372926,-0.5533768195649441,-0.08080386503775064,-0.2681373216495773,-0.42638003545586267,-0.5547674818091191,0.8911437773146758,0,13.722449033123011
-0.8467986320723628,-0.8054357764181094,-0.6479714925519173,1.4945144895884517,0.6036537330687277,-0.6803036455644103,-1.1421097847588384,-0.8638721170806317,-0.20440054008926714,-2.4426423290057984,0,0.0
1.3111257480628862,1.3167918859641004,1.5381076471031139,-1.5043647231368815,-1.5035989484592729,1.1361875103764814,0.8987832449299786,1.2887755090389397,1.7029530611405612,-1.061721481204284,0,22.595267052874743
1.071768655615526,0.9553586315540573,0.21790490552821307,-1.776755341741353,-1.1672724570169917,0.6914755188366482,0.2408097731845999,1.1127969195350143,0.5106512976686389,0.6005297239014452,0,23.125863073501243
0.6104722999568822,0.9863664687975852,0.569273482871862,-1.0988025310711995,-0.7560801221552644,0.665335626070444,0.5517919442486336,0.7579916960073327,0.4654220077218704,2.0683340549923974,1,7.110820809438115
-0.10743864141599989,0.03436125619790589,0.06089519512599758,0.6093272686251267,0.4716030605493097,-0.37946207472522614,-0.275557191276472,-0.018291675743295585,0.299295161925137,-0.010087705686960453,0,4.734493686697568
0.606760207557065,0.9885173043383544,0.08594492778845779,-0.4053552137094014,-0.7273779446665802,0.5516811840818716,-0.2172281568364971,0.8466148912928385,1.0108921589335584,-0.7742227785858911,0,20.96906951813305
-0.6887405786555081,-0.7164606724577054,-0.9104264668260126,0.5243854409272426,0.7641176846852993,-0.9287616234246578,-1.0643350091784716,-0.6257616462867035,-0.6275701771315059,-0.21795026345173332,0,0.2501254544397413
0.8843335517528205,1.1424434572846314,0.8816471478128474,-1.0512318950873711,-0.9325039975824101,1.0779102257979192,0.8874869557051333,1.3228497974485691,0.7397128971681294,1.3717321688492803,1,10.747891721523462
1.6836581165899882,2.120688760675134,0.7310882908708946,-1.2248044755209364,-1.6070113019337884,1.3584825593583418,1.8394721337468454,1.762783680996159,1.344648191521341,-0.6905035264323901,0,30.48446998642576
1.1008509988384807,1.4633920676819347,1.1322777990619008,-1.4199846544477421,-1.251286828250005,1.5758153867681721,1.4117421487584692,1.2851513299565422,0.9657126695946363,-0.8468700878049636,0,24.656955908096723
-0.7116049260557801,-1.0031091766659836,-1.1127077122433118,0.7737943663945405,1.1217192275471277,-0.45066235937204263,-0.8451645461774776,-1.13131410860319,-0.966153346678016,-0.5239394415452119,1,0.0
0.38683467223185225,0.30490229550887005,0.9653810346493745,-0.7337094520072812,-0.44522656878812983,0.7500951866989507,0.8293378652982347,0.5354276324185199,1.1713890970611127,-1.0041640386777164,1,0.0
-1.2789765185241593,-1.3222320478353613,0.34450750593266233,0.6343612621447481,1.4272217937895157,-1.4526043000776234,-0.11790869229129676,-0.76361422045738,-1.0271126742846681,0.09387575306878944,1,0.0
0.5992424520137413,0.7332935743890783,-0.005358509238634647,-0.8698487445769627,-0.7239893868262987,0.8896558610766968,1.2813946956215618,0.5118056062800287,0.03683773950245158,1.626651177643449,0,27.845983679715893
0.47662730493400585,0.675103340568973,0.7246497198436804,-0.6243122799615249,-0.6857364021622662,1.1132270347457447,1.2232551623714452,0.7037620789166618,0.5880568554117569,0.2983899069228018,0,19.02573442136908
-1.8595731662780082,-2.0288705370856626,-1.87773543275145,1.589961664989119,1.8410426290689172,-1.9765370021523199,-1.1873453255569153,-2.4016779816181257,-1.8325985089163606,-0.28883008972314506,0,0.0
-1.146725480770532,-1.0704775843631826,-0.3190317700527738,1.1170233098196962,0.8815554343098179,-1.2996457784309998,-0.1674873388979063,-0.7074171234366922,-1.2795897209583413,-0.32909611327713295,0,8.899264350356253
-0.26210504195340495,-0.851787937719461,-0.9605937451902763,-1.7277967936972634,0.16458344430272584,-0.8433984177559257,-0.0321752280238809,-0.6559535104824573,-0.03457141884634086,-1.6265187162416643,0,0.0
-0.2799464083722014,0.1769129027920963,0.06546455066635266,-0.1912741756978594,0.08091399343084864,-0.2942119607517459,0.08479698589278378,0.4179513362045745,0.28711471793143856,0.8698921307234944,0,13.371042152260072
-1.1947429236215155,-1.291865789169803,-1.4999062628490305,0.827940387678335,1.158582858694501,-1.3375988739231133,-0.4408946894162706,-1.3422316975171564,-1.5743802866842205,-0.11073897550002905,1,0.0
0.4145835240591849,0.4250585389882884,0.2313251177601914,0.42274460620230064,0.2621825556326671,0.8186756095884324,-0.08105585903864088,-0.15055032239016625,-0.8223460813038298,-0.2154842355509167,0,9.04611072799343
0.27614325834075676,0.18170784136878995,-0.37472691911687306,-0.8210928858157982,-0.3675160372293291,-0.3196504270484004,-1.2865368773217774,-0.01841867466063188,0.25324912759184437,2.694132877966643,0,20.906645733018017
-0.17263089137922166,0.1905595305226524,0.3581864682047518,0.22729791696173496,0.3249301992114785,0.2831014999257782,0.28952624000515953,0.15575317616463966,0.04309399005667041,0.2735652385311048,0,17.848559298208027
-0.7379720628564997,-1.555701521952448,-1.0997648764233936,1.4247875424306862,0.6457603251973305,-1.1329398135916953,-0.9262353038103108,-1.2518910396820242,-1.1139792438430105,-0.7984981654069717,0,0.0
1.0787986043278104,1.0409368785793802,1.2344496880339901,-1.645616570010484,-1.139604135135855,0.9553974347873723,0.3817597587655109,0.608337238597299,0.18468703977754,-0.4663985007309709,0,17.25589864964477
1.6896246384037898,1.600496194849538,1.2066183305012703,-1.278267559404868,-1.2729095373821382,1.271354852443484,1.5342469682984954,1.5092240307465332,1.2528551905721206,1.1406632300280144,0,33.45797489310615
-0.4638906636918019,-0.5723638831877697,-0.4417956428699896,-0.027666169574953266,0.7290679325397278,-0.38370009561944296,-1.5742930835993003,-0.3650872813744606,-0.5699953921474511,0.08428329902648084,0,0.0
-0.5933707172834725,-0.03815257575154988,-0.3928006410363027,0.2426438476531018,0.6994856178001735,-0.24449875793677678,-0.5935586245669533,-0.3314695727255374,-0.38067791657951894,-1.4990471591940593,0,0.0
0.5175076990270825,0.23894651463789476,-0.014136504281441418,-0.8858562426991425,-0.6680757077761726,-0.14033915814740805,-0.47585899828513883,0.2415379740063677,-0.0663566664454081,0.9067511565146812,0,16.600658990970615
-0.3375048404169613,-0.08080616264104015,-0.14335399774322924,-0.10095130158018961,0.2719234497326717,0.03175115878239862,-1.0866489980766303,-0.25449905582714477,-0.8909074766219753,-0.7131377682251367,0,0.0
-0.11738578684036069,0.005014305519079153,0.8260764389429416,1.5301480591073056,-0.06910767207525334,0.6302791947050504,1.4465729091510844,-0.07700209348790805,1.0225759311881035,1.880363237879522,1,7.47100293549664
0.7676428142773168,1.1282911969027438,0.18353123314600125,-0.2346108184720194,-0.8578104017415036,1.0044971919882475,-0.11025709057192411,0.7089748058210573,0.08219121904272414,1.070864522508722,0,23.96517101669791
-1.8993818163103011,-2.015222743853891,-0.8649866151268837,2.170271784826543,1.7725092710736974,-1.6975474331735112,-1.7960254636499176,-1.9368596359697083,-1.7531195422419312,-0.48779223495025187,0,0.0
1.3502272667381074,1.0851480420275732,2.0235421657929904,-0.9298819083870861,-1.147942988732897,1.0455344278180014,1.4031769564268581,1.5414516343297613,0.6849208348479794,1.2759494728148344,1,15.890518320362816
0.09613423709061518,0.43353296358541926,-0.3958557854921475,-0.941610189077656,0.19376791509043576,0.0989171369223934,0.4580527853674494,0.051352285749508,-0.7984417621564084,0.0379381157502414,0,10.235877903838222
-0.3913322017920414,-0.23716075802914122,-1.1808799469924929,0.5410180479931072,0.265481100860157,-0.03957302260041386,-0.8002501529512506,-0.7719811123734246,-0.6977378660779274,0.8389346210094629,1,0.0
-0.06688159137581777,-0.5208417714206471,0.13560586742029923,0.6153948511830726,-0.17390940766038826,0.016055454868169318,0.414076228203015,0.11779212690649762,0.1572934736425302,0.4633547781543693,0,15.816276062238792
-0.014866728758400857,-0.16709599039030132,-0.3276545444006266,-0.4471091764004053,0.235633426831339,0.05353634007628571,0.18839533248800935,0.0876233537421446,0.5684533410637524,-0.8950008614278655,1,0.0
-1.720015436565581,-1.5247127820424746,-0.30086918771822174,2.0034310879481536,1.4862980859167012,-1.2168131246119305,0.48320133089839035,-1.7480418032284701,-1.4869163867342752,-0.6880397239085336,0,0.0
1.5280644354066366,1.7304241705624162,1.2985795680511776,-0.973202032596939,-1.5121543559426829,1.6081221855339027,1.534259651022496,1.3824952432873465,1.211244037464181,1.0197512822721617,1,11.245823129314047
0.06456610657164615,-0.13309690653734146,-0.41370636311961145,0.9118553532177177,-0.300933848502098,-0.08603727476356668,-0.20709580880143327,-0.20941112825726463,-0.6013098443148903,-0.37294025655223434,0,10.917031480304248
0.46897432769064573,-0.41998944223078305,-0.2841031868498098,-0.6399965407002773,-0.583273234795291,-0.04511944234618697,-0.640509877513575,-0.2239110735732946,0.39270190214321227,-0.4432241916606009,1,0.0
0.9809805003977932,1.1100966490545399,1.474069177595038,-1.4464208639373963,-0.20286110774896102,1.0201360196096907,0.3039383796686436,0.8614690167686618,1.149519260394777,-1.0059947576481214,0,14.666046053155
-1.0051477559993387,-1.3236890489772117,-1.1627954705715886,0.6780416467482735,0.7659572225070133,-1.4512921378060384,-1.7704266326380913,-0.9474806458305911,-1.4163311242064796,0.4009687566878196,0,0.0
0.49965131518792977,-0.11957493406908494,0.4513798103340194,0.3117057845181796,-0.6036706983730447,0.3727460893076132,1.155261310143102,0.2437592251560971,0.22424374156149876,2.0734665282613087,1,1.5844071016539791
-0.24650183857590635,-1.0822315826778357,0.37650819040953687,-0.7594324537768281,0.08402244459586504,-0.06339218798347497,-0.08465307646960202,-0.42711483081632234,-0.35944889668054153,-1.1207077168778767,0,0.0
0.8754889236799144,1.0966425880926223,0.4481194308534136,-1.8667547501099453,-0.5482898507173909,0.5443403171265916,0.7695827708636364,1.3585113264726867,1.0897745022710341,-0.006591783311168217,0,26.169404468435477
-2.1187348492815685,-1.9854301555507015,-1.7728347712573695,1.8894489081708534,2.3098315553419795,-2.1416865679860444,-0.8076196371788219,-1.8391999243737471,-1.4280882255027365,1.4098412660663489,0,0.1324284185581343
-0.07680879431138579,-0.13181887559652206,-0.0625268642770501,-0.17607630245573566,-0.10464392046304766,0.425871233840494,-1.2357172965837446,0.02778674099546174,0.3427167293409654,-0.11258012702455547,0,6.833563977278397
-0.5839608938253945,-0.13098616511344813,-0.06570094677562308,0.5049308699891913,0.34831771247005455,-0.029140454715696755,0.7663971368512835,0.27242989746492385,0.1419779622949149,0.43033087078074106,0,16.971812804088273
0.4581621128255625,0.6425616169608825,0.7430479293618255,0.08912569833567338,-0.46077558865200696,0.47099446917875565,0.37680182655169453,0.9225760176009563,0.7145362832514764,-1.1154630550814144,0,17.306091097713853
0.496200292327337,0.9748340496924787,0.29115987783395436,-0.7349552278604368,-0.6334210350429333,0.7534661722202701,0.8556216880603714,0.5593885944544927,1.1127781092751758,0.40577322808333244,1,4.910095569489645
-0.6894788927019035,-1.0726734136713552,-0.5226198872916713,-0.3958156877136718,0.6936335724381235,-0.8388171257110429,-1.2712599491877865,-0.6601211476772103,-0.2592253651333491,-0.2222851001928088,0,0.0
-0.6940577919019076,-0.6667622625418843,-0.7860122085443172,1.6764996835283374,0.4439528992534265,-0.7147679407179929,-1.1219798951414093,-0.9690482451247847,-0.8916980173178676,0.9746144318770996,0,6.103438251432466
-0.08845855518956731,-0.563243305767541,-0.943239389186298,-0.4587267593719665,-0.12334515065128158,-0.41591961665817134,-0.06559402355547297,-0.4694582282904578,-1.1211909142556964,1.1804012301881508,1,0.0
-0.8797806881342269,-0.903950248461711,-0.5647530200091541,0.20025959415065694,0.8905173392292384,-1.042412362624112,0.6594840101493544,-0.6470710078206466,-0.49102379405182034,2.6113011639234305,1,0.0
0.870669287926641,0.7710042576475515,1.8609311520370257,-0.18777294649558327,-1.0404823330226765,0.7686357119298789,1.2389551365431033,0.6776989572281318,0.9010522327201813,0.5601990822714691,0,26.760829121136343
-0.34875867927977394,-0.1354716471461286,-0.8049630673419189,0.09228437697929716,0.5557125196643365,-0.2750540066639228,0.5565728308132765,-0.35590501888233544,-1.4877632667447365,0.30116260657377353,0,9.451244632689107
-2.7300926393472187,-2.5659123691526675,-1.87773543275145,2.170271784826543,2.46032433299272,-2.1416865679860444,-1.7960254636499176,-2.32559300984724,-2.0893295146635076,0.16705873496535148,0,0.0
-0.3544117209877622,-0.14186832616322495,-0.8019042908868185,0.5551220498253514,0.16055375183751924,-0.1782465323985546,-0.5820870043826873,-0.4786104291762166,-0.637480198301615,-0.39170793949913896,0,7.342419884262301
-1.0226473265195923,-0.7593236470215884,-0.40477909588911076,1.4563636282988763,2.2947218139013574,-1.3961336736082883,-1.6959679074058016,-0.6449341748703209,-0.7378052674070051,0.31411002599822757,0,0.0
-1.6194103749712963,-0.8938348718772108,-1.0641202209017204,1.2297817996008913,1.4760467326018043,-1.6704859690202327,-1.729388980309818,-0.7705751719472419,-1.1244026460712098,-0.3327597953055432,0,0.0
-1.2228827068624617,-1.259348177590935,-1.0972886347251503,1.8617597775592554,1.2393899299112396,-1.6375865882804188,-1.7960254636499176,-1.2945167435171663,-1.2916236399149903,0.1406043937195964,0,0.0
0.133111964148867,-0.1463672453868387,-0.42593037784753457,-1.2535114302058514,-0.3266550044289037,-0.38041101707475417,-0.8288246482331582,-0.06183386704371105,0.49337956179810205,1.313279979040991,0,15.120822649860354
1.3606360802639417,1.3909143361048901,1.194099620428857,-0.7975923633687071,-1.3554838492699046,1.4733569351089677,0.7946174044272124,1.6890879209915923,1.3676898058711713,-1.0584680356132203,1,1.7855787288173477
0.33827380673255525,0.09254132443356218,-0.6413424693518869,-0.748431834292233,-0.2708948652244078,-0.20831360422491163,-0.3293632067138241,0.06455918927285104,0.4339288358318434,1.1319205916590631,1,5.033862529362013
-0.5876686717968536,-0.1064702407829396,-0.3906546083777371,1.2286086328312287,0.42073073922726856,-0.10567772533342802,-0.0449658934975353,-0.22047751812320826,-0.5638104834964773,1.3127876278455748,0,5.460116153716143
0.4819641368211442,0.38732004822345895,0.9301776103398877,-0.35577792532007846,-0.30117518274848804,0.5722820803787805,0.6600610561677391,0.2883607974666876,0.5552329447013928,-0.15179440798726823,0,19.95659203510909
-0.4392530664205399,-0.5825241813010353,-1.0990715809286726,0.019101998356621207,0.40386160211910327,-0.34226244105196807,-0.33418697541106923,-0.5176489491712233,-0.5055997491188551,-2.1966265365705295,0,0.0
-0.6763647830022863,-0.7817203836931387,-1.463361296895056,0.9315720444752121,0.5346912709702724,-1.1807476397313978,-1.3896928811187281,-0.9127075410026685,-0.726746254931006,-0.6515800259999474,1,0.0
-1.139253835133478,-0.8667634358979133,0.008199081534030471,1.457755702152046,1.0639408825969536,-1.0471167020104537,-1.7960254636499176,-0.3413000496656879,-0.350493986957186,1.2922549563458667,0,6.121825377087973
-1.7407832234694487,-1.7090354205364842,-1.7968448393543788,1.8508197580715715,1.6635825240370528,-1.8763419232519547,-1.7960254636499176,-1.7678755831841078,-1.4082107904955916,-0.05464384763953158,0,0.0
-0.36961607427943793,-0.5386463547129731,0.38184372444610026,-0.2301357576906349,0.16095437207651458,0.02750794512232458,-0.6567987482578245,-0.7196712205063145,-1.739510344696953,-1.0510793909375353,1,0.0
0.18208780744621117,0.6880448882774096,0.07017091089170784,-0.4242258611964063,-0.3009702445585641,0.5207534302636747,0.68555453383575,0.053558185330474926,-0.5523853127259553,-0.5464221339301882,1,0.0
-0.07432136181426935,-0.3199086404571975,-0.14714212867776483,0.053272930554555696,-0.07201772819391132,0.17964020304053446,0.6958965335317003,-0.06150243530433077,0.09044262110804738,0.8265320158615431,1,0.0
-0.3958364104990087,-0.3592307466986219,-0.055754525936524454,0.31464520080349656,0.2644542012931793,-0.03111844033331871,0.5426512774836795,-0.43125273852227497,-1.2616487182868923,0.5266255585235743,0,6.768877174904229
-0.9292184670386504,-0.6850617499383052,-1.286344333446248,1.1984502894925224,1.0028688102892653,-0.8947147736513507,-0.2821525107007359,-0.7906120213149258,-0.9824192250804471,-0.27513376143208484,0,8.313280696973138
0.6353421813213739,0.12732585803128865,0.6167335201027327,-1.628632399385089,-0.7113032828802268,-0.22677400320456975,-0.31715465039710905,0.41140479719852197,0.34228263184195823,-0.40564583275233607,0,20.26372163676892
-1.3031300485468942,-1.0960630016598027,-1.2967363166439834,1.305922686606103,1.6948496081687825,-1.464765654097169,-1.583134951959373,-1.2362002722743293,-1.5222077542184318,-0.4310903151002482,1,0.0
0.804264954006336,0.4636022131594255,-0.10947889099484161,-0.865566872804225,-0.9498462651797127,0.5975540097640766,-0.043518383594268184,0.3167297868996858,-0.0011410380079073825,-0.9726122788928782,1,0.0
-0.9860734731600378,-0.6881523659143359,-0.6052480836122353,0.4095965453659421,0.84853309180162,-1.3487033415399812,-1.7960254636499176,-0.890062264208125,-0.7432231304668577,1.6171578498107626,0,10.149603523049462
-0.7345929747672749,-0.9860629599346409,-0.7549477463408509,0.24049369139095703,0.8391000709456278,-0.7233242699263871,0.011340377043770234,-0.8897621990852534,-0.4407636335260503,-0.36023026702397754,0,5.351051092248671
-1.453801081705761,-1.176537008506015,-1.2878233250708626,1.1478261618410037,1.365988030025958,-1.5556608676043955,-1.4308102120176283,-1.3868830387847875,-1.7098146994271108,1.210783561629168,0,0.0
-0.48185265757487644,-0.11849495117824034,-1.109921207017139,-1.4896550057470574,0.4143733382153383,-0.6284981468647863,-1.372062809313783,-0.3769136614996801,-0.6126636591384932,1.521171485423361,1,0.0
1.0049047936732438,1.235242802121906,1.7928877241137462,-1.258085246443613,-1.2151690070158714,1.5404224773845916,0.675745712327536,1.331902094644284,0.9200501114509244,0.9874530427852255,1,6.771923675462524
0.5420942005579306,0.6065393249006609,0.9831209034988847,-0.9457304496834138,-0.6552568413710318,1.1753475715253472,0.3507609011719935,0.6893581936130109,-0.3726818535169434,-0.4717690192446591,0,12.42179983151804
1.0080355953661053,0.908132879302282,1.4215285809437597,-0.6092689413909393,-1.1569692285456379,1.0342753064101105,0.8293806400808589,1.294468786886157,1.2419077576006055,0.38069278339315704,0,20.428445823374037
0.5486529615933309,0.3627777948866844,0.2837711789105187,-0.9143528529523467,0.936887292161274,0.03574051854100019,0.6814647052623497,0.3548239819609439,0.6701605691379335,-0.05599858527494569,0,12.400028955041138
-1.088216243388233,-0.5903918947658615,-1.87773543275145,0.8279989917717714,0.9089865449567787,-1.728373204245306,-1.6851608325559049,-0.7084080823875483,-0.2721776394407943,-0.9535207319856136,1,0.0
-0.3100794300527018,-0.49894981582678616,0.9182671224964195,1.075751837686544,0.5670008062021472,-0.49021884231460106,-1.7960254636499176,0.25530893143851613,-0.15540394502231614,0.2996961353501892,1,0.0
-0.7625456833045114,-1.0353836742589873,-0.657566147785647,1.1819219396858345,0.7682012282661576,-0.6353807256006517,-0.687643734633865,-0.7338034908475703,-1.2223622950271271,-1.2344987115859756,1,0.0
1.3625833093241944,1.5194501793880135,0.6942158508541787,-0.7240669760676955,-1.4805272946587917,1.3040924918018388,0.9200016387921188,1.401522500283005,1.2981451901651782,1.1807005758267264,0,32.716690332230705
-1.1819683440685935,-1.3653244585425255,-0.7203602238881719,0.7595949618051497,1.0984122568022447,-1.6429870917505487,-1.5349995809719672,-1.0797742191473312,-0.6923939398931809,-0.5054419172933267,0,0.0
0.9227349785755651,0.6090898282720321,1.47181733092238,-0.5293045780127558,-0.7164178132088966,0.8639282448141963,0.25241873181482305,1.088657379785704,1.0498786900422499,0.1739728762827367,0,21.246363750147825
0.9219861007264447,0.4592720534661087,0.7616324886655272,-0.9388453480721596,-0.6422306153558976,0.7047509838771042,0.673740396126328,0.6134512549142316,0.6672804820292157,0.2577834143806158,0,24.088549946821544
1.8650225160177534,1.6549922723279757,2.3194429424422256,-1.7431042539579014,-2.0295714969904957,1.602071592899008,1.308817247277469,2.145301762913634,2.455878149304175,-0.2955157622872697,1,20.560603341254463
-0.38951336385461816,-0.38889214949710904,0.33378159021165416,0.547203976710487,0.2353731870973117,-0.12470623387728438,-0.16273340894602042,-0.042505260876831596,-0.37018647169577135,0.5674043411349519,1,0.0
0.7401259494252576,0.794202724977861,-0.01711518517897616,-0.9716021191438888,-0.8727790463330073,0.1392203883832162,0.3386615731194656,0.49980019802021275,0.35858651501594707,-0.515938983410688,1,0.0
2.036561033833377,2.252978688701667,1.297678632226086,-1.001238646127968,-2.1799592641829086,1.7767869031566197,1.127959903602203,2.175786977289813,2.6930104239977055,0.8578376830411024,1,20.13887390713733
-0.5988827098279172,-0.40576242218342,0.0854103869023259,0.42934871063977714,0.5571897905076963,-0.21381428465058896,-0.5370114811144551,-0.254249777490325,-0.3471902658190115,-1.4048582137336072,0,2.6914773712583906
-1.5225203278537025,-1.5094686587652935,-1.87773543275145,1.6476318918361867,1.7010261395696449,-1.8329247347859485,-0.6426601226043129,-1.6834974138403795,-2.11281932577843,0.09766099753878306,0,0.0
-1.8698361859661878,-1.8451703673742423,-1.62821337136672,2.170271784826543,1.7009486878509845,-1.863819659838818,-1.2036719700639757,-1.9752393311167447,-2.13585162523684,1.9473388571257126,1,0.0
0.7405184701308057,0.875260204088662,-0.22810806526235128,-0.11206924455760435,-0.6526819769686676,0.5211403839170524,0.9214303601150295,0.5698210778869448,0.12481015854320263,-1.052129563276019,1,0.0
-1.872997715824423,-1.403887544475503,-1.8258458058625782,0.8836093009385438,1.82321565861349,-1.5783642046400579,-0.5350126007131377,-1.2457275097399465,-1.047198183886387,-0.7229353186806513,0,0.0
-0.35189169486761795,-0.28962044344880145,-0.45885153145127655,0.5329125416723894,0.21170950342179473,-0.3227005248980702,0.03485659677532558,-0.12426864570698443,-0.5091172290055626,0.49312743474310394,0,12.36790239877566
0.4632466948958804,0.31318346517461526,0.18148897111005613,0.034739869436587335,-0.6617183332868786,0.3527847467957664,0.8499633940164475,0.3503266082915273,0.4185432548778243,0.1519529990635969,0,20.52938802410396
0.2093943060680558,-0.08878355214489314,-0.1446307205185801,0.27833071013733024,-0.1586076176206749,-0.0011072980732271594,-1.076343149328066,0.03921967824154525,-0.28787065692973396,0.32650508690538993,1,0.0
0.45129765790925785,0.006837949146820401,-0.26893877444758424,-0.9917559881098025,-0.23296568821243102,0.19963967688601486,0.2519853107194637,0.3442266935503402,-0.5746639819048397,0.46790033358889954,0,14.401535411425629
0.24676103223005302,0.44832064980435476,1.5820042159435004,-0.5720988512362326,-0.21344614303431939,0.8110253934946747,0.4994545671533221,0.744369440069522,0.787395391619895,0.61641581166436,0,19.760051232180867
1.3105225552323838,1.4430613010699753,2.2108360732330175,-0.6298409915087643,-1.5231923119693698,1.5523105017849725,2.32003644436855,1.3275736826292663,1.283210590017106,1.101123688642927,0,37.5243616486004
-0.9358334705363281,-0.7140535858682379,-1.4576080737742365,0.40620303029578486,0.7303475676707063,-0.8569145891250045,-0.13982172482861438,-0.5664183173052294,-0.34364792702943536,0.3869060687802648,0,0.0
-0.6586398225827466,-0.6611845583942829,0.4082362423370104,0.40789019704457696,0.4185008970327328,-0.34649968004785564,-0.7394249357363756,-0.4979540931510975,-0.7639588601866834,-0.277506953786826,0,9.559344977287637
-0.7549547235494376,-0.2897620404971963,-0.853003467367226,1.482314421768322,0.6943404740609685,-0.47704962460440903,-0.19133783325095202,-0.7296331888257847,-1.0241960161936063,0.6550434131510964,0,0.0
0.8587972100537147,0.6884594354615021,0.8000096935425732,-0.7853636034635596,-0.7532070861662624,1.2661602322748131,1.1003858204496106,0.2602903553118252,0.39091493723278165,1.9074919490707871,0,23.41950481835704
0.929481449079057,1.1911689146183688,0.7438656571544053,-1.2056199348641525,-1.1266371861531261,0.7716065656783095,0.8830437933252883,1.2438454681895235,1.758743928257295,-0.16665798276126223,0,24.44317816290172
0.47725344085358945,0.4566528470878221,0.013348134844365634,-0.8900109812814935,-0.2832325884667349,0.2655090230292872,-0.4924415851574583,-0.05962551066283671,-0.07067845935386771,-1.0257990122342058,0,11.528840133004111
1.21450180157992,0.9924729268960335,1.6044365723922474,-0.8953490471217315,-1.242961122003912,1.0878703326838877,1.0801234795514219,0.976069937186299,1.0671746715327783,1.0984508645838444,0,16.860647029310343
-1.163093065056929,-0.927684140586819,-0.8781517854321502,0.3031538820566366,1.1707627737979842,-1.5784921070670945,-1.484364231472633,-0.7286965622657173,-0.842199512659794,-0.15415441723213985,1,0.0
1.7015220019513597,1.7676388916946078,1.137514601540707,-1.6272585867146019,-1.0757826213776696,1.3577659482582844,1.2502152055892015,1.8095302988729707,1.0231272845645916,-2.2484820757888766,0,21.19803683386967
1.5565572950865205,1.6125355916823745,0.523670496413398,-1.1940373686564614,-1.7479259996057266,1.2692493494502808,0.5206270803997768,1.1338738396064028,1.4465375551358022,0.8334729921863135,0,35.10902124361272
0.7635842447088268,0.7678433365380591,0.1113069171215762,0.009000874146596824,-0.4480373851662136,0.10009957536010917,-0.3445706051051124,0.5041557394608831,0.8170817912390935,-0.5776012547270462,1,0.0
1.8168759998553885,1.7432020609122922,0.5386906564210808,-1.2450477989873965,-1.9918066396356326,1.5577683745159139,1.995623436803058,1.1696578352437947,1.38210059532472,-0.12369512864766444,0,30.8973162460421
-1.6449301498223066,-0.8478154635067888,-1.3453701290740638,1.0511387287578873,1.4849907247442327,-1.5125709816565902,-1.7960254636499176,-1.1676657794193217,-1.1920926267242633,0.30747329450962535,0,0.0
-0.5050553781975425,-0.11708220642006964,-1.1211110504002935,1.054056278679207,0.6988965324032833,-0.7010778868029401,-1.256102976857443,-0.40164628662971597,-0.159453430088216,0.16309454019318187,0,4.594064403489972
-0.7173446882491235,-0.4603182958518802,-0.7419915529814787,0.45929411755445904,1.014975431054827,-1.0392385764887755,-0.9281052849887322,-0.683535890760282,-0.30106589926541477,0.692676944031065,0,2.3584285732884034
0.7493453896767973,0.7633916442818027,1.4490879341443463,-1.316878980445257,-0.8119097327804367,0.7405189705665384,0.05721949348217116,0.9477690819880303,1.5222205126329076,-0.4757142698046537,0,15.491656477083136
-1.0343231136436646,-0.6787816701523659,-0.1314442463763182,0.8036370551691021,0.981349902956115,-1.2586904982919216,-1.6515966581127617,-0.9412460318115773,-0.49844729206619937,0.4923089539590361,0,4.573764829494007
0.7856061518102795,0.9209206065621246,0.6430697594339393,0.06315159282225156,-0.7240214141734802,1.480828495286662,1.2350780792515752,1.0898970028712787,1.0138815022705092,-0.2961706108923194,0,22.146586576498365
1.4028163178231896,1.36498996361658,1.122075484981239,-1.148360813292447,-1.1978945003882142,1.369531475051703,0.09305908524348283,1.4446566777201817,0.7869696687878356,0.7226369935271028,0,27.310687377372453
0.7228902652088727,0.6125083464992435,1.7310755918934364,-0.6347325482893611,-0.9213533699418898,0.5412007784971484,-0.2598771276996141,1.152275629453641,1.112404573605129,0.5966653781980057,0,22.203371232644816
0.30864018541736,0.282011144618999,0.5773647913148201,0.5851105629089569,-0.15589923699892222,0.24396951084961507,1.4957644192436155,0.6495319847428953,0.6789105997128017,-0.9859076738701569,0,17.504464553027734
-0.9716322465980696,-1.8806346950932202,-0.9899119716233591,0.08396595966515344,0.8623393902968344,-1.3020748998790759,-0.8094690529449942,-1.7545510799787236,-1.3580674350432262,1.0769201266407187,0,5.032515848140198
-0.8296508063600752,-0.7228970702813542,-1.5269449827520383,0.03682803062441712,0.709770332075578,-0.7708223974037481,-1.1622334830947518,-1.007680035532105,-0.40617507505757866,-0.5782495265981106,0,0.0
1.2810767447407014,1.092611689530907,1.3078911813203307,-1.9823189614243009,-1.3690818634196666,0.810872919907602,0.891581584497901,0.7357956869028568,0.6365026665029017,0.7933027797616666,0,23.47553450570922
0.8076086301491722,1.2667066528166548,1.1749849455841619,-0.5186411542095485,-0.867630327085262,1.1421859377707022,1.259864716679808,2.050115322854649,2.731389448420542,0.343503509041021,1,11.093458081741714
-0.01632545666656841,0.0002712924769503204,-0.37908899405056873,0.09263782416652688,0.45368568624206473,-0.2505520928516077,0.39964803658487613,-0.1537350434442567,-0.8931870488212708,1.8445298578007148,0,16.155225550531142
-0.3977922396796367,-0.7310391854202839,-0.14514052453341755,1.1526560030585713,0.33263682350317575,-0.6622206402086499,-0.669108017328665,-0.3365185580987168,-0.16723488733738848,-0.25935083518091634,0,2.4638447751347736
-2.0166255676276985,-1.9413099639747204,-1.8775591507206626,1.881554297895196,2.4507921693114425,-1.9729295321349354,-1.0206184215562393,-2.2909592573462714,-2.1988524258165185,-0.3877795893388598,0,0.0
-1.0551756487859418,-1.3190996261876347,-0.9734552278557128,0.6993122405054559,0.8367275163978828,-1.2799368140280922,-1.7960254636499176,-0.9363329866419869,-1.6776601992979239,-0.05112475270904875,0,3.7650667074305177
1.9473776995892171,2.022972443704592,0.142242364468548,-1.7106042498324399,-1.8488787602108352,1.517362003677025,0.5068767475457088,2.0101636929406212,1.7753910126194536,-0.3406975009499425,0,29.745178268199776
-1.2662042709598178,-1.117798746818024,-1.170908249395119,1.1592808360870908,1.3895392772997606,-1.3657909513148059,-1.0545279777688614,-1.1756872688693387,-1.7203964541486512,0.785020636605995,1,0.0
0.2137278630516558,0.5046858346690996,0.7661373866400343,-1.0789719721668525,-0.1860608384097085,0.4761866636529224,0.560052497268469,0.36115480187803356,0.24344997687522793,-1.6807266271691919,1,0.0
1.0372548285088181,0.7671394763432651,0.4945017058506478,0.5148722005579187,-1.040461882966898,0.8805714754505636,0.08044268575830893,0.571473679190749,0.5319222048637291,-1.10657350686978,0,7.541866849654674
-1.2404977237030737,-1.170736947561278,-0.9860583595702779,1.3491432510972312,1.166958445417949,-1.4225425358220996,-1.0385716708874912,-1.753092363422419,-1.1930861734636522,-1.1209832550593215,1,0.0
0.20892608122360667,-0.20166143616379473,-0.2664557785298198,-0.08125847015965951,0.014974438751294252,-0.08422030666185187,-0.5206198547883173,-0.2131706413193126,-0.8382167411033861,0.9384664321792406,0,15.315204460251705
0.9672535435942107,1.150772024642827,1.0277931042063695,-0.530130696215317,-0.7863173270343965,0.9045425868387167,0.5144191682863484,1.3121078308304024,1.5648747600091866,1.7143463909645575,0,27.48042227824481
0.035543754135323104,0.20098278658037025,-0.0885943508678404,0.3339478758330089,-0.24781110259135988,0.036956057809696234,0.6545907838382297,0.07317855592992732,0.08627544204829225,-0.13789612028358372,0,9.640438006997922
2.036561033833377,2.115371727989521,1.139420088710053,-1.863706507298195,-1.7953706033026973,1.6898061477514268,1.9306917401238344,1.7898386878123578,2.075355883564399,-0.20358723763475856,1,15.140990343078672
-1.656987647793874,-1.5804312405402845,-0.5682044827159287,1.105405568999979,1.5051139030553566,-1.5361405490792184,-1.7960254636499176,-1.1525579184138646,-1.2807556346959024,0.040179764783023174,0,0.0
1.0888881613910906,1.180945686343409,1.467557222489114,-0.6447361043511183,-1.241596416349619,1.3229369720223105,0.347258935778566,1.4061662991334258,0.7427249956553906,1.1543709780002915,0,23.4567088432464
-0.15101750126455232,0.3497684520448819,-0.4748069309369456,0.32609958922796595,0.3829992227965922,-0.06392567441666251,-0.3652071930345266,-0.3702751971216035,-0.8691640669335677,-0.9776564804512219,0,13.14998279969581
0.800129258937628,0.6922522824776073,0.9711274306045378,-1.1364481524529255,-0.8946034522235946,0.5877227565054803,0.41864504875257935,0.8418443299164136,0.23419665643702556,0.2119444026454272,0,17.615725100049488
0.4672678217250816,0.5006537078238498,0.7188007582349543,0.33127894545130304,-0.3133912698060077,0.46530803709113255,-0.09344305868171567,1.160232297470647,1.2409499256096475,0.9638663199636616,0,16.452475340001875
-0.7151828215595115,-1.0047274160158801,-0.19894446117216874,0.7704202970332489,0.5287712629894037,0.01700648237666159,0.6486339443614869,-1.1394615221988296,-0.47427841448352837,0.4800512783519672,0,8.574005914262024
0.25351317872664575,-0.008777848230010042,-0.7888968716014678,0.15421650269101148,-0.49104284581773705,-0.26854222198624883,-0.037401458039183204,-0.2622047540355994,-0.4891310154159608,0.16215767131663408,0,16.386996876305265
-1.8475772473309844,-1.7343732156706664,-0.9205315828841062,2.170271784826543,1.7269375706606234,-1.6616183332174586,-1.1383556362579506,-1.0562087491417305,-0.7606518826977589,0.990244265195143,0,0.0
0.6303094950916837,0.9488184304026966,0.19392151737040822,-0.548871022998492,-0.836281228882491,0.587494446510604,-0.3908004398267466,1.021269536285295,0.30301151307653157,-2.721392777357701,0,8.541007974204181
0.3231456099308739,0.24296178628816775,0.06559023065000431,-0.12462391441861183,-0.23049321815664575,0.30572354180233696,0.9674166937786953,0.05137234772188292,0.09964805847786218,0.6604536303490632,0,15.069359425326349
0.6659629977610265,0.578283746080901,2.13579518752462,-0.16391941158980025,-0.8201438005315419,1.3244784274730115,-0.8022022957975452,1.050277933120426,1.2268646149764149,-0.6987811872788094,0,20.712399590639933
1.0882738067114328,0.9321327920640581,1.0932040603344284,-1.3433952204259398,-1.1720194746484656,0.8372411101547191,1.1845801684128776,1.0268250701557187,0.3455100989222954,-1.899439114364711,0,17.389811731141403
0.39307937730827314,0.22598392763916328,0.10657887161717569,-0.32454971085634654,-0.6073058844615069,0.09198614271914766,0.6405467886941023,0.004000124216773122,-0.094863182089908,0.49036677000010875,1,4.030741789422179
0.17205597364120853,0.26442035814802933,-1.1611009718336585,-0.09362595741369359,-0.33284688560087455,0.28376409225917437,-0.09472039549121836,-0.16330618369463,0.12349085366252295,1.3704893478138966,0,20.67360615343133
-0.8641008825099492,-1.271919899112662,0.12322628176344555,0.24092489714821316,0.9600183062017478,-0.34647661806458724,0.5029849147074569,-0.9040415458448987,-2.069986342222646,-0.17157137719132196,0,3.0860372610691247
-0.6941050103290162,-0.2693978927312464,-1.366397503799711,1.8207585510738542,0.47493579841038547,-0.3270030037285294,-0.3531514846611563,-0.6709625482564242,-0.10126552872777048,0.9410859691712763,0,8.336283285518874
1.217764795953845,0.978364706782627,0.4223455947456122,-1.8168743868744865,-1.1919326181844985,0.9967041575330551,0.8113225229546526,0.7056878699109366,0.788804777946603,1.6139969702397332,0,27.337568907357717
1.4690630673830256,1.6387700949285076,1.0313665503362761,-1.978861606768096,-1.0970631753862814,1.4601454044162019,1.3711994004837258,1.1861607736142812,1.3766814961281613,1.3105419365017574,0,38.17068047604958
-0.21677035180953894,-0.5817044728904821,0.6757651395163086,0.8737957891225846,0.2361799455044568,0.499255253342824,2.4437502232224784,-0.27483625773617415,-0.449872407257423,1.6422503699208157,0,26.59982556148618
0.06927502969433373,0.27867686099818084,0.5294530315505199,0.3065020359048495,0.0797667158297974,0.40735267780066653,1.1661576273235954,0.7686864971182742,-0.025754351844795326,0.7260219496734248,0,13.46627813626004
-0.8878070528227701,-0.6393661354474703,-0.8190857780389632,0.2247358414146265,0.6531801919948026,-0.4089751029782275,0.07865177697785965,-0.6500481203062881,-0.4126954170235388,0.0456714752492727,0,7.783622369519915
1.2036919609431658,1.2819437252477492,1.1927150941927125,-0.7409368051892304,-1.354990939906884,0.8388272995486271,0.04563679800652819,1.1531449696755705,1.0245390145885653,-1.6660879904105932,0,14.98172702783758
0.6929016195635107,0.37500340591277304,0.2275168149531546,0.1598466083730379,-0.39417412911342636,0.1545308282741126,0.17556258925799278,0.5019982720367059,0.4554005087476197,-0.28241020997911376,0,11.994073486185698
1.977378701632182,1.9841512201415537,1.7335792714879308,-1.7537508822646242,-1.885832074583113,1.4886961498545301,0.6421689058442934,1.8946366781328225,2.1984170969183823,-0.8918270949857884,0,29.34179576544196
-0.8613369530580537,-1.1743457114795528,-0.659318503359946,2.115377767530641,0.8397766576062787,-0.47004002592471494,0.10768040588136996,-0.626497223876156,-0.3002725117116002,2.1841051673285015,0,17.669735406127117
-0.35761922967235354,-0.40963929966063345,0.29212015889180715,-0.6072248208784836,0.36265700161426817,-0.724013860940493,-0.5449554113005497,-0.14557324368400001,0.6226058934530493,-0.21079602837393485,0,10.33614576992081
0.25597936756557205,0.566877667966115,0.7998585030696416,0.13305630376643096,-0.36880266224499964,0.552833967443891,-0.32644612193390987,0.7776827050241559,0.7579587348828241,0.09442119242023574,0,15.038325730848657
0.6738456128445027,0.8978066850111063,0.8641633628667525,0.017412806954555334,-0.8930275576015984,0.10241011664016937,0.0921645391316337,0.6350046536818248,0.2901610236159575,0.5314747028604719,0,22.85387804660472
-0.19417492398030692,-0.17175510462862362,-0.36597491870170945,0.630778167951313,0.3069427066423717,-0.3624714907839512,-0.8954181520917808,-0.13060301056337983,-0.22663627988136353,0.013188249450522674,0,6.011618960522696
-0.8559385005138208,-1.1062499444806326,-0.2563010484816584,0.6306670092387654,0.8614954520948003,-0.7606154662651797,-0.5678720107274077,-0.7815654912782313,-0.5847827898563329,1.6984652784753251,0,10.651406850243358
0.9103612351434841,1.0792550554173659,0.7109072851242226,-0.9585384895993063,-0.9850921219234975,1.2899180800467347,0.4496115181474056,0.9735118301153252,1.3016954656715611,-0.6667111260362877,0,25.94467345822268
0.7489990892524162,0.7351396678636222,-0.013057955970049079,-0.4296679018922903,-0.4372054545586933,0.5880086342743703,0.4542793511867435,0.3825399533694842,-0.267394231065623,0.16728645972671352,0,8.492859130332233
-0.899546073895414,-1.5545999073660612,-0.9751518238061916,1.2073672053649374,0.7337978154085381,-1.3199085421438055,-0.6341103725718965,-1.5691580563006717,-1.4729076959844043,-0.7889867797030202,1,0.0
1.3876203280725263,1.5789150058843244,1.2117902330425698,-0.9042336016407606,-1.5210947630145573,1.6663584487316454,1.2835896770797113,1.5324349439870852,2.0695008731577573,-1.378369335511486,1,0.8125549397045342
1.2011164274915327,1.1560825012320746,1.5494386718477209,-0.5101970606987096,-0.9360462435057657,1.2478495308519946,0.7208120193558809,1.4090568850835128,1.1863723105087254,-0.655607982672374,0,25.7859837078499
0.15816924813450847,0.5252361873226488,0.03273618803201584,-0.6857068392665593,-0.0241370863805993,0.3800775032775206,0.39897567131121286,0.3756461105227988,0.7015177271259583,-0.06910281614126944,0,13.455595581707373
0.10309861859423923,-0.22178404619120523,-0.6244094869561589,-0.21989879449159738,-0.17470611969621258,-0.550873632588163,-0.03997115502057566,-0.22940251629950315,-0.030974705659228642,-0.4694034470978191,1,0.0
0.580785235951025,-0.3919152123288061,0.5263401812496661,-1.0134428282428896,-0.779666705783397,-0.1854341101783382,-0.9188891644928007,-0.04632314166122925,0.3368608267328615,-0.7379119528445104,0,11.580248941980772
-0.8446039167330042,-0.7165661744387781,-0.6215278522703738,0.5247983691505301,0.640630089947787,-0.7492450784279246,-0.4871377110614186,-0.6643569216052183,-0.9758878175836915,-1.4664319622320003,0,0.0
0.05319514414892036,0.14926186128732902,0.16592112197344128,0.47997874160025117,-0.044989504377273844,0.22491362519710312,0.9994036541448934,0.05504806949600863,-0.30350613300951773,-0.11611526903873359,0,9.66638628839103
-2.144062055397626,-2.5593564861361338,-1.2180345470792369,1.9213992474433357,1.9709043452362558,-2.1043198111025596,-1.391019411876579,-2.183444809025407,-2.047922783753405,-1.5668505674578306,0,0.0
0.9053756749366568,0.5838310618290723,1.3690727021851539,0.5755049425008254,-0.7053201890190998,1.2672078882532443,1.0294890298806456,1.4494256120647946,0.6901645976512042,0.7443176708825713,0,22.474521112884627
-1.549153204248051,-0.6450272421888478,-1.6275168128753654,1.4465463544861843,1.977219670500154,-1.2824035540173506,-0.6757176816105982,-0.912053504109891,-0.9993565212899304,0.052821103209157845,0,0.0
1.5366037180841612,1.3932098651233418,0.9175706773736787,-1.3210178759352935,-1.3642467894533747,0.4832666195580691,0.6460397392439482,1.4553467422991981,1.4395833534368443,-1.5187154810390604,0,15.922489469057831
-0.30940574906748036,-0.0661626118906641,-0.8656295802955208,0.3169495313256574,0.1708041299460009,-0.17980357529593013,0.30031881726707127,-0.1941642123439687,0.5248775825777924,-0.3468502998195656,0,12.082512329189862
-0.1901470606910579,-0.36903875063303593,0.2700153894977332,-0.18008795316056284,0.30766744074680186,-0.4213329711715275,-1.7102045963705446,-0.2265451854032297,-0.07270046954240243,-0.7988710048801706,0,0.0
-0.6090435742462487,-1.2061753898547058,0.3698830221773876,0.49223720748309974,0.45468654381830453,-0.7180524654058242,-1.6457668688256788,-0.3891677204249554,-0.1330352321574963,0.2944051586839113,0,4.72187954420864
-0.2670383429137503,-0.29773964724017804,-0.39820124040168225,0.8192964212219497,0.06090854498869393,-0.4260242154284262,0.2629438675322339,-0.45016455426505897,0.03755002314841826,1.3366010107144195,0,22.50525666561125
1.4511379249073912,1.3232322785073458,1.070116313132731,-1.2176628048398088,-1.6572018888300069,1.042228794539762,-0.1747504317186709,1.5534288462852712,1.0382071001523507,-1.944891040131233,0,15.67784877125587
-2.4817683276050237,-2.4936699478904503,-1.171939866028635,1.7406215825120774,2.301984246880664,-2.1416865679860444,-1.5339262355559606,-2.207370319093122,-2.1496773515607455,0.08607493092412084,1,0.0
1.3086092035750172,1.23198374852623,1.3973010863097588,-1.6416813625421365,-0.9763329926023425,1.288999333011559,0.7798160055836751,1.0776862320124112,1.9743210875524935,-0.1947203251657847,0,33.20913721810267
0.3632817391771036,0.4387580341345768,0.5722739702051981,-0.5647368621096723,-0.5353657572102479,0.155338925080192,-0.5677528095568112,0.5921295780833783,0.49499469111256195,0.6537845187084176,0,12.66812264804616
-1.1922709381316372,-1.1800542529979672,-1.6874010147539542,1.0715144501012448,0.9786630662715992,-1.2798272252800444,-0.862961825343403,-1.6346716864252013,-1.0827421421173093,0.18625641517003408,0,5.257511795541022
-1.0596659545600953,-1.389234277124127,-0.4628117104561132,1.5467965395249053,1.6164796184986305,-1.3806123348296422,-1.0423919137171962,-1.0273878978692064,-0.5958274056062609,-0.7986800989892797,0,0.0
1.710753273602292,1.7996280294837903,0.8753425515410442,-2.009485812567044,-1.913553997962148,1.0782165167950666,2.2147316416590486,1.2736371334538275,0.5785901210761367,-0.3568968214857604,0,33.098702574288495
-0.9289776596632868,-1.4707976598374684,-1.43520402239493,0.6335386863915081,1.0282308305496044,-1.2934120827915383,-1.5101385870183097,-1.5135560106062218,-1.3021878390090451,-0.8436390822342178,0,0.0
-1.1382347940112336,-1.7022321042530706,-1.1393360573468105,1.0614802281329718,0.9624463474098077,-1.9302636530792774,-0.6831088881783685,-1.9145436234824116,-1.7365405103049736,1.0667408206453128,0,2.236952189742176
1.1680086219021533,1.3549199455110208,0.6300915683399766,-1.9985198911185724,-1.3788475404409144,0.9939644170654501,0.9983700132320498,1.98375069444642,1.9566513145845021,-0.009559155136255984,0,25.801584687644286
0.36381473467394154,0.5126052124845444,0.18052329722602464,-0.7676242581421563,-0.01327264276675834,0.5780662067892754,-0.0032674440432455387,0.006430380274195352,-0.32763643240697127,1.9088275085095054,0,24.556588754214257
-0.9213447973020709,-0.891902421552342,-1.6118824544266988,0.43676567687452417,0.6942597996597368,-0.7675377919683897,-0.15053965450067264,-1.0756490678049724,-1.480043691252086,-0.0932107495838425,0,6.627201419455617
0.24105762609528575,-0.18000095252993537,0.7825028352684164,-0.6404675437329779,-0.29132369154541204,0.2675251416722295,0.5435222499399449,0.45398158153528256,0.20157025031105041,-0.754225194310581,0,15.448556503257176
-1.0097691993049929,-1.1733274821018858,-0.15378335196189252,0.9743211846596213,0.8207724376932994,-1.1223904376980685,-0.9390421592138438,-0.6197999978998698,-0.645934788447922,-1.5760288203983739,0,0.0
1.1312672952582936,1.0169589723812307,-0.21210532158160147,-1.0830378458058982,-1.3359967770434928,1.274007234437459,1.1711721971819877,0.9256031434908153,1.3341976002001095,-1.8713827199370208,0,15.609387973101835
1.0915485670615181,0.5760775419514195,1.4992893651568375,-1.2567269796386495,-1.3008927281116676,1.377764869815222,0.6925292923136257,0.8133202948024533,1.489235834240555,-1.6478928927358731,1,0.0
0.5585836952466074,0.32318896998650387,-0.009120198445129986,-0.27178777749559,-0.7619826500492167,0.14406546690483424,-0.4657445046759632,0.5937500996031906,1.1047119412201996,0.24129114581951353,0,21.699226760403626
0.3870800738606417,0.5788425478144775,0.8428427152663078,0.5618867791976209,-0.6054243533471114,0.3114176798108824,0.705855457093875,0.8220506146879227,1.0919180158329287,0.4878384427892459,0,26.14760431454512
1.796125046060004,2.1659137808790505,1.4592493209263504,-0.7138790595694083,-1.6674585558908104,1.6887782809845477,1.1903801686592472,1.9585408566171425,1.3942027965559411,-1.6448873211575639,0,22.769325255912293
0.022643620958085756,-0.09486610236601135,0.0469549353729453,-1.0444892407314983,-0.10971706832709649,-0.20000485139630098,-0.2603785969981275,0.0934011249529862,-0.10493237538953328,0.8820650129727947,0,15.646587527319417
-1.166952392336147,-0.8818580880975994,-1.0667558046486436,1.3150647254968986,0.9981465087360657,-1.5724269427643027,-1.1478312329350888,-1.066781921674098,-0.9327346238122972,-0.5242634753520674,0,0.0
0.47549012339599384,-0.11157376130951487,1.1278744751755367,-0.5191055867459674,-0.5821615624877751,0.10290492962638478,0.21277974906408956,0.0377982920912119,-0.2397391278373937,0.11849258073005114,0,17.716686584941126
2.036561033833377,2.164809265865524,0.9603575977499971,-1.7075813003104117,-1.6177053665688126,1.608889360945577,0.33824545091480557,2.167616406237964,2.2324405644813505,1.6139381600134046,0,33.913750058317
-0.9987012463222416,-1.19171307143691,-0.45453286937932524,0.6530546872411543,1.3021416684640985,-1.3767041346424036,-0.3308331598924934,-0.6181499364006948,-0.31571262699463726,0.8839029066594989,0,8.405238293593984
-0.3409615771539914,-0.22443584376910727,0.3849603693520319,0.35055134972401797,0.3857177506329643,0.04080306190821416,0.06792895374132295,-0.3048207001081698,-0.09101431929113131,-0.3053386097434114,0,3.8556255964931294
0.44223763257844984,0.3598892144313597,0.8047246482026873,-0.3161134271151022,-0.1696014537026838,0.29394031199812853,0.06356681391213471,0.4471314709428865,0.8079698494972944,-0.9407548480741014,0,16.0988046347921
-0.03131201849687845,0.3789346884499875,1.3710228172210734,-0.28783591940461334,-0.12250589084812874,1.037257757136614,1.0849652635077287,0.6192450080361795,0.17513423186827695,-2.2272007527591535,0,9.078682623765568
-0.9660246072276679,-1.1816314816653004,-1.1051802289039738,0.3615217677102101,0.8153856016712119,-1.4364598502628636,-1.064886532685618,-1.1316189603705369,-0.6938233853324894,-0.7651918800744741,0,0.0
1.152446817882443,1.3062710783832967,1.5371642930743532,-1.253675879229637,-1.1492137965192313,1.2450876069149475,1.4743910323199287,1.41081668664959,1.005722955036667,-0.2467624050561721,0,27.869996250109693
2.036561033833377,1.8811497564135284,1.636133353029284,-1.6658168518150027,-2.0091991953008916,1.7114359603313791,1.706245360064347,2.0879009387555723,1.5495910126470864,-1.03870836311271,0,26.36824080694874
0.22042473733625825,0.17392856956350813,0.929104391095728,0.11406541778494866,-0.30522454797485926,0.48994427566918625,0.824704453333336,0.16701858389013674,0.3510851553186132,-0.16525300138898394,0,18.60743957237522
-0.8872572537464615,-0.897375028228186,-0.7291134752933915,1.2164754546922318,0.7457610214198015,-0.6244139130531173,0.32665410745314305,-1.1200194941729094,-0.5663306407334845,0.047118770756809564,1,0.0
-1.536535274447167,-1.7207410799880545,-1.4940420780040784,1.0724883800031813,2.267041836193101,-1.8638981425557137,-0.992073604905048,-1.313230076429666,-1.0608652744395315,-0.26076930750191857,0,0.0
0.28268985197771335,0.2772797242832993,1.0240461611875016,-0.10674509284519594,-0.11639664556540065,0.555295483498013,0.30482878440412703,0.3552231190697789,0.311517213569155,-0.6946246511477815,0,7.932426502508003
1.134344023032732,1.0803629989676518,0.6583619572668871,-0.49278446634483664,-1.220779854396126,0.8302220567522688,-0.09853854987163035,0.6012898552060645,0.6757296501334363,0.1408020570983661,0,19.73653406695054
0.5013586957734573,0.5643814101325845,-0.41558279489588956,0.1676744120144761,-0.4296357233763133,0.15607773842769487,1.1717350833664422,0.11525363535755259,0.14359443545357264,0.4196860514687817,0,25.434958194106024
0.020539237827029374,0.05535357835461427,-0.2800823458292011,-0.0585473230808276,-0.18998097991947668,-0.13580885944068496,-0.31077644058028603,-0.12616986363340243,-0.5988713212284269,-1.1440422727958035,0,9.48872787226815
-0.5703197457166953,-0.2964382280757998,-0.09272188012108132,0.3722831609356134,0.3398567163784398,0.07844649880126559,-0.2892009383876374,0.1643069192398278,-0.38797370563541295,1.408526703280445,0,19.9833725993346
-1.0766317961989842,-0.7446762984884951,-0.05161063353531907,1.0323553698835242,0.9131010503312055,-1.193526629194991,-1.7960254636499176,-0.3406734505233099,-0.383119796475813,-0.1319149749647372,0,6.946045751218692
0.8633877328779855,0.5217260510982172,0.7930493494463045,-1.3711495453626434,-0.9682867040865251,0.8771367151546036,0.8937219934134133,0.9797275539602389,0.9238328938019098,-0.01207161323980755,0,19.048797015778263
0.9429454294393987,1.1779662249898846,1.5786418867777006,-0.935892923607145,-1.1634290828242873,1.2804325044378593,1.0997897578923028,1.5152559977149977,1.3913829729973186,0.6914142032509365,0,27.67538950283971
-1.5332825644675991,-1.8205322802102966,-1.87773543275145,1.723681515250667,1.6543871413983953,-1.6937415726150693,-1.7960254636499176,-1.6143295512893592,-1.2529957702238872,0.20668599965924,1,0.0
1.623610587493574,1.7466693216421736,1.092770077625904,-1.0896493743980362,-1.729629311359836,1.613777483111852,1.57108648622558,1.3649285329407685,1.1738381340886013,0.9413534244914608,0,31.158326878301462
0.6009347932687941,0.77433784752153,0.33717143665779825,-0.6774470328707789,-0.6283594223331004,0.4400454560023116,-0.00985653572205556,0.6067584967077456,0.7729475722747718,0.2616982910517854,0,11.98968335468026
1.432072440129137,0.8077559423804358,1.129949438572621,-1.1462239544897748,-1.6284561767435852,1.1210225296862617,2.6283082442183443,0.6752335795072608,0.5668787919724381,-0.6562899555970992,0,25.17955709266684
-1.328295868804106,-1.2372246783477725,-1.040024614303664,0.7160131627013891,1.1027684011406682,-1.1157194609123273,-1.3286261081030244,-1.2247978262641812,-0.4185830831060134,0.3376012451611457,1,0.0
-1.3521534303420655,-1.4297542326685706,-0.6980272767499824,1.5436772348407668,1.5986425833065587,-1.5986975755948878,-1.6360324121870884,-1.0803182141103136,-1.005761191785913,-1.1984617608320944,0,0.0
-0.12702299397770153,-0.3410862992117767,-0.3594655297352605,0.06039742007611511,0.10113802782072458,-0.09043320975787832,-0.6894960682729716,-0.29649309880050134,0.6596551383670961,0.07947609972690793,0,18.98439837813088
0.5291631917905117,0.9262929257260204,0.5326027153369712,-0.6177191894247345,-0.05717929403427846,0.8917983572515944,1.5188959901530683,1.1620027052579622,1.186987719115579,-0.06521803074158718,1,1.3525045625571162
1.8315369467283251,1.5712503347300941,1.5025118155830126,-1.8012855966502892,-0.46808337447842513,1.7299831879212806,1.126926767235533,1.2961377757438528,1.0851744908741867,-0.24368729709770426,1,5.794735571479942
0.7338402445724587,0.47112267657766516,0.06739468218779698,-0.684120082260754,-0.853309455382367,0.6387653838883188,0.004667873906559883,0.5171678499257641,0.09595768394410341,-0.16247784013929562,1,1.4644563893722142
-0.221372277697675,-0.17958905788756446,-0.2402619906340365,-0.0525191786361844,0.05659306750271299,0.027207681791744775,0.4391663320534402,-0.5172020923193226,-1.0915230400911855,-1.9517043796176827,0,2.856871433727474
-1.0103899161893701,-0.7529468049271094,-0.9122570695059694,1.221031261232947,1.2051262364404007,-1.4823435324055483,-1.7960254636499176,-0.8241563729545198,-1.2045677554851666,-0.5912723962770541,0,0.0
1.2613249917379576,1.17842286669753,0.9582758633811489,-1.32063597935714,0.06580968787077172,1.6544757094600495,1.7165338507894248,1.349492027093414,0.8529649482672291,0.06343939149211843,0,20.52884122398229
-0.9483067710091585,-0.5480912529066949,-0.7562062960729248,1.6603271761300782,0.9186027505119628,-0.8630179994414077,0.4124640319072335,-0.7602945047356463,-0.5745539003998461,0.13182355229925583,1,0.0
1.6625028762456284,1.766829795628287,1.4343958796777083,-0.6889835766862615,-1.499930226154468,1.8083885362985919,1.804217867765072,1.7752442893020073,1.4174727979120822,-1.0800334930116535,0,22.5317710187526
-0.2633592669365997,-0.9008098392371107,-0.46503215170915174,-0.25006432018077107,0.3717982186146946,-0.4610272186435764,-0.005191243706312623,-0.9670875494964664,-0.8419511829516647,1.2603273707015297,0,13.769243855230137
1.6243587355700027,1.4098443516617776,2.1164332267184087,-1.3924299680062537,-1.73177018921677,1.302208422951155,1.5883351333783713,1.1903053801681371,1.6266921105210568,-0.9152250124651548,0,19.64179126375493
0.7065079951614383,0.5187525120601032,-0.10048986570255046,-0.9705522962286377,-0.7351961909109156,0.32128825001776157,1.3342016025957262,0.5386840422176432,0.44587600846098935,0.9580083031921025,0,27.983055028025788
-0.11496774205346369,0.044527076172611355,-0.514116243210665,-0.0815115069677349,0.2893673409226877,-0.09885797244349495,0.6643560057225188,0.3576706918400155,1.1504096812615678,0.40463769936761523,0,11.333406119826932
-0.49996925770366074,-1.262920072697287,1.2539178383642935,1.4846620564866932,0.5197563929890289,0.12676599186114335,0.3461187042221209,-0.867052570491849,-1.3101872824900522,-0.6907720471471178,0,4.602614963798086
-0.32026689804227865,0.4726419095709267,-0.8733177267136591,0.10799260933309184,0.07513886646158735,-0.1425528721146438,0.42888275904772133,0.3872704267503086,0.2678129708518173,1.7803691813375984,0,20.339585477054968
0.45418901683959084,0.6066338759562018,-0.4195297825189051,-0.21630914851615957,-0.5921469341027827,0.2222739569087886,-0.4410457995748136,0.3128190637167715,0.051087831632524915,-1.2493947593938401,0,5.00671223715772
0.10064064918435929,0.15171285424448236,0.5323457322164327,0.1883066543042229,-0.3055685986661716,-0.2615407866816919,0.24828581873260266,-0.12211790267060287,0.25118424519854154,0.9066748641385358,0,20.39877836721728
-0.5748903759865737,-0.18494941422474556,-1.703920751768168,-0.035378569337039284,0.3818322937217602,-0.1433926868803551,-0.8181714889038173,-0.9013542952511914,-1.775359739272985,0.9897709906681427,0,11.102606534165142
-0.14379841020009096,0.5800472642553794,-0.24845204675389124,-0.3353176743812632,0.45121350831675033,0.011790857706491104,-0.27446672960061996,0.3447958636529216,-0.30594586517514827,-0.7156646129201787,0,6.167798578811898
0.10207084345502798,0.37116305690068246,1.374958029798719,-0.7354872956250432,-0.3347849089943595,0.8231985573524976,-1.38342617403425,0.5793718926555256,0.4683618070373857,1.38968134212714,0,20.21395332993704
-2.120251769939157,-1.7391055091425607,-1.87773543275145,1.3758113146856035,1.89169183469243,-1.8304114662750552,-1.279434551849701,-2.138252257103917,-1.3785666986810887,-0.28647584563704254,0,0.0
0.4842434529116446,0.5145502886103758,-0.7691441291951503,-1.9374938264338595,-0.6310044982974768,0.10300647829168424,-0.38058004163571396,-0.18044397524834518,-0.0878535446665549,0.26329990418591775,0,10.217568220583455
-0.9634246894736974,-0.9577229205531609,-1.681465444409341,1.1200268785377558,0.9254599303871653,-0.81085624432692,0.017622171372721037,-1.4199964935534923,-1.89543182755871,0.23434694313793938,0,6.941578568381561
-1.138216563476216,-1.2265392729734417,-0.3969906509100303,2.0698244732141124,1.0507492299535819,-1.4354134014155817,-0.9637373880756188,-1.0320741902993122,-1.4776954172978,-0.16836728861289374,0,0.0
-1.6758602176884019,-1.848610114525359,-0.7077227620217327,1.533221105878185,1.45589918315861,-1.5420396975288821,-0.5718910539428722,-1.54521441286613,-0.7788881618641562,0.7961095956374704,0,0.0
-1.7831329814841785,-1.9095908878884778,-1.772829451343541,0.8011866245145838,1.5452915277190622,-1.8108778420126836,-1.7960254636499176,-1.961221664278845,-2.1013127254484565,0.7784352676156728,0,0.0
-1.3417062084654188,-1.6861932730432974,-0.6939560628002636,0.8237577476911858,1.1341901069537794,-1.3979410644130064,-0.5099922655224645,-1.3238101415292869,-1.642576914538985,-1.8156564273749904,0,0.0
-0.6908834430584248,-0.6761973093038793,0.2671203625947333,0.3520287013163559,0.5971380757932288,0.0420039811771879,1.3643818639611884,-0.123248903346625,0.4580284339316269,1.2997511226266973,0,16.383634289162732
1.9895022959379611,1.4114654189306113,2.7259620539617795,-2.009485812567044,-2.1182848091217044,1.7151777692844863,1.856938042316043,1.9598363050552934,2.235954475844847,-1.7278539906772246,1,7.408017414712802
-0.5064966534498647,-0.4185542451614654,-0.555731864736146,0.8872967380772414,0.9450314726350418,-0.0859771353088415,0.4010374175123199,-0.5343233186708859,-0.007416778585964434,1.0223896283486216,0,12.845562273029694
0.20191837661187892,0.19300756215148251,-1.193683981483098,0.24178083644971562,-0.2950399218410392,0.09097657240746965,0.14056379590671128,0.02280216007249421,-0.3883691278893844,1.1184773216422261,1,0.0
0.42616440852457993,0.46369105668389593,-0.12506953416427216,-0.9920469856002693,-0.6468694799057637,0.5928244473209776,0.09780469097423844,0.09099766341292938,-0.5552630600570257,-1.1446212472779875,0,15.337035409994083
0.15491596159112764,0.001115788225534313,-0.11499872491918148,0.2378892798223034,-0.08854961275394382,-0.12779794538612999,0.34780446252696945,-0.11029742632317953,-0.07035149851397456,-0.4505368018293899,0,12.680728120694855
-0.05501071169054904,0.886802039119509,-0.18895368859589998,0.8446559949495415,-0.09609417341668655,0.45126393762517186,-0.6585699890485253,0.417522610552047,0.4971013697218245,-1.1596613850669153,0,11.910175122486118
-1.180463294837136,-0.7124751884452015,-1.0796031721273214,2.026689356134375,1.1616560758738879,-1.6917781676298551,-1.7007717623077228,-1.261607070809758,-1.0504375866057887,-0.25063084746128284,0,2.390323247670142
1.4837544482508185,1.058813105290731,1.9081635635587793,0.2064013840498159,-1.6201194729500243,0.9880714939124604,-0.39252358580233,1.1099749293925976,1.6302851908391987,-0.34565144238319695,0,20.896171503002734
1.8424464597268668,1.849551540172873,2.2982546421076124,-2.009485812567044,-1.8499147610212516,2.3234812216971914,1.3963152615043686,1.4702437028513036,0.6523961064642648,0.7643238213678137,0,27.15137414044421
-1.6711426984950482,-1.7781906020889322,-1.4767379509369924,2.170271784826543,1.7407812771195381,-1.8054110127336516,-1.101930359543017,-1.2492344622429672,-0.8436539391689653,1.3058418852739122,0,5.130786174128087
-1.0080333813350275,-1.2642752246202655,-0.16975380841501256,0.6844821391786813,1.3617424886502472,-1.0875547726951447,-0.6040604916041952,-1.1907627025845842,-1.5862597288244358,1.3929657811421263,1,0.0
-0.25875385074239343,-0.6431858208860602,0.009747217400123803,-0.09618543245689894,0.08092238970959051,-0.4180793898837626,-0.35321495996231217,0.006669128550403443,0.3302956011672338,-0.6049908852790926,1,0.0
-0.9481380001442247,-0.7697171466827305,-0.7365433524946807,0.9918276014667754,0.7809387791198165,-0.9506321217696858,-0.7107462600188645,-0.7835952644061903,-0.9502181169519259,-0.2448149488354789,1,0.0
0.5323659525678908,0.31543054355176947,0.9928401861247999,-0.7821350635008592,-0.6185752328781545,0.43931327307673723,-0.9162409911768565,0.6980685146888604,0.29282434350419845,-1.749229258963331,0,4.059252291978471
-0.7102656117677634,-0.3795067767962964,-0.5347235711251942,0.8219248258019666,1.0673405139986507,-0.2846397985987433,-0.5205057358594513,-0.5958493341092203,-0.8369184956793932,-0.8536849416837335,0,3.59084185137561
2.036561033833377,2.26581068314681,2.8325391895786827,-2.009485812567044,-1.694675951096185,2.5027954366217062,1.557518755733704,2.533681125777215,1.7423462135474874,0.953308394867911,1,22.784427202883258
1.221604708209041,1.5981355493149678,0.16620440922897914,-1.20327670510633,-1.4182081323758797,1.0952557663962863,0.42097435992215587,1.3731571632637296,1.278353818369632,1.6173692268443371,0,35.51292735314951
0.23697913164341877,-0.019858082702034926,-0.09964950103607852,0.46209312243936956,-0.442546332003934,0.1418565890815303,0.46283839399877386,0.10101771270305432,-0.24149155704409508,-1.290940748940004,0,11.86079186500882
1.0569300219087974,1.1685648593898628,0.8118176795647651,-0.9634227519817407,-1.1183354181640839,0.9305656451767099,0.15479732271603233,1.283925280573892,1.4953638491973074,-0.6359077088530455,0,23.2555693998946
1.136380862650446,1.2923092620207532,1.215108832804225,-0.9279783319989837,-1.330361955993739,1.3554958265221368,0.6692954805032183,1.1706995631540311,1.3359990574376825,-0.058254008783952226,0,25.773641498297096
-0.5448233573238179,-0.6562803402882926,0.3152970058007727,0.7175663664128206,0.38966298749275274,0.19693393154052735,-1.2457941610519543,-0.5310825622024058,0.17280772190922689,0.2545926537639378,1,0.0
-0.7988087508551353,-0.9900577407469279,-0.6657496536205417,1.3067023825075024,0.5766203139494622,-0.5112115478617222,-0.6545974729729565,-1.37075606921786,-1.142058418386244,-0.8574948715353164,0,3.6071232354386074
0.10163392538292845,0.5939272309997327,-0.7526299059577198,-0.97227050871354,-0.10584109921148373,0.36420576829330925,-0.45676239879988384,0.3967852012170857,0.554187047898505,0.4014401987789429,0,14.401505009854828
0.8904553692810669,0.933836056043375,1.2515305690359146,-0.4791856516212334,-0.4148019182516602,1.0797356750595282,0.890173445395202,1.296835300145358,1.7456815966090502,-0.5148528724378424,0,22.17402949599005
0.16296554789757647,0.35870683175070694,0.5962256085673201,-0.293535944414462,0.9409159324995999,0.0383329870496656,-0.6340148537859882,0.8596618796666452,0.49393071000876604,-0.046055666322090245,0,5.999974524075922
-1.5647618986206446,-1.740715324752384,-1.87773543275145,1.4460554983808196,1.3997009925400028,-2.0698593699512773,-1.6690460920075179,-1.7117310506552084,-2.1988524258165185,0.5261670344068982,0,0.0
-0.7853248684586251,-1.1123042181344396,-0.6422930834148655,1.2364651407100373,0.7402845051861356,-0.6400510723987337,-0.6624199083258382,-1.2185830208314539,-1.0726670850924955,-0.024753529494124953,1,0.0
-0.05151651170974811,-0.21139348842490246,-0.9797021016802857,-0.5950022766979212,0.2623633072161025,-0.3694985651530934,0.7446854529584734,-0.8245729926587602,-1.3685338810423855,-0.476632215616393,0,3.567868529294924
-0.053220764438323326,-0.0784659392392916,-0.4293499496861583,-0.4976640230660432,-0.16214393948617858,0.015247325848212218,0.29248190110474986,0.14346630301823807,1.1140509691673035,-0.1431624156091626,0,18.123108504343225
2.008916475362476,1.617543991311023,1.1382227443845232,-2.009485812567044,-1.9368887335072291,1.8476696761016171,0.2656960171206187,1.0653230350681615,1.5892714476629681,-0.12148034843762825,0,22.37970935416764
-1.3724543472790962,-1.310688374052855,-0.6442963091187403,0.9000589181414674,1.2242963118414487,-1.516959387756819,-1.7960254636499176,-1.2114021942944173,-0.2683975136986534,-0.40889772581679723,1,0.0
0.5319870817265108,0.01081421616311483,0.5217093328905485,0.22793417458093962,-0.7105529776614866,0.6094279195148092,0.4898903049079415,0.07565430373997849,0.0818029788443443,-0.2954046203059319,0,14.991644625163833
1.522199700791048,1.1333378351410428,0.5065138751385331,-1.4036105207944483,-1.6137543869003546,0.9504565051855961,0.1258029908863305,0.9824735379063235,1.133240573328391,1.600086662222915,1,5.116376263449736
2.036561033833377,2.168271335065138,2.2240665352787636,-2.009485812567044,-2.1799592641829086,1.8747675161645438,-0.4489076811508083,2.2258913001562877,1.8815948400449827,0.5411020232153051,0,30.21825215705911
-0.3841882238069053,-0.17638561514959075,-1.1622891900786743,0.06982495428285979,0.41189219103180486,-0.42820340653011113,0.4861714474508543,-0.41203725557648896,-0.04790741295535761,-0.3328403195526345,0,10.568210256366374
0.5177309946671916,0.3888372243975159,0.6370475069936882,-1.247578896751506,-0.6823828459171231,0.313366359501258,0.6818499478928061,-0.11496721264623323,-0.6170005779568027,0.6799235331767992,0,19.918720177976727
0.5965946122364514,0.27548061551833436,0.02031578055901253,-1.1250244824353928,-0.7404398896406645,0.6668586558323358,0.8408822286800058,0.27760333025185785,-0.7990689478075778,-0.3719648346332509,0,13.031197823599577
0.2197705911967731,-0.08925414171073998,-0.024789591646665676,0.00366989649297299,-0.428605127035443,0.24353540908473734,-0.24179769013321428,-0.6635779788145788,-0.9511597434080565,1.165847684007425,0,17.288747125979164
-0.076558001236054,-0.1761716243620668,0.24819828733315538,-0.5623910751821438,0.30102064108201304,0.1864644740530223,0.3871122677832067,0.19073522321411646,-0.45029428325997767,0.34590662540600176,0,10.9214920606774
0.46189979925875546,0.6483237571696895,0.7048338564940456,0.17420011622720205,-0.5363946222821742,0.9976747376282463,0.311602544130346,0.4660513471444663,1.0167812452485587,-0.14080748535540275,0,18.48562119048843
-2.526507966510997,-2.135402152524693,-1.2864230920761484,2.161097358326968,2.4307434193879023,-1.9300105211549639,-1.4891974139027857,-2.4300090055187007,-1.5445645207688166,0.4255806495186765,1,0.0
0.709667537446417,0.5415165405016831,0.5503194097150802,-0.5845955958173201,-0.7409446953643336,0.7309466579092245,-0.0476661701255775,0.34012725808815325,-0.27481050733185636,-1.6343614869408754,0,12.592913117040274
0.14999544158885603,-0.19434301861856035,0.31807876653540046,-0.28760315426801014,-0.2664608218763541,-0.2528108488071799,0.7384474348836921,-0.17106004738851321,0.3510511416036521,-1.1811556379604018,0,7.361690970340144
-0.20102847804346968,-0.10200700135069589,-0.41660302732347787,0.5742059156525945,0.003525764299601321,-0.11590567053012678,-1.1642805475755953,0.08980137086787654,0.44697185568683895,-1.2496888370340569,1,0.0
2.036561033833377,1.7167989972878983,1.8078830487297108,-1.3760141296419244,-1.9176538216232553,1.60234937810501,2.0702292197447045,1.80414895652477,1.0283095878619604,0.1145638014262557,0,29.33776881421303
-0.656564685644877,-0.7768881708557265,-0.2712643418264655,0.7412052970501303,0.4314670905797181,-0.2737844617575285,-0.24304107794090452,-0.5568334882103456,-0.7024480846961793,1.7366966529412107,0,10.888112442130414
-0.3828578028741686,0.042852697966629695,-0.3649816613966028,0.6232770201829857,0.15718510005202324,0.033670568551763334,-0.3364974960564795,0.1942364872166235,-0.0865575279136219,2.245698963512259,1,6.839974913596537
2.028056891706022,2.2072950379107437,0.6169614583553301,-1.8940427592778044,-1.9395307699004205,1.90831771340453,1.6251035891962338,1.756960160983313,1.9347340308556453,0.6198136490697942,0,39.10550097638962
-0.8147605635041217,-0.7244980832326515,-0.46680952767742395,0.9888374373389823,0.6095373232054093,-0.6439596307310482,-0.09249099874884419,-0.486075960227365,-0.9833249716416588,0.4797964685798045,0,2.015685258657827
-0.5308970820928485,-0.8839060425788545,-0.21175202293763104,0.27608362069940623,0.3624922239047806,-0.29687875406641506,0.6047969650993763,-0.48505747092388835,-0.516238826260094,-1.869258131127586,0,0.0
-0.1250658876522173,-0.04612112972594637,-0.4981654394893423,0.10095246291576938,0.030308641099661433,-0.0696359768335128,0.10291119737236584,-0.5227637246240943,-0.7862940537588261,-0.5850973367802378,0,9.036048260371052
0.8694115789497032,1.1659323532470962,-0.03394469172270854,-0.9144075649313478,-0.9551982518765384,0.30852026000271127,-0.37362079449341257,1.228035621583904,1.3126888259570992,-0.835228145253949,0,14.26624565262161
0.23217515817221165,0.11955634361936286,1.0834049165664092,-0.4538536257807372,-0.18152493296308114,0.26357690202483586,0.2073266079645865,0.03726353900581394,-0.0766868783438021,-0.6648724550530511,0,7.5900271696344035
-1.2784568113660773,-0.8092870527159235,-0.7558496786037806,0.7440137761255959,1.2381178989527342,-1.5212990701921203,-0.10277986940919309,-0.5611988394678147,-0.7767574154312094,-0.20289544676511873,1,0.0
-0.5128283101682677,-0.09177127045773238,-0.5506942037867463,0.6856065975084199,0.5015488035785253,0.11693160399206567,0.9307669667581158,-0.6739622048474636,-0.7385331723574229,-0.5130682811006904,0,5.763201139004956
-0.588525504583132,-0.0523796063761949,-1.1547574913407335,1.1968000639440308,0.6268989091363635,-0.23197722345512586,0.3589311254077714,-0.28931879073072286,0.5338758235528787,-2.051151335521079,0,7.415802865769412
-0.05478678358346586,0.04971123293320686,-0.524347099285207,0.6566559269340801,-0.10866044846775143,-0.3660913786475499,0.17544247386597114,0.3336790728980107,0.11239644448406423,0.7319231694454059,0,20.89192515191894
0.45169916447758407,0.6212711983960868,1.1620829589953858,-1.067749344998192,-0.5947417764479636,0.7779134972944751,1.0481997236751333,0.7622851316242943,0.2584133240689726,-1.1260245527980617,0,11.698019488507336
0.44400931785988373,0.8636625048562381,0.46119336151770657,0.2830593785718226,-0.543260764572639,1.2368470613137195,1.7233239169155787,0.6124132305345105,0.785037957514511,0.21284026663000324,0,19.88799962594212
-1.7651306342392032,-1.5496004396333534,-1.7805591447477984,1.36522112797863,1.57179846040119,-1.5648733452195351,-1.622362454239973,-1.4697065898251693,-1.4547776183891916,2.0852610288630453,0,0.8175856602568603
1.0941360679685792,0.9092588778898251,1.2219609997452672,-0.6486457707490207,-0.33021706940926887,0.8921458456196998,-0.1994526111393353,0.9073673620376635,0.23393704506527677,-0.969524709438853,0,7.824862110389807
0.27724594388889334,0.14080700438193167,-0.24466263729231227,-0.7303022778687444,-0.12016858254176428,0.20494016724613878,0.1681024036828269,0.5663912399241019,1.4106380363901208,-2.6134255342299357,0,6.735428917375844
1.4169074048108157,1.442671102500451,2.0804583008984023,-1.1729571339174991,-1.5893968867575965,1.8021245606268093,0.8955831410134104,1.6818908306722298,1.4050694959370285,-0.3231701141206998,1,7.490109890211634
0.4701786596336432,0.07168522120756543,1.2073374881587484,-0.254836259891682,-0.7028985845697175,0.42060308719652895,-0.3892195590220598,0.319446889903118,0.12522807381604922,1.0922044464287586,0,19.46954031907168
1.131772265577792,1.0535411248876576,0.6711273389560134,-1.7825345074167946,-1.3420544112283728,1.0520988516217735,0.34572050455873443,0.8784711731757378,0.8713080773803924,1.9671550818280312,1,18.095741985577643
0.4926776212416057,0.8144342098964013,0.0446636517556158,-0.11899026100138896,-0.6605519585045292,0.4709250864247624,1.9628424531543058,0.312416756637308,0.9811351058465974,-1.2860431626429847,0,22.145272513119792
1.3783405998583704,0.6715941738662183,-0.4071922019313048,-0.5035981269657127,-1.5653638050902001,0.5637178025726437,0.5053255679204766,0.20168877757693404,-0.4980977683230539,0.4755663051293384,1,5.161513169660945
0.5487617867765965,1.000585875479848,-0.41733496733141845,-0.5813633107149502,-0.6022230878614849,0.5468187410099122,0.6388825130882554,0.4974205837604315,0.5545876538397004,-0.5061492755217908,0,10.19850625874858
-0.07562172199979995,0.2765611055315476,-0.8502385968292873,0.7746869109050775,0.28881668603357075,0.061453201775275905,-0.7921650792310653,-0.24465793091608307,0.6006845012684007,-0.1394259644943199,0,12.446236412336669
2.036561033833377,1.8266940543439552,1.7799817970532619,-1.8896509268642867,-1.9252529591395258,1.536691784951299,0.008690191129429934,1.6796528265864243,1.6097057010989377,2.6672029817715583,0,44.30211849306234
0.9180427158651501,1.0557570501301936,0.5776096529906409,-0.36335331427581025,-1.085922505511784,0.6663913510229279,-0.03418712867676582,1.4519503772297357,0.821233471267775,-1.5650646737155411,0,2.7018308514189915
0.6006057708773671,0.5877497091587298,-0.29312752350098475,-1.7058034569543734,-0.7123022723429765,0.5719304659808057,1.3619521603107774,0.16172611806567222,-0.11790626839498634,0.22762993589641017,0,22.83485600988704
-1.2620248853098002,-0.8301007651783932,-1.2028465660765848,2.170271784826543,1.1591823512904584,-1.368276201528482,-0.9453313499451781,-1.0150336151314034,-0.8885806348227541,0.4459660908551477,0,1.6888360707234646
-1.2741097176460916,-0.916416038270399,-0.7439638326829462,1.8936004870734413,1.3947537521825573,-1.2963850860198562,-0.7140070573674792,-0.8033250984005287,-0.2370241030481616,1.0767203247981592,0,2.4695350114121384
0.3176656094184901,-0.10783908845856885,0.5890700005645342,-0.43744887246416925,-0.12575682197371102,0.1367598212420442,0.5493924857000928,0.29491728116867955,0.10883246984896572,0.06868289628655642,0,16.920092431526214
0.16947028563775374,0.3502387305554789,-0.9810356301868236,-1.198854484762552,0.15508067471109,0.17161990527737955,-0.290184053368337,0.03240398854669312,0.34090035497596477,0.2830533232576254,0,20.4630348402681
-0.5953396651137717,-0.6236565288055822,-0.5589919576447517,0.6628660416169065,0.5067337030763843,-0.6176094382061692,0.35635164342848996,-0.6863599984662465,-1.250367603571817,-0.4309784887975245,0,7.203035055520246
0.16490092204734222,0.19346297116835492,-0.6769950937264397,-0.9160066927650085,-0.1268746879192123,-0.0703420525821606,-0.5151234515176484,0.12854133560419295,-0.49610507855553215,0.2433324101944614,0,9.829753869946192
1.6223902944416486,1.3479254941699528,1.8936245027256509,-1.1926422137836101,-1.8050978138015552,1.709418674315952,2.2713338777101613,1.5879358411466404,1.2713115262876078,-0.3815296134370143,0,25.77688758603182
0.7230911969419046,1.23252045583275,1.0779839244703988,-0.4242252267165476,-0.7563438465828123,1.4263733272503825,1.4106643815233602,1.0834943995318376,1.5712550942568755,0.6029968756987881,0,28.656344390780596
-1.1258088576452476,-0.7566848987228468,-1.4576858085481565,0.4773965774871347,0.9263824001038885,-1.1322792554316483,-1.7960254636499176,-1.3661873504315074,-1.2644451331103423,-0.4084888241264177,1,0.0
-0.08930774997129835,-0.29913437311424274,-0.5197166794551137,0.6603577077678319,-0.023425695359787852,0.2559604898058735,-0.3234676595836308,-0.5203862571805465,-0.38376670069786273,0.35351760164526397,0,8.959355461690121
-0.7874814729324425,-1.14921500610024,-0.9168141415505852,1.1040475661107563,0.7638685179079705,-0.7870478303088044,-1.7960254636499176,-1.411725371647155,-1.2184014070158573,-0.061169589740185784,0,0.0
-0.3673771605686705,-0.45916070397917363,-1.6366217087883361,0.826760349517296,0.18601883620093365,-0.9815652615276187,-0.08795307218631863,-1.0059170050354602,-0.49725165629633483,1.1178090208366238,0,23.848261831996894
-0.3934691577082488,-0.2364389592419134,-0.11486805528601012,0.3390366395330384,0.1544114632348481,0.002053025735399282,-0.05900691591617633,-0.20667555713374341,-0.46693894420574955,-0.08375383137264601,1,0.0
-0.4579345295672826,-0.3570350605807241,-0.531277212236654,-0.3566502624406172,0.20739239891002867,-0.39570459277778713,-1.7960254636499176,-0.26360254486250595,0.011674532769747857,-1.8406587928855158,0,2.885779314161806
-1.240711874232091,-0.8026448821466682,-0.4391461838213024,1.5911410582396541,0.9770587371121608,-1.493691217147015,-1.0208266328895117,-0.3014248956621978,-0.6558653430650306,1.2564634707878282,0,0.756679325117827
-0.1055634091297948,0.1473768568139219,-0.7313439105205107,-0.06001884977533236,-0.13824190968943578,-0.08828873166925308,-0.467370393763871,-0.24698458213034968,0.5624484055008953,-0.9555927638529137,0,6.374862476821516
-0.5414607924410169,-0.21689547851574062,-0.8069688880092637,-0.2700558849722658,0.3142593954348561,-0.2959821741121531,-1.255131688689844,-0.14315238754407786,-0.4888386287961983,-0.6984655061575669,0,3.264314289300444
-2.7300926393472187,-2.527589341164873,-1.87773543275145,2.170271784826543,2.5104334736457132,-2.1416865679860444,-0.7007546440691288,-2.2892468502009837,-2.1988524258165185,-0.6391702321198915,0,0.0
2.036561033833377,1.5458817143915715,1.1006387439923895,-0.6810756821132011,-2.179952540913715,1.6403665871623547,1.3669918562871033,1.7335606487285726,1.8427324528775542,1.3712848641596034,1,25.93402664348207
1.1191335895079564,1.0255635790129396,0.23413308897981475,-1.0094401174461198,-0.3237760979144347,0.4169471426731575,0.10490833170951104,0.9772801547895287,0.9101620203704363,-2.210728927743807,1,0.0
-0.35590044542355176,-0.011375931399682938,0.30976359691340216,1.4414746585557625,0.1908034978844136,-0.12336719330221718,-0.40615009798578305,-0.3005921435351933,-0.17003134166390058,2.694132877966643,0,19.95801320785396
0.04190646119595831,0.03477608383656504,-0.37052556739750003,0.00205094246598968,-0.25266701016665255,0.08014302189752451,-0.966772566325679,-0.5425180162019453,-0.42606224369470663,1.0463818266059932,0,20.565155996250063
-1.1566631115300208,-0.9485299756305327,-0.8738411892658663,0.8005263306556597,1.0746686044389635,-1.4537349943410989,-1.7960254636499176,-0.8532485323715705,-1.2700942698231725,0.19650440823060264,1,0.0
1.730214582720951,1.5751442239429272,1.2184089277075516,-1.854612990609607,-1.4802684537488422,1.296241109847503,1.8542473643170867,1.387093515558561,1.9366336519204226,-0.08732580841837323,0,41.30958392718392
1.9331512092004746,1.5551896311391145,0.8568160636314243,-0.8347884784346381,-1.8712128233125855,1.464693338533755,0.8439746359808459,1.0739954632930395,1.364980604379071,0.2600960388230215,0,30.28581437335678
0.18071879830062904,0.14636516137987782,0.06050886062714056,-0.5793752012283416,-0.33821049594271796,0.4673888015111535,0.3520978702186242,-0.1814350323930113,0.37022268841144246,0.5004897976016062,0,19.43292248405
1.053450901787641,1.1149795087816503,1.2415395355201657,-0.5420556865384752,-1.0819445542063033,1.3390085634278892,-0.2839008607499586,1.1726073180126733,0.8541442698299828,0.6271248915824393,0,28.58703812036217
0.19943829667256963,0.003518374310363146,-0.5436835776393919,-0.47906543877799657,-0.14434227561976112,-0.173615574674051,-1.046891898329489,0.2891333179218059,0.41330105465770267,0.5356781686662343,0,17.91929018779998
-1.3228568191487213,-1.3312995831902847,-0.603269383729478,0.903621659034096,1.3580917707202966,-1.7622084057933198,-1.087638385346174,-1.2320684407085343,-1.094314615904098,0.06010830700597211,0,0.0
-0.39166467198479027,-0.6497815286382741,-0.8202638443306068,0.8767232065265708,0.39795220780237534,-1.1277435791998072,-0.7202697087538792,-0.5709206855458349,-0.09324608534203314,-0.23268807357260005,1,0.0
0.15578460974827796,0.49780984091756575,-0.1477721890082365,-0.3463383314362357,0.08433773697696023,0.22420557301815647,1.2833099424245484,0.28766208451827624,0.7129333866459618,-0.18567933414173085,1,1.3385250526532886
-0.4346795816729003,-0.4962272050888114,-0.03294603303233178,0.15665859531049947,0.6614868475434077,0.07992587567814431,0.8974213751211202,-0.6962686834813163,-0.5948775507520346,-0.23020815439278805,0,4.446125400356415
-0.1971808686179634,0.2596494298645217,-0.5479718533860249,0.7608892853945133,0.15265817673917204,-0.26032116233544517,-0.4080261619718205,0.15701478151154755,-0.5046435800306366,1.125687001016052,0,14.8900824750679
-0.06906172114578203,0.40562546512219927,-0.023824880217854488,0.8942031711112981,-0.044026542809331014,0.4701192948702076,0.6486408879989211,-0.09863506892920121,0.6138215857086945,0.5744078426834016,1,0.0
-0.0584691098426822,-0.07052247011775342,-0.22505938521500043,0.3819447920641529,0.05459340492110493,-0.2831271681506212,-0.48274227850834234,-0.13373851513342438,0.07904191768270731,-2.721392777357701,1,0.0
0.0755733170192111,-0.22198470219380462,0.15080671904964552,-0.42128383258269503,0.08270604527349204,0.031114295573152605,1.3221562385245398,-0.16502543348929707,-0.4268860006247339,0.638028958653928,0,15.646758610542657
-1.044858606268606,-1.623309965846755,-1.87773543275145,0.634092045475317,0.7812669574936046,-1.9767213960626788,-0.9111111635421025,-1.4147260364090593,-1.1687951452181482,0.1674178363204114,1,0.0
-0.69893300828234,-1.105708183815239,-1.6592357434959244,0.6435297978258053,1.574796264630275,-1.2869280744323648,-0.9862385891074825,-1.5324085776430267,-2.07233853583979,-0.05039934215753044,1,0.0
-1.2703610440987476,-1.6247208895579943,-0.6749000757811523,1.2702092099438482,1.0482732317130286,-1.7799316271091303,-1.3693747615562033,-1.261005916149996,-0.7655732077712105,-0.427784256895638,0,0.0
1.0074249079129622,1.393858337963062,1.4645591319958273,-1.4115913713844375,-1.0813125955551206,1.2424133866575622,1.9146212556122146,1.2187387199859963,0.5104268609513093,1.1158318014798227,0,37.36154370812503
-2.0970076061762004,-1.9684325942460645,-1.87773543275145,2.170271784826543,2.293431603545203,-1.8906075859620293,-1.212379373134837,-2.136442645498037,-2.107280276896461,0.9356283333919015,0,0.0
1.1843951113787372,1.2650471602031639,0.8474316252649419,-0.9995528471100973,-1.3440044399763806,1.1539143554125821,1.9165131316924342,0.18082936312471004,0.2654262286258331,-0.8200167234810155,0,14.98910531870614
1.4187371139177765,0.7015711107564185,1.3629005422243472,-2.009485812567044,-1.4813199387928695,0.9807586447285368,-0.6743450532737942,1.5602762201810083,1.8604375262700779,0.38408303238591107,0,14.799099302462588
-0.2812762309862405,-0.6218814629585256,0.1911297205987687,-0.2541418789102371,0.06532046425953603,0.2070742132763584,0.4258673553936868,-0.19336752364810678,-0.1598966654661516,-1.0228676000965933,1,0.0
-2.5978810848985994,-2.216370149675785,-1.87773543275145,1.994862655176754,2.419335463179758,-2.009588653455031,-1.7960254636499176,-2.3563590296297,-1.960252078227517,-1.4391857522922455,0,0.0
-0.34080833731285526,-0.23050335768736052,-0.799755863222396,0.24986759237184794,0.13602122434925512,-0.4923456570061933,0.6992696862161646,-0.6978560934866309,-0.6793417644073254,-0.6708623153934888,0,5.422136505489394
-0.04166123836310465,-0.07437045096188934,-0.22179018491289362,1.0243595073016527,-0.09667491895289154,-0.05385829502511283,0.9208062095509177,-0.3226112841970023,-0.3328738923520875,0.8487514711405487,0,18.46040087537681
-0.9945116730634941,-0.7741784678365962,-0.3942431344037285,0.9854213827143957,0.8404088949773415,-1.2425704433556966,-1.039289252871885,-0.5084442462786587,-0.46891353518990303,0.9413415985735706,0,12.918868177289376
-0.49576286607817116,0.028250998398137956,1.0895587955837773,-0.02013655503330708,1.4130130760884894,0.4160858701140489,1.2981011408892866,-0.18085711746861974,-0.2880143414637105,0.49228815845368185,1,0.0
1.563561182551982,1.4446422049156653,1.1713214834361132,-1.2596080116187405,-0.5397382669943813,1.9116549246002335,2.682729035795755,1.345480659663264,0.5286247217420182,0.7086413663498231,0,30.94185143213854
0.6924086280825691,0.6959036102618351,-0.2537709540797646,-0.8005941550155121,-0.8932839047209977,0.5020274609648714,0.4145891891730558,0.9251529344192126,0.525005917074943,0.49544438006267005,0,23.50549329725561
-0.9078924664649091,-0.8034629334626037,-0.5018096968779918,0.9554310099358614,0.9497495005818705,-1.0821881012992145,0.683962593541731,-1.0509890505285737,-0.9033210328308903,-0.6859291208425375,0,0.0
-1.5855047008540772,-0.7896265862359578,-0.5158328154967731,1.6827270676971167,1.3220373973903876,-1.478684223234715,-1.2742753423574409,-0.7761141744281274,-0.8580146564930657,0.4094627347301089,0,6.447539192965607
-0.30628187133843626,-0.9182015850416544,-0.17849090414989602,0.8965946722193845,0.06361489809778785,-0.9779939605391241,-0.9843758455118858,-0.13913765811141257,-0.2174977831689381,0.7854978387328723,0,7.490287849515487
-0.19194903017090592,0.032197143041246726,-0.6886344644994146,0.14540791174163314,-0.029448895446448187,-0.21500026982093484,0.3448185076319367,-0.014204441671575403,-0.16995952471725437,0.7384349536808599,0,13.75889495928467
0.5225331673384537,0.4771524601622768,1.0153622445026724,0.39909037715324786,0.03501612741811224,0.14730862016608356,-0.1550026005823182,0.6045759605779081,0.17600906218786921,1.1819598358688685,0,26.351895365076956
-0.5159978695545298,-0.3141313294815166,-0.021149945472263107,0.9208589166764767,0.9259275087776914,-0.35984987042113503,-0.2831232923821273,-0.14955749154591957,-0.37743382833692163,0.6915054589642926,0,10.753953279154276
0.5379376102695389,0.3280331174311928,-0.15474558261725738,-0.8532005766348347,-0.719968940395745,-0.1616864955857668,0.7432219234194899,0.1315700473267593,-0.017887688859637846,0.3273399533834118,0,22.063370944601846
1.9712740692610635,1.8881087409417052,1.872659533695923,-0.5657013077459537,-2.133299173484377,1.9137245628415314,1.5330611777739294,2.1696269812975255,2.0174585153725215,1.0607639470433465,0,43.5425533323973
0.8440065114629958,1.0354269925723154,1.3052842449646742,-0.5745568271817914,-1.0058122083318441,1.1022496880104513,-0.24951441647023911,0.9902016844983136,1.0625493627301446,-0.0583718770343242,1,0.0
-0.025456121024981657,0.9260707253158028,0.6945503487994497,-0.4282053696512158,-0.048497316470385174,0.8809796730200745,0.9156938328913921,0.31778499175039704,0.19363772495485435,-0.9312464117830526,0,19.05963904304481
-0.16143661462565173,0.09920093749144751,-0.16242338837838824,1.0042499131621383,0.11254957392493566,0.04545252039886339,-0.4618655558291854,-0.16121906730170402,-0.5963096915563544,-0.19771459733571364,0,6.3363043922673175
-0.3361393712902208,-0.5688554412221168,-0.4811221178254082,1.381256466373261,0.1444903863405133,-0.7528848015472662,-0.09545956147758995,-0.876980545588167,-1.4048518754802946,-0.7914686573487217,0,0.4412923739869865
1.2116296461197182,1.0454800940522853,1.747180071870823,-1.085940715228651,-1.0987067429794612,1.3894115288054742,1.5461586502769769,1.1913067650749194,2.1514959250512726,-0.7203160466867968,0,24.099294188987155
-0.6086202546462925,-0.711264670993722,-1.2150141955654414,0.2564912683713111,0.43957468734540445,-0.21987210452179115,0.7360848187924546,-0.902586952373999,-1.3228414548316234,-0.17878635904985646,0,3.2949745654534177
0.06848968655414421,-0.46659784640198204,0.32928179841662963,-0.16040301050225042,0.28873626690721954,0.02866583414971438,0.571283089478526,0.11447650349235512,-0.13654258796520996,-0.8399592820880385,0,10.297345229749784
0.07450551554801871,-0.018077818237823194,-0.743997247697856,0.302704291789104,-0.06552726489009263,-0.28352955148720344,0.43523057734047726,-0.058190835755711975,0.13429446151389618,-0.345577197525226,1,0.0
-0.482237301720049,-0.23154882014226016,0.24640432421984748,1.0866130345146037,0.36341648555733636,-0.3516977454063917,-0.768905267021813,-0.09737230843642848,0.027956731143938787,-1.9637110092176502,0,0.0
-1.3588399896159986,-1.6795875216542413,-1.2693255603827793,1.4792988502332465,1.4539014183066523,-1.804381481639792,-0.9953832142571912,-1.5854418403196764,-1.2875367633130614,0.18635548288381099,0,0.0
0.34813041655403476,0.6611211171538309,1.0559474789160495,-0.260094976579701,-0.18467855626004168,0.9011917888267649,1.9773418807839225,0.47127070344799904,0.2293622152161736,-0.030077185271963094,0,18.768434033601284
-0.03845942108617936,0.1205314482077571,0.27211712562916535,0.814984093899959,-0.12536135678402885,0.5137185052150607,-0.07392525843705174,-0.48967282794851114,-0.37496315471627734,-0.865133308432689,1,0.0
0.5266019333770516,0.2939290663440716,-0.28167494602803705,-0.6349547985676791,-0.6620159850277813,0.23814574434910027,1.3249732240321164,0.19425566618305262,0.1893869158921935,0.641442367650356,0,21.410037921689263
-0.514269790485199,-0.5264499507788223,0.4340295003966157,0.9842342487065674,0.9055104289320327,0.10906294587995667,-0.3139290439510408,-0.09067598941611528,-0.24899807580929992,0.9254680625681534,0,11.038707244359644
1.2520832913935738,1.6951942895283623,1.973864452426887,-1.2559494139563703,-1.4279085868666044,1.879356966622478,0.936296897162634,1.7456299759416303,1.7045097614236044,-1.6717966320018678,0,23.70274877294019
-0.859777120632689,-0.593841734569756,-0.17574050383010167,0.969482473199174,0.6087402324593395,-0.19130069781199635,-0.0076460612610736245,-0.6610681016083512,-0.2087481717555601,-0.8096558614443276,0,2.567702775417984
1.7466429604015283,1.6898660293681476,1.0049860541806654,-1.5960662727374704,-1.8125318047061194,1.228732359341731,1.4276266090903618,1.6494522308164632,1.5166095670170185,-0.8162048908237075,0,30.923598472538806
-1.736562415558322,-1.7291314156855382,-1.6110642639333108,1.4787420658978396,1.836904197199334,-1.386047107770591,-0.5829252886389872,-1.73567032280674,-1.6498336599216674,-0.9904635221227048,1,0.0
0.4606862771374861,0.47559305762995224,0.47964849650106955,-0.6114246303408007,-0.3480871395407471,0.2827688124278946,-0.4410681419424436,0.9474339412595116,1.2878451506345052,0.8151585322348853,0,17.1619572301761
0.5016234199809856,0.3371530777849569,0.007342003943702991,0.26208637676740615,-0.1432824084593968,0.2704521904504592,0.46027792101875725,0.5353924971960715,0.8624820491860198,-0.22910384611865728,0,9.831155809846212
-0.7780080684523233,-1.372777766653637,0.37499474700528457,0.28348647950760864,0.6974302045559029,-0.4784623565180507,-0.8833168227861946,-0.5720229393459666,0.08820556217842897,-0.3012405429720431,0,5.644496806268728
0.45023958444266154,1.059360769639206,0.4703316985513306,-0.793865606415995,-0.6599248961935371,1.2620378814936417,0.015687650230161908,1.098156714999738,0.27510342668891064,-2.0762170313177863,0,10.139012885347205
1.3111798516275694,1.3160087627162127,-0.5136739418900802,-0.03569210820556661,-1.3194503300067997,0.33502548912583385,-0.3767749201449584,0.3870686277304266,0.7247618121511707,0.6171266417489183,0,24.722641090301448
-2.20893556192175,-1.9906150166536094,-1.6179117597362984,2.170271784826543,2.2741349107616293,-1.6397388271770894,-1.7960254636499176,-1.7641613661003237,-1.4284914429976916,-1.295950839063646,0,0.0
0.5291233029423476,0.5006680771983426,0.24211591429492887,-1.7312574117628714,-0.7389517768923445,0.8400308499220174,0.9829071619321441,0.6322447970392844,0.20517374684572212,0.029852942432862004,0,17.054944427645157
-2.4872676385027797,-2.5659123691526675,-1.87773543275145,1.8659111436319609,2.2374485312405894,-2.1416865679860444,-1.0439326764920904,-2.211175255650479,-1.981815647506789,0.251751400649335,0,0.0
-0.9492726733213827,-0.9575471526067768,-0.9957074722396023,-0.1365397761134474,0.6892026653921562,-0.5723745271135195,-1.4742486558217345,-0.7736682799980805,-0.31499190659567444,1.357223106252661,0,7.460877641758608
1.6632054320438296,1.1239192851868813,1.8710128988791448,-1.9651194728031538,-1.661448466328313,1.5213915937496716,1.4294019520045456,1.5413489556591424,1.0827073811944585,-1.3669377582469562,0,23.164840883119005
-0.562779191896292,0.15763594927024033,0.21201302945969064,-1.1747017797671828,0.8191434476545421,0.5361673186678638,-0.37413376601339055,0.9755852916766121,1.0402140106744215,-2.721392777357701,0,0.0
-1.1589038646059782,-1.4756113569330727,-0.7809782288537457,0.9310275257327645,1.1524734260601086,-1.644561092801249,-0.9788455095303903,-1.290895778657812,-0.8697214111385632,0.1563081831497386,0,4.9358671712008135
-0.17632443779281304,-0.4709591182137881,-0.33744248399779864,-0.4583358496159787,0.8730240271327216,-0.6787338739377253,-1.0060926219655477,-0.122636574677475,-0.5886340744874827,1.8060856754283132,0,0.4601846130967555
2.036561033833377,1.8325866409038312,1.6747384696406544,-1.757870429266069,-2.1799592641829086,1.7231082690471717,0.678387442949065,1.694112942605586,1.5231910415996612,1.233017697832972,0,39.95142491293277
-1.8211797314825902,-1.3494481908187563,-1.4870875707884808,0.7241720033920882,2.088297044108117,-1.9603281399018035,-1.1257385303632246,-1.1574982069813415,-0.992364778934561,0.1826467455897232,1,0.0
-1.035500236990168,-0.9797910438066438,-1.3258241413458025,0.9392733565805755,1.1658367394050475,-1.8966922870927587,-1.7960254636499176,-0.8432947278723814,-1.1416610708414179,-0.5330142631854847,1,0.0
1.5305748486355053,1.1063092620837467,1.625058379486372,-1.5663271893387842,-1.654410991311948,1.5954637001426881,1.0539990558999968,1.4067151313025017,0.9384313391107244,0.7923484213556397,0,15.698334354847225
1.8932956389683158,2.20696268686384,1.8548838365380091,-0.8712987177580388,-1.2455181278791108,1.8096011867187387,-0.013706051980373418,2.498560696706703,2.2360346274258465,-1.0247957692494878,0,29.85712601558046
-0.08117521292873442,0.15299470034678034,0.8621212995894312,0.8065667724812742,-0.08435679406986979,0.3474632203014075,0.8574668742358554,0.045014010836007694,0.3458957612942977,0.4548081749127638,0,13.179839175737566
-1.2245198297103723,-1.0030077296600644,-0.2557053217131484,1.475340943548637,1.4727842327099834,-1.1588000756479522,-0.456376876326606,-0.9809908944446257,-0.6824608565623502,0.48451690577124534,0,0.5078358281723765
2.036561033833377,2.181812365268867,1.2905930686240372,-1.9619406461103897,-1.7393001403407324,1.7655406009327876,1.4028930407217868,2.0166881523016253,1.508073034128626,1.0506199975144344,0,35.467655364065365
1.6282453079732815,2.2968651645440827,1.8499307901096271,-0.3844085140199368,-1.5058287116166815,2.0155164618642383,0.6066534033398385,2.3089249029456984,2.3901064480025487,2.694132877966643,0,44.30211849306234
0.7065237996213865,1.348617601581572,0.029806215381437202,-1.446994409858384,-0.7410944744724928,0.9864793175020525,1.5516094044472608,1.061649417069991,0.6198451217154564,0.3691469006269168,0,28.073128608982707
-0.7949679108951387,-0.9606741928716522,-0.23311413919307789,-0.055764006869461064,0.5651590225925498,-0.5814366666283607,-0.9549378126616721,-0.35577459381336585,-1.0192215645554499,-0.5506966402428304,0,3.239865273169315
-0.02640335295607238,0.47532655251165185,-0.31886010905280393,-0.03069222835191721,-0.03946977916527789,0.4740945341399408,0.047256763713277555,0.05106813642241636,-0.12780125258146954,-0.057405532620869844,0,16.312401917381827
-0.13849123165262195,-0.007119791174975248,-0.7138348479397664,1.3015711574430582,-0.004326346819680617,-0.04410204949442698,1.4285501899729733,-0.6095808215986268,-0.12482261931738277,-1.8366211829367118,0,8.7631133876016
0.3560607861278887,0.5027659680193542,0.4731690597273872,-0.42756164622643544,-0.2234488424082141,0.3526643241709391,-0.21541869246539352,0.5810988562464133,0.7806786146874901,-0.7402510567100075,0,14.328630733719503
1.4838288406133089,0.9236257666867901,-0.35338516915956086,-1.4031557302969477,-1.3638988931909999,0.8651695246334012,1.1474692357355587,0.5998810302776464,0.5499059281294979,-0.44897357342552,0,17.499110122441643
0.908357210440976,0.8308251491814932,-0.27983162341321405,-1.5647272703075021,-0.566405923106827,0.10266491232950341,0.40631843651297195,0.7370487473329823,0.4903697191618941,-0.5661312297875859,0,13.412620971147154
-1.0617436732045862,-1.2549269847873632,-0.9750009044892254,1.4178571894419352,0.799985385310565,-1.7970802278210352,-1.2595242145731471,-1.222682829650681,-1.318763333412308,0.12416837046493,0,2.643419936785772
1.4088171587161873,1.6129920970048701,1.2281197145863714,-0.737599388610397,-1.2348395393008254,1.6489974609561546,1.4880930202549116,1.3804638337951294,1.3090111095736119,-0.8705738166456825,0,28.08955930044776
0.3382211169684867,0.6584331168953311,0.07123749149807387,0.1114666071607793,0.07977488638357288,0.2626701503924098,0.4159560439493619,0.428296485838962,-0.07040252315925138,1.1126866157492892,0,21.77442709767684
0.7146978221367425,0.06964633873990295,-0.33811031820476195,-0.966392721762313,-0.5780480196708543,0.10829259195595141,0.221527983515919,0.03208428235580744,-0.12863741748904076,-0.031096047253444847,0,12.01151692362684
1.4994739423105952,1.4432264771476706,0.7665095910356677,-1.6932012851700364,-1.6797730181092927,1.32192495068217,1.0026496713712854,1.2202369867267848,1.0395850682079426,-0.04079818353868081,0,30.741049330643985
-1.0961804615902724,-0.7035243102769758,-0.6644978484168133,0.2658043046664664,0.8501185596882515,-1.3962897050279508,-0.19996422511092585,-0.7287698409254281,-1.259542980973458,-0.36591869775397523,0,0.0
-0.013109794632532293,-0.05888063719845428,0.34700932854779876,0.04620615896633135,-0.2258329759001904,0.14882565668657133,-0.7796520216505347,-0.053796554105203134,-0.4141275054248839,0.1270622713377379,0,14.221841622844522
-0.5121094425465489,-0.2613692965406654,-0.42319524646010914,-0.13236973948289021,0.4907302680877803,-0.2611980487725525,0.4085941242091643,-0.053565865594272705,0.08668236627039341,0.8106923047328607,0,12.572901677839637
-1.555562702466892,-1.3774459895716473,-0.5888813726307518,0.7283957851349739,1.513499140359335,-2.1074770904288957,-1.2312752716241273,-1.084110584174646,-1.0373373050950307,-0.9161999498030482,1,0.0
0.37202731083630053,0.47053556474836117,0.5563691552921272,-0.5583834472243646,0.41019206050147,1.091946713049239,1.304332137229238,1.1143390980069705,0.8656947121764881,-0.7029047654919798,1,0.0
2.036561033833377,1.883624706941299,1.2537602319353571,-2.009485812567044,-2.1194748033744037,1.4103962615720604,1.8379852248756872,1.7980760353250411,1.3003083248174148,-0.3412549362477887,0,38.61509146441105
-1.8296323249098956,-2.114221252138498,-1.6730115083994597,1.305537686523784,1.643423618464058,-1.9959118074608644,-1.7372529852226932,-2.120762386205378,-1.3490543149806073,-1.4047472291756584,0,0.0
-0.00954071834702386,-0.3378722725407069,-0.8332519890803782,0.24507312045650625,-0.004310052955165584,-0.4781456263292247,-1.6555198011912633,0.23726145835102172,-0.15016530982035495,-0.8673469717784776,0,1.316244042047478
0.667858568517272,0.8656697181322397,0.500226354613813,-0.5515109103024264,-0.48775033726019007,0.4429645558612001,0.27053103909532394,0.8673929583590743,0.8823399397307675,-0.5172831823334416,0,17.859399676610234
0.1468746591187616,0.1570089434388684,0.7958090185643519,-0.29004073234990013,0.2608655724319225,0.43716812918269193,-0.3340105999604136,0.6139482217859275,0.3350726597025774,0.8609929007364275,1,0.0
-0.09093798737770836,-0.1190593372612721,0.34419822054695826,0.1665715006193299,0.2270995664710953,0.28465598268283837,-0.2894584102320621,0.1626976604062366,0.13584635692638886,0.2366323073061673,0,10.85511058359119
-1.285092651866441,-1.351887630663278,-0.21848515225403933,0.59014754534019,1.1459073940115114,-1.457218310955105,-1.7960254636499176,-0.8379537409963407,-0.6231534530509513,0.16624807238859263,0,0.0
0.25732930663635684,0.16499049764441362,0.04378308876061763,-0.17885719916984716,-0.2590879425195834,0.5954489361408821,0.13084110228555365,0.278267254469562,-0.32644137863649847,0.8370204857671003,0,13.191289631542976
-0.738951153338098,-0.3831585349820917,0.20094619655829846,0.7158265505264163,0.9358357230412186,0.665314461982773,0.11011984679096981,-0.5479520452518998,-0.544180387110569,-0.1714930792954414,0,7.522160074698064
-2.1818555054201307,-2.186170603331557,-1.87773543275145,1.1038559896295872,2.052154943817721,-2.025799240254604,-1.7960254636499176,-1.9649252541695232,-1.3690018350402706,0.3671558164999371,0,0.0
1.2256758342862624,0.7818491737736015,1.9044797429670106,-0.5550850114385917,-1.3869614204115461,1.0087736512111634,1.2375024654972613,0.7407191118720151,1.4016322684402036,-0.13664351115277246,0,21.92371901197171
0.9878630402937093,1.1832966934784026,0.8169577179518881,-1.3383012553452074,-1.167669740605668,1.1474956716156999,2.343176113471751,1.0697008349795754,0.9244889392596013,0.23949070408040737,0,23.10636782455403
0.07497173979989903,0.020196863805562924,0.4948222958562398,-0.027378849353400268,-0.31702862136129767,0.19303672694752322,0.5090401398161258,-0.04037639835891173,-0.03996012526543061,-0.6260032968178844,1,0.0
0.25359200694699585,0.2630842506310102,1.1007028288421317,0.3835990752508863,-0.19459013275452003,0.8252702769466503,0.4979152469043462,0.5494491662951576,1.3880037608261706,-2.5200814818432784,1,0.0
1.1045836652324712,1.5563629795392007,0.8114335670969004,-0.4862166767897705,-1.298032975228491,0.8985747470933412,0.6545851374243862,1.3872365621696607,1.7367385169495873,-0.16833710342369063,0,23.1389141880292
0.24882477350098087,0.24281075963195073,0.3475092586485842,-0.20888110638817603,-0.4217399554568742,0.9522593168559496,0.45943058116602736,0.40284854794619446,0.09892399385888598,1.4205844947460937,0,18.012438497824142
0.9331250273245064,0.9934429337280093,1.5530122284147976,-1.0164783231694783,-1.0746789164509993,1.3858016123593728,1.1475509673194788,1.249103176718376,0.8871195813610692,0.9138807356699461,0,28.049386761984028
-0.2765458920766876,-0.6115865645146811,-0.29753032877839863,0.7324257963637318,0.22027773604712533,-0.7940183214951276,-0.7180501080261337,-0.7082520595254357,-0.2869513006225704,0.9538654276371558,0,8.782311149864254
1.343865708995586,1.2341075457278008,0.3376247526142965,-0.8278610818669174,-1.4409342075823068,0.7311772632234846,0.004437744707146899,0.9070220570041229,0.4203522794753968,1.2301443910354772,0,35.52835431165562
0.3459267534220683,0.526396351065773,1.5754402068915212,-0.6383534999906472,-0.31880255784458994,1.0981492467609775,1.9520174350752462,1.0858088207603354,1.4224315769269555,0.05916630804005019,0,22.43158628779709
0.21833107954245237,-0.25013618651656216,-0.08803846450742217,-0.6200359488923491,-0.44405945501636923,0.23733291810177773,-0.8211687265703094,0.1414787739284481,0.24893517083791086,0.17005018799809477,0,13.049765405913805
-1.2557390978376457,-1.1349700941712992,-0.9353611136242208,-0.006151772626292948,1.0175897695458784,-1.3956159949502145,-0.7170023013178544,-1.3231361092527978,-1.0423492247010555,-0.6616112911463681,0,1.4173042076751288
0.31186681148106277,0.3400034465963503,0.9587674958042549,-0.2007830466066362,-0.386731303454021,0.773012483920083,0.521579046753616,0.09989873579627957,-0.03219874271874356,-0.35385467711848567,0,17.716554750005603
-0.8146534526292154,-0.7596463463603617,-1.0271149892412745,0.6588153588866772,0.6509207852053817,-1.1962098958732028,0.21793529750554858,-1.0377678731583206,-1.2452207511272726,0.597077312685072,0,7.796865087506942
-0.6196641351454323,-0.27156665696115684,-1.1035657292868362,1.1319298480184876,0.4457662751860273,-0.4695696445490779,-0.20606226955432702,-0.29683489561935744,0.2944849445961386,1.1972375703410085,1,0.0
-0.7979614109627012,-0.6550578496380648,-0.499226361420057,0.8774584030611468,0.5543643349558287,-0.17061416230650445,-0.4189932958030876,-0.317314408875009,-0.425498516689403,-0.17361006057797598,0,13.054867156019714
-1.050526759380351,-0.5520768796359825,-1.87773543275145,1.6130638543702962,1.316355893469126,-1.2205923763198847,-1.2044363192353207,-1.2639461072538343,-1.3721224984723654,-0.49071833961467193,0,0.0
2.036561033833377,1.6654255038859058,1.527737453936608,-2.009485812567044,-1.9622583504382598,1.1765880492517622,0.9437298351231855,1.7692112872724879,1.6076979523362058,-0.030768580092138783,1,10.312583578169424
1.3633526641616285,1.360243715021412,1.2873666678511093,-0.6002025429280023,-1.5487307616201984,1.3366496748447696,0.30263862955584353,1.8005410468932739,1.7363560673594693,0.5822145732277937,0,26.22244463479881
1.9563869710060062,1.9141240587801576,1.4719753519414824,-1.9986776894320557,-2.1443325248880236,1.541539216674991,0.715576392309931,1.9468420041164072,1.3893095309431007,-1.5047382335030093,1,0.0
-1.2082522615120879,-1.4730708981244744,-1.87773543275145,1.4570314866172653,1.805055387910692,-1.485347144015941,-1.7960254636499176,-1.2361024920395332,-1.4156671379026933,-2.374523502688971,0,0.0
0.0946977594596809,0.3899276602590479,1.039961136465119,-0.862480063674909,-0.06795680407936723,0.3985103915399694,-0.32109716504179847,0.8829598793762483,0.5337548054566965,-0.593121454020202,0,2.0840325070436148
-1.2793450896175897,-0.5160276417197792,-0.9878511841873583,1.2327643032716238,1.136531482427294,-0.9333854168515283,-0.7465726100764655,-0.9576073032798911,-0.574165069047957,-1.2770249726776834,0,0.0
-0.6774667345702942,-0.6455314815039774,0.3026252336490058,-0.4652791090850632,0.704118718891901,-0.7221156622635423,-0.43915564196916496,-0.3598903597406784,-0.7284070774687786,-0.5498563450014999,0,1.39667609722764
-0.9014115578404892,-0.702856658506834,-0.891293727538722,0.6372638435581878,0.970977588134349,-0.583859701625195,-1.7960254636499176,-0.756528136554612,-1.452352854745183,-0.18211481907141672,0,6.424466253605669
1.2709736005101508,1.2560124563321264,0.5400423724168929,-0.8878778764667992,-1.1331671840620736,0.9352262072303876,0.6307307629260491,1.0806050349083094,0.1816010116087832,-0.49384014759551037,0,12.507714487014546
-0.37596493149520743,-0.5664688542623383,-0.14017430358238755,0.04400581806188986,0.2772816464930516,-0.5921019921417132,-0.161006383259463,-0.17428571253720512,-0.7912112445127945,1.4509126681878564,0,8.69839231763069
1.0986045984217392,0.5149205419465978,0.7931463541606322,-1.5243188311773195,-1.1878780561579176,0.7148409559940251,0.43372259363393256,0.7891967048506724,1.2780655914705539,0.302130482696191,0,22.33814632686034
0.6311888238559089,0.402950096048634,-0.16786810732827676,-0.11447154386501913,-0.8593396763659145,0.5414900266390816,-0.015403536055136467,-0.5568488133733815,-0.5151737476945688,0.27532195215238375,1,0.0
2.036561033833377,1.5450782336624522,2.575648581067726,-1.8441237556823562,-1.6254730502013839,1.7668426781379125,1.1313624139684986,1.5371456231389993,1.6226439098846135,0.6036451424952155,1,11.318599545588564
-1.4665462058227428,-0.8832509474383093,-1.5757623168717845,1.0137564709890572,1.4101474915721763,-1.6176394909364304,-1.7204327218034747,-1.6915058286345674,-1.3779761088914224,-1.1934684407661769,0,0.0
1.2907564644306657,1.2147000807560433,-0.01604782373179706,-1.1155418609685621,-1.4547376154845724,0.860924203519026,0.24391152924007778,0.9335514258620417,0.882006676813008,1.0290897014749352,0,22.48669400852225
1.177197016301973,1.035933797178711,1.7787852100669475,0.3536704785554391,-0.8048713091024184,0.9350973518751894,0.8336496662535106,1.2239782196366986,1.0817124181829418,-0.10862360332116827,0,23.621849814518196
-0.9570391694582074,-0.6402232129597284,-1.083035846067403,1.435937254278208,1.2725933640992604,-0.13410575746328895,1.3521013565546085,-0.7629367709917246,-0.3155984434735016,0.6529074542524307,0,1.1245396715916467
1.0369420792074675,0.6668835287204268,0.5082997083933344,-0.3020232751552035,-0.1964205874126548,0.4863980075611337,-0.13220133178719826,0.3514138093685548,0.3605454958867008,-1.125120615433877,1,0.0
0.36139044566928596,0.1254368686730893,-0.7418718872281032,-0.09543592780995085,-0.11110074066938382,0.07671056368256045,-0.1894693114428154,0.06233997637169147,0.6068518807707917,-1.6168934666737547,0,4.8346386297572295
-0.20606385450689288,-0.1671928691175121,0.878121272208948,0.25846599156929057,1.3935607384141422,0.4215739716521078,0.26648062053352295,0.3067187046013124,0.49153073430224137,0.8033360362848034,0,15.529131412461116
-0.8065794835354475,-0.45357553895615627,-1.4264165033584861,-0.5696375354320106,0.6124121414564965,-0.691895228096116,-1.0590384604316807,-0.9944207066085852,-1.1999585786263642,0.35281258203672644,0,11.052251094029453
-0.7010405467413824,-0.5114701913768301,-0.5353046836923699,0.24469815169015927,0.8767928445068806,-0.24826512643517193,0.4692864178495479,-0.9012571791005989,-1.0686342948733543,-0.9518366205754055,0,0.5676211615446949
2.036561033833377,2.040608034327439,2.243475002715684,-2.009485812567044,-1.8319997104888388,2.0569763716370497,0.09010336642001505,2.1369212714186374,1.6760179186195492,-0.9187846988334617,0,31.03407424409253
0.023646889470713903,0.0564078778066205,0.2820529801570616,-1.020087082669567,-0.2051244816172161,-0.16029044468581452,-0.5222688451688171,0.6730058022098806,1.0947159755972702,1.1171809472059986,1,0.0
0.8104085407937406,0.9091606373641615,0.6473094648196046,-1.3289152204434147,-1.0131756770784017,0.7337947722973429,1.0897058716402965,1.3407402731263174,1.0576397816995082,-1.2450832764421218,0,14.732840232535896
-0.7733187061697977,-0.671510710095616,-1.6445818200466915,-0.3794705451324105,1.425875630400517,-1.031842916597882,-1.0803543699700597,-0.7282641158534428,-1.0403289013512906,1.6450142734258664,0,12.924618857173272
-0.7621971460868313,-1.0329059749734109,-1.103598656732285,0.6363963484655503,0.5854640578711997,-0.9800176862325327,-1.3817972160411058,-1.2398585009631566,-1.0410523191178238,-0.9503764918145039,0,0.0
1.1123026021437015,1.0920456126880036,1.045115683806255,-0.5494086884208799,-0.852532823697588,0.7021310754524414,0.8173655838805696,1.297048893429799,1.1405211876240071,0.6201614547130959,1,7.519280352478285
-1.3357949874043553,-1.5968757383796002,-1.5656799880750962,1.7423006167640596,1.0659124764565415,-1.7268189622091632,-0.8651400204400181,-1.7538782709325558,-1.5298623552720132,-0.3666572825452163,1,0.0
-0.39507812836345696,-0.344752122246844,-0.19526144445328755,0.5547597872379999,0.14839165595108492,0.23775301970278176,0.287385416399508,-0.5318103125900009,0.2582524319434619,0.584235827868504,0,14.837771405446084
0.057218251604852104,-0.08016038989360928,0.46490866729472635,-0.5681867897604687,-0.15240932348644826,0.4453579479856605,-0.20330989745501218,-0.4538081954031362,-0.06542668763578152,-0.5865670404072119,0,8.782101813136064
0.135089451818213,0.9069619795648748,0.6968506721860396,-1.1476740861537444,-0.31190926361024096,1.1332739104520206,1.1800395660725005,0.9120135300836257,0.8284306137859591,-0.19743492563592663,0,14.663392845988614
-0.1573518364634354,-0.15303680122313734,-0.850452530494479,-0.7995805627867966,0.18542776635667083,-0.37957281424828543,-0.6173898541375085,-0.4484615179515073,-1.0162329787455484,0.01045001408794089,0,5.587650006403065
0.4214711004516964,-0.009425478629744528,1.6700470507905427,-1.0478857881549457,-0.46072375173525404,0.47074382287956773,0.8268484601102533,0.5671019818001305,0.2984326372446898,-1.054023715624964,1,0.0
0.7205271584757,0.6614102708393633,1.0659215956166814,-1.1085690463924651,-0.9305214118066707,0.6177427143905734,1.4288322117239918,0.2068527118034938,0.4718983537544843,0.7246921102583217,0,24.126244063100625
0.7625930978592369,0.8992357523638974,0.6422124999870632,-0.7603865002976061,-0.94899032876244,0.977014590340539,-0.9462882601185204,0.8801616978750135,0.31986096164974426,-0.5550336372103413,0,17.867386504646767
-0.9695486398830551,-0.415324735640525,-0.14318392420861903,0.30240875491125047,0.8214859143121396,-0.16520212922748806,-0.10714566828314533,-0.9900096800980953,-0.06920755716632913,-0.26458993213551313,0,7.654872220744641
-0.2631281541230305,-0.4206237137341126,1.2031119821321707,0.3994102429440081,0.06235390154732541,0.2211658193410533,-0.9966475184117805,0.31826624669115744,0.2722069841531442,-1.0460250784285372,0,0.7668201525290925
1.225847636147853,0.7090982733664799,0.1695377115788739,-1.2035642794465926,-1.0754982927509436,0.8956853518906315,2.2818035693172574,0.7491701542212097,0.7015427945442038,-2.6461281064726685,0,9.4314433243803
0.9236909341109228,1.1437885308368456,0.6424897327214233,-0.8112766912726109,-1.0221516307115803,1.0498023261730993,0.5084327295140767,0.9265532194008214,0.5704007077568265,-0.2262481477340518,0,20.1545932062878
-1.35923657207393,-1.7121016717444817,-1.87773543275145,1.780463000673579,1.1109390411821036,-1.656510158791376,-0.9120593955522934,-1.6492360413746265,-1.3515926688093167,2.4307283188167466,0,4.204575294745634
0.3768296728909868,0.24016856060575173,0.4382839404683296,-0.9620112282129574,-0.4572404629261618,0.19100413789775855,0.08861164165326396,0.09337926082329115,-0.40603077875185467,0.7693688453716545,0,17.70166975337688
-1.968719343816188,-1.9580692490799974,-1.4032432365459389,1.932199828459137,1.7073260725259483,-1.928719437769164,-1.7960254636499176,-1.8222581492152914,-0.8349801766353634,-0.050962264951569664,0,0.0
0.07021352390312205,0.05648505755016679,0.04588795543322881,-0.07827839026472264,-0.2799885276995697,0.40374775040231176,-0.3162109865692128,0.2684675850190719,0.7653395046659109,-0.2995832644465207,0,10.36148859912106
1.9336327841470966,2.0749549319582394,1.2238292325782483,-1.8756093077453937,-2.073511377084093,1.840153169819673,2.495381025512682,1.0356974687135132,1.374365640521453,-0.008381267345983502,0,39.34755904101525
-0.9313797226004259,-1.09072469220394,-1.87773543275145,1.2718848148693318,1.1296772627695442,-0.6716013846829604,0.03019621472327556,-1.4680491004081637,-1.9581725051283116,0.5270190030794294,0,2.253558483856948
-0.817037685799562,-0.8571022396217994,-0.44362005150283534,1.1686536267266945,1.1638157142582668,-0.14737632274707757,1.1035842631263013,-0.7891684897335066,-0.6818538750868766,-1.2363080545355762,0,0.0
0.7921852247955543,0.7664404244539316,1.5354772981960472,-1.2016260119914637,-0.6086668600799984,1.129083284932529,0.915027999350154,0.9780861555893713,1.3781034362178466,1.10584021583983,0,26.386854820523777
-1.5303343783875194,-1.41411556243833,-1.6100122982886993,1.231810755434628,1.3509914336842006,-1.7255704364801008,-1.2677871021576832,-1.0952039556245576,-0.8065213469449048,0.6987279027580274,0,5.656043357568849
-0.6140988457231932,-0.54999511915234,-0.23571704458033033,0.6756626585151705,0.432648680760138,-0.6519312511139016,-0.7520996994772032,-0.784034912591391,-1.1615990555691131,0.7015897588396632,0,7.7125625027766205
0.6234568433646723,0.7404575410834667,-0.4070190579434185,-0.6985776019527496,-0.6672978754716783,0.268956324038434,-0.011975170043988913,0.26406540931971423,-0.037718516240951995,0.4161501651372776,0,20.368292064711152
-0.6156400743186677,-0.3261045979853862,-0.22676829237351992,0.8374118926739941,0.6599543318152556,-0.0021808036777145015,-0.7264020581226036,-0.8569991817886113,-1.0065283441328556,-0.011288866475636889,1,0.0
-0.21461534593467801,-0.07735376446066038,-0.40142298920909114,0.3265016874013015,1.144647676236698,0.3352430477163222,0.28446037845358085,0.21477188086896165,-0.09097372113491631,0.6553368378054926,0,14.756331672098494
0.772206197908091,0.8885960607055343,0.19666069948092585,0.2830901406571236,-0.9669594353641949,0.7679752409159516,0.06834435991938953,0.5574676878113096,1.1293506679988168,0.5726295587893706,0,32.44070200043145
0.4473723624204996,-0.0383242018851503,-0.07140926353434737,-1.2084802037037043,-0.6700044233940236,0.36430720283773754,0.5418430713458298,-0.07144373890227161,-0.8661117432857192,-0.39260026929621483,0,8.426222134594028
0.29159240257948593,0.3052609576720972,0.018098170929752175,-0.3290296609689723,-0.25092111380877996,0.19312057204204183,0.22436710963580006,0.21829180832767456,0.44797504432229746,-0.6166588415786463,0,8.127075080563708
-0.3184691564645586,-0.1508287063050753,-0.02498944343136905,-0.21085184361685397,0.48755396092417636,0.13033306695650948,0.2498278610047868,0.07854025061825233,-0.48918856158020035,0.0726353758939548,0,10.006693318072337
0.39553725499953124,0.6101071971071658,-0.4433571687854372,-0.03628529214635264,-0.19124746932105807,0.4808843652365261,1.4421499437771375,0.37607966877044285,-0.07025116232109507,1.5494430784888242,0,27.37233987605935
-0.10161473495031396,-0.29662571575404634,-0.30996847002594957,-0.7745394320190708,0.12236683584821155,-0.7018943029933153,-0.6431738316596394,0.4828417383411868,-0.40637593202766553,-1.2957964202267498,0,2.3499164227645384
0.48387848272438333,0.27562255510545886,0.3874487229625956,-0.24960370164057533,0.0055053873845864265,0.2436923720600202,0.6486969636478213,0.43166137726331744,0.14648141444769514,-1.5288935509333803,0,4.398227503249605
-0.47735213538737065,-0.6216817289096326,-1.039940909769401,0.07502790762624775,0.39199490155927924,-0.3651302081519157,0.9959506241040307,-0.8353421910554817,-0.1792428649862881,0.13682846475759008,0,10.47464144864121
-0.16085116330727314,0.017705963917511718,0.9488253550006199,-0.2565642400901523,0.48957271743234687,0.4481336325898114,1.1748240995531867,0.14668204806784985,0.21091606163205132,0.020622736821913696,0,16.021250594749286
-0.9737308741954593,-0.6125283153696695,-1.3050604426234182,0.0778049421981392,1.517165041164216,-1.0440146785884334,-0.14562537708533765,-0.8844417753956245,-1.348611516935936,0.14558505831412044,0,0.0
-0.012286263087890619,-0.12478789410898938,-0.39826754601624637,-0.24434158386672247,0.2095013747939028,-0.758769511430652,-0.8652536633541041,-0.5783729460348654,-0.14272513283958738,0.21764300543043252,0,11.448250342463698
-0.7935568943603455,-0.4775670844166379,-1.2301035737176318,1.2566218114113807,0.6208110927603908,-0.6996938549943623,-0.46685780133621524,-0.7476265941294146,-0.2163561702695797,-0.25908170521903856,0,10.03718995109042
-1.0986634343847625,-1.0075196369502017,0.17243944116323925,0.9374045354832943,0.8839359538463304,-1.3117802573351118,-1.7960254636499176,-0.4830255085823704,-0.4385582409943735,1.4890745936870224,0,6.740140756542125
0.2833796782955775,0.2446546431325715,0.5755901125027079,0.07418679657907662,-0.33469229142364015,0.18035758090908216,0.42861746582664684,0.15368621769331356,0.9545780879147875,-1.6650044062900122,0,10.456361166155444
0.2371460040695768,0.1739490706978774,-0.35075670556827204,0.662079130824175,-0.3342544692223197,0.10651069673114395,0.22171536602858075,-0.24970761799937835,0.08743756953033623,-0.8767753928004203,0,14.114637201636672
0.8111573321956944,1.014519692140369,1.3430155658079417,-0.5792346971155345,-0.5446931058922496,1.2135658643608163,0.9631862905909357,1.499698199420159,1.640389826266922,-0.13667719449238455,0,19.383446790425445
-0.4110981430700721,-0.28627233942329083,-0.2101287172006572,0.05473880110643284,0.18384506956722765,0.021315589962333733,0.643380175601104,-0.6354402566619766,-0.9401571869488212,-1.7081554056273178,1,0.0
0.4337873608690657,1.114148441432416,0.5240179419927964,-0.1419714535739686,-0.5985747599985614,0.2596444746637005,-0.6205608373090535,0.34405735718801295,0.5575923836781257,-0.21076397700911156,0,15.437887212308825
0.5775028651370224,0.3071584546739479,0.2844177613167389,-0.8016460893827797,-0.482116074226345,0.01351453655253697,1.033648008249386,0.035752677806132484,0.10438566334377641,1.6641965298417354,0,21.76589962822488
0.47075805390465414,0.6186388431168738,-0.045495144968888186,-0.6872986197155947,-0.6813464057483196,0.34364890020688965,0.8251135678355611,0.03773593326121716,0.2337404726626121,-0.009993024539075667,0,15.472254215652251
-0.8083093644778376,-0.9258994318861135,-0.45770822099310204,-0.10552438903334635,0.6390373036464959,-0.4456156531021956,-0.4550729925777789,-0.6325654601139629,-0.8954220074086023,0.20411925198768102,0,11.34009251923016
0.1733387007626702,-0.08607056055770587,-0.17024459124685346,0.32800271704159456,-0.29844539364352063,0.11416537301601695,-0.048256316713951926,-0.22688629403243765,-0.1761322078788043,-1.3172854575227626,0,15.470388069998108
0.38957616945709017,0.38088725721287886,1.417119903340177,-0.5538230533515899,-0.39643271033865884,0.8823802945448248,0.9907890671265603,0.6332857347941603,0.228372217800702,-0.6602943692811343,0,13.357179117761293
0.030186713046612114,0.08058217403849371,-0.7206814020729303,0.060224978673376485,-0.23277207443773545,-0.2051155539320669,0.7804312568660835,0.1547603618543267,-0.7583603337334668,-0.4141892934856098,1,0.0
-2.077707956176489,-1.1033113825687841,-0.7956045665096987,1.2594370492185618,2.2544435529626288,-1.68846466817105,-1.3590544822621489,-1.2372522840028017,-0.7820176343211269,-0.35553055766782937,0,0.0
0.18454050916860137,0.13166651613074018,0.0976487881906859,0.0593436862647374,-0.285059129847639,0.0020414572098510545,0.05114369005719182,0.317196511818846,-0.34437784219696466,1.276589758488101,1,3.887531908027598
2.036561033833377,1.6241618900265573,1.877694006400719,-2.009485812567044,-1.6541386898927748,1.8384159357608312,1.470755033878914,2.1621030569563873,2.0358754959991354,0.5378075053988319,0,38.68189290458867
-0.3395283982872093,-0.23343229558693648,0.2262677626913054,0.2123976820419076,0.23712961331204552,-0.22274758101557998,0.9364889396432853,-0.2301722582551814,-0.10354054818769969,-1.1655325244428978,0,0.5469382077292506
-0.7100691803487522,-1.2984474374034964,-0.9533824932108458,1.0745353220311835,0.5275012584994718,-0.7310574569968554,-0.8831874840388639,-1.014902386420714,-0.8309050648041044,0.22024685277962683,0,4.240427886909221
0.39884705670570636,0.36529188326366796,0.8569337875728236,0.05936838975171075,-0.5984211992573665,0.6314384514255427,0.4525936286160997,0.4132681925676114,0.2483439338653701,0.47712001794635467,1,0.0
0.33746206009518936,0.3389720011748874,-1.3234098513477386,-0.31610872248421923,-0.573323781271757,-0.16088878518630348,0.7791229111486174,0.12471610056989577,0.2099150472759854,1.1321966095367135,0,28.73109027270392
1.2238061497221053,1.4252385395000091,0.5963426841435994,-2.009485812567044,-1.2640994105628751,0.9223982969373634,0.8057626531451588,0.845738162969943,0.9669467459883386,1.5816092832938262,1,15.08377922389893
-1.2434632432941888,-0.889726889891539,-1.5707460580954766,2.170271784826543,1.0011081752962476,-1.6696960374427914,-0.6678278342542961,-1.6373320895137187,-1.2416740808235387,-1.0671948345183626,0,0.0
0.7593136527659893,0.5870601098779407,-0.10680755532133336,0.24858214613563767,-0.8707161214531288,0.22632298876359963,-0.45427818640849965,0.23588883356025198,0.9160494495762043,-0.8587745497045514,0,13.464304394818454
0.6173968324788959,0.5574208863481405,0.394710256859354,-0.16759173850090692,-0.6394777435078512,0.4460004885531275,0.18619987954099043,0.25535469920092563,0.31586402355447135,-1.3146455608232999,1,0.0
-0.12015382081350211,-0.33671270546165544,0.14139587037645085,-0.3021874705119404,-0.050178914285453464,-0.6702630865734409,0.3762596994402333,-0.2997983490606443,-0.27324805754442916,-0.2701208985621594,0,12.115392322959105
0.36395009062086653,0.01877651016660613,0.7316665975682765,-0.3876013739597509,-0.5549148356932329,0.2975844053056201,-0.24264581920115053,0.18790255711744824,-0.21469273236383762,0.4446039514168544,0,18.5062799846917
1.0594180464573877,1.1209650831467188,1.0329166127209823,-1.2223800310367712,-0.931451645749805,1.2953864261887664,0.9160768190290693,1.3193563059388034,1.3807735712387816,0.9762518199500069,0,23.49778380550728
0.9012072523301639,0.4906830751019427,0.36127136395536297,-0.12991641568117854,-0.43758334933009513,0.6232385393706674,0.632696409656617,0.3275471196064432,0.5560546905614305,-0.10881416556944648,1,6.714827656421311
-1.1278333350377387,-1.1980903760333976,-0.7039699074181083,1.1147915177842755,0.8860756426134377,-1.3755565280803752,-1.7960254636499176,-1.2989692683368097,-1.3091241810878502,-0.3577066649999745,1,0.0
0.848695348233653,0.5243698242431275,0.7887126441344199,-1.1653124914657391,-1.0353027467525744,0.672866515607299,0.23562519762330403,0.563543552863556,0.7332943196364758,0.12355926413589374,0,16.376707891890515
-0.042169112729591174,0.13567196128037348,0.5341320744005627,-0.2212222417801205,0.5536426236541648,0.15824246623918295,0.15839372097460705,0.05044181468027033,-0.10656000471961308,-0.8835574044433825,0,7.281319756691577
0.09632912723339554,0.6468094728751672,0.5540854321965099,0.49822688711937957,-0.32894291229130285,0.6567985436245998,0.5230648942672194,0.29675942143415773,0.5274632511733733,2.101033684091735,1,14.673135743380998
0.09665421615133128,-0.2903004229236545,0.10932544316795781,0.7507924177450602,0.5540716889341616,0.33477301801890974,1.0649728708768542,-0.6513316754717943,-0.25749646607770094,-1.6718998669786262,0,9.273804425718424
-0.12830533504950034,-0.6728915887169716,-0.630270885838209,0.9095177971826507,-0.11683938595376174,-0.2340377810140502,0.7702287497926693,-0.6748151043389639,-0.27482859751362465,0.1572174693225217,0,10.419142752637146
1.2227714924425015,1.1464678848526813,0.6354528965907918,-0.6785526663650709,-0.9556439143931287,1.0758265703666219,0.2764793594359974,0.8386677263399017,0.8096229424516243,2.033750613779776,1,14.697181068172586
-0.061327882449483576,-0.044041136784174956,-0.3675919273236684,-0.08931129802965898,-0.097317173992186,-0.1907159812295586,-0.12787983333697536,0.13244362131961704,-0.32767026672467414,-0.02436822046687467,0,22.727720719152533
-1.104200514836937,-0.9840825526467999,-1.0923378595167212,-0.7558772216634119,1.4932758299371174,-1.4917435603442428,-0.8243908236000402,-1.2903810576507948,-1.4809234195723877,-0.22523916694227653,0,0.0
-0.37324674840332006,-0.48311835615196974,-0.13859485172146113,0.47357694947899653,0.21152717047421224,-0.6736144358313072,0.3943500271404591,-0.5413400242962505,-0.28153556683164505,-0.39607472361746815,0,5.638553593679919
0.20286941126502403,0.14428306599478016,0.6055879231761521,-0.18780839515032138,-0.1929215458743802,0.29422033694773736,0.6650605418963458,0.7645104345974308,1.6826815659481706,-0.21539419637327634,1,0.4824779098828569
1.2605338593231918,1.3314802079553918,1.0255625181017853,-1.0373406548827475,-1.4588704042042866,1.34424383291534,1.2446812626683947,0.9990171761813652,0.7797012812426753,1.3696626837641777,1,14.449982657271596
0.6301556402001004,0.9294865429107623,0.5430541390343082,-0.5318370314685531,-0.7957652926987057,0.9787750447248381,1.1909856229623945,0.7463452254767796,0.8602462335184954,-2.2884772613592603,1,0.0
-0.8333601752679964,-1.38070171280986,-0.5944102093054306,0.018601193497002462,0.9216566236822621,-0.7192923865624423,-0.19298816572025562,-1.4110882053647975,-1.561486058162591,1.5335373539154482,0,7.543064276220111
2.036561033833377,1.8541323484624206,1.3918074031123866,-1.4952039200283158,-2.0620216574919406,1.708840032674877,0.7474067229427477,1.3743345929447068,0.8829961151261339,-1.4844329841252586,1,0.0771477681199748
0.289535422640248,0.3527037291570084,-0.3006475355083395,0.07120145933518483,0.09049640548390922,0.11361189415732026,0.17421934318100785,0.5580134286004781,0.2090949430258943,-0.3034218154081125,1,0.0
1.3070238466135786,0.9877738468797221,0.048011803084979265,-0.791625414182862,-1.3925140229924158,0.8253286738889679,1.582867777742982,0.7750054463493206,-0.14067501705528856,-0.4693444588119381,0,24.50573044802123
-0.1297867868352999,0.4084694890888436,-0.5110075908712522,0.6036639987669791,0.3622803033169309,-0.1320748147141109,-0.2879013000911211,0.11734969486021503,0.6315396953344555,0.5693018989613281,1,0.0
0.5599459429293195,0.3558002290295715,0.7573182057055525,-0.18000877884379926,-0.6522101181334511,0.32318484135995407,0.3042571631790841,0.00805749789385332,-0.9199965428220166,-1.6621678415535062,0,10.758445808176832
0.8681369916735657,0.8312051189537071,0.31166650734657625,-0.9847730534551737,-0.18407465846201299,0.6480622224686707,0.3271498441509876,0.8098608588117933,0.6134909665978645,0.44033250259181317,0,11.119236279212243
1.2494388414322704,1.3777762777068807,0.9050634356341801,-1.1389495008566417,-0.7126793379164139,1.1865887215360467,-0.5844824387041561,1.5647696746166129,0.9411885549965645,2.0344684264346826,0,20.666204328780253
1.0875186862658315,0.8757006137984816,1.190685239132264,-0.9119196441005128,-1.2152300883054,0.5157256953588998,0.3906636637817541,1.2919997521768434,0.8207185423292032,-1.4224047483059075,0,14.19183789917724
0.9010880672958731,0.31746905950803933,1.0684779797310122,-0.7402274734007822,-0.616556389526095,0.7397518684201932,0.7574245966893985,0.7451363534029398,1.2329042751228676,0.1622847736434243,0,21.5650508513286
-0.29427014734869594,-0.40194889921824545,-0.8765322998950357,0.7746879667007898,0.48643519903352045,-0.2433714363285547,-0.5780944482044578,-0.874458837844376,-0.7527529027716218,-0.7068496393602277,0,8.049667951044848
-0.5526749476544265,-0.20957600604742846,0.14728027888572556,0.8133440975743238,0.3533423374838077,-0.021473115756352905,-0.8157755738389884,-0.07646777827579773,-0.4957385719223585,0.4033037677838454,0,8.46588064205923
0.35782893544647126,0.25191078830789554,0.9797864885971896,0.7744954590689104,-0.36427464049484976,1.1626250321559601,0.33145755593388626,0.5613711183822644,0.2548940871653579,-0.011767351343479645,0,14.239944538094091
0.9624335198146533,0.6785143689597345,0.13530560396553837,0.3142423418915866,-1.1687158553149875,0.3595808012914989,0.7483411002510664,-0.01587419560054835,-0.33245280058241483,-0.6859345435127328,0,18.64199821705724
-0.2012759537065082,0.09648544587346118,-0.6469955012183151,0.20843475672543718,0.37911268655319813,-0.19101750913398186,1.0867848789162458,-0.4337559502173719,-0.44672059456906366,0.4665585548927109,0,10.70835740522617
1.0953754177626673,0.9619446327248979,1.6292307485608466,-2.009485812567044,-1.2716224692886682,1.0790808168416837,1.7403049439769753,1.4858069192532342,1.4327703104015597,1.8100011997193128,0,34.696175629788755
1.4854551333560948,1.282302860337919,1.1549516175092174,-0.6548195695591155,-1.6815476653009587,1.2017237227673987,0.06073264206199145,1.4593575350419874,2.1236000672637094,-0.22612163742966312,0,21.38689375017473
-0.899593210808594,-0.8085269176738692,-1.87773543275145,0.4914128510716179,0.7576736543434919,-1.0840858769450432,-0.37326560521850566,-1.5159500243665367,-2.1988524258165185,0.7031941807156677,0,3.306323722470074
-0.8196530102679994,-0.5440761088187178,-1.5029550491086208,0.28368790477335243,0.7613198926578147,-1.0996549951665113,-1.3767160102798346,-0.5923311822119159,-0.594115134117689,-1.3510718416876697,0,0.0
-0.11837029530423658,0.6159608636170428,-0.23577522929011058,-0.11644465174382462,0.32565777550491654,0.17589461808926823,-0.2807597983523037,0.37684505009637187,0.1869660842804479,-1.007335467072976,1,0.0
0.332664108301125,0.5794319184140493,-0.4065768032805828,-0.5360979375629511,0.28973688233359907,0.21838902688567913,-0.16748887182175431,0.5200384090096284,0.8357434764769779,0.45077574069798826,0,16.751031043104824
-0.5051750641644916,-0.12457340858977477,-0.6542521269541013,0.7552512799668745,0.38719903920367044,0.10003091259302814,0.4981419772094267,-0.4939586855902291,-0.3390052116327449,1.4832094531094338,0,16.872020153368048
1.384358170399454,1.1864977382877444,1.1780061716209025,-2.009485812567044,-1.5851173347984038,1.7431443099165058,2.0071550877012214,1.4433922435299165,1.5720193202380397,0.33159041378922877,0,35.85089405807944
0.449910283718159,0.1321875994706006,1.25578956953422,-0.9717613867046666,-0.35964974019825574,0.9187304524414628,0.6428150847815463,0.7391582564331558,0.8007345818736654,-0.3507780956332895,1,0.0
0.06267474666088628,0.08911297622738473,-0.11017862586674196,0.11686518511020613,-0.10945307862194405,-0.10804358570773995,-0.18581680819002433,-0.07511765359317076,-0.47385105957191404,-0.032030463207183404,0,10.387770196317671
-1.4227154356155505,-1.3235984210595932,-0.5290016710905268,1.5628218425945268,1.289579884040929,-1.5102908409628757,-0.9766236604721331,-1.142137886887898,-0.5957261991380145,-1.3073285623358195,1,0.0
-1.3018049944663728,-1.5656962351859214,-0.21639158282614648,1.4669644797063235,1.118531557422478,-1.3847546210430988,-0.8062503621726219,-1.3862459213642138,-0.98665678005592,0.5855909238785336,0,4.15754090295322
0.305879765775617,0.2508492583599733,1.11972456943756,-0.6924054913976098,-0.37936708717736867,1.0553359222625538,1.586286807982665,0.9747138336072606,1.2509147249595889,0.8690995055971185,1,9.250890819087484
-2.124139563197827,-1.908841168843207,-1.5801664342346262,1.3304803762436381,1.934319958329199,-1.9819836449656365,-1.7960254636499176,-1.8449881094308864,-1.2274505523208505,-0.4926583492593244,0,0.0
1.0424835844985676,1.1199604146706224,-0.29521624854742795,-1.1881575577474177,-0.9326331650569608,0.27736448581713297,0.1953629206975501,0.5042235449757207,0.6248627827567844,-0.5109778909233226,1,0.0
-0.1362699907979859,0.03160328390534427,0.1727938300997306,0.23621214574235685,0.07421633608150559,0.017195293280597584,-0.7276170422887951,-0.14054193048326402,0.45124002085571935,0.240017151674513,0,15.41539447470119
2.036561033833377,2.0534894576010703,2.3244249370701056,-1.0052120038655064,-1.7468585709729472,2.2174019383968253,1.7356137397435631,2.1257969475686096,2.115798540154169,-0.4769728996546711,0,25.94258303573636
2.036561033833377,1.8124216245516154,1.651052042002345,-2.009485812567044,-2.054499574544708,1.8729045241744995,1.3395003848064082,2.020776884934902,1.7853378255248955,-0.09879463529950769,0,25.076252043445287
-0.1597236419204861,-0.29851151444964524,0.9187099129591103,0.01352726123230092,-0.023245669105563017,0.16540230956593846,0.06021181852315584,-0.299555962262527,-0.30237097600812995,2.1114253425162723,0,13.43529176102166
-0.08410075279665229,-0.4328530555220251,0.453926897510057,-0.6396429104417279,0.2859758860993946,0.1586849099930736,-0.4367885844375938,0.3822574663290467,0.3119615387105813,-0.2833931531368561,0,7.801882596052139
1.0253116950614265,1.5337779577216337,1.1998310858455565,-1.7779951037002493,-1.056722645080791,0.7479325254799225,-0.40368550731429487,1.5725603098427954,1.2245374023635491,-0.39698778054916767,1,5.585218160033244
1.7377149789924524,1.6827032823265362,2.0993183415628147,-1.0177821138310192,-1.891495378253598,1.785092572555896,0.048202824429086986,1.9082060012832025,2.433915409734808,-0.6921134691991833,1,0.0
-1.6262095444181552,-1.6192956445559783,-1.1383872490285767,1.6993264429065844,1.5788287857597547,-1.8272233779550504,-1.6244815817224487,-1.5506078431694992,-1.3490639303890077,0.7281287191210313,0,1.891859833084676
-1.7755648271098083,-1.9753651701796244,-1.87773543275145,1.7796057472080413,1.5997103286144385,-1.8562793944943092,-1.7960254636499176,-1.9694484659866887,-1.8164283982659577,-0.2162437406655966,0,0.0
-0.6033057152531849,0.31767725846917255,-0.7867069194783444,1.0040316925069763,0.7842820281098937,-0.25631525174962116,-0.6953661524310729,-0.12616353117801704,0.0068377312416511606,-0.6939822130353938,0,0.0
0.6096600937757459,0.2712401573822798,1.2301848131824147,-0.7956568585554823,-0.699052140389694,0.1691523126535472,0.9570703632745879,0.8575006289726046,1.9940182040479995,1.317062399947245,0,27.824036832328296
0.5232121569660112,0.3829311920104845,-0.03669284425255065,-0.6952433995607966,-0.45177543692029976,0.7014367662005458,-0.031887907687675444,0.294273931734087,-0.21090257860055642,1.4173749379759182,0,23.901619808670848
1.1000061872549398,1.191942524120209,0.7897263848936804,0.1830539176125773,-1.2976241044862968,0.8455764417384839,1.5717981823725977,1.2040416606034752,0.7578251436871093,-0.6440300546555692,0,25.705637667404307
-1.1848970087421167,-0.9462991423555994,-1.594196829558264,0.8958900001680078,1.0355246536080476,-1.8476705726864953,-0.49563394407646255,-1.2604260523498168,-1.7622614468787228,-1.9360816924949174,0,0.0
-2.308936075506672,-1.9175234965318697,-0.8395833699004248,2.170271784826543,2.738101408763552,-1.6091463452780495,-1.7960254636499176,-1.6223427270469715,-1.647768297308648,0.9968443453617075,0,0.0
0.886808808056448,1.4076868325303324,1.748695119504585,-0.781240082199764,-0.7242623571050776,1.8257631088782669,1.508881684033176,1.2693039786307043,1.2530126199621519,-0.7299612039656728,0,21.131049079430195
-0.8108692462970584,-0.6155754590441375,-1.1881526284059674,-0.2766540908050632,0.5916430999435326,-0.7040192978975724,-0.881188546791698,-0.3961543686963243,-0.5879118610136148,0.7755134977668865,0,3.4543623931717544
-2.00925577696388,-2.2381917640549096,-1.56687489091036,0.6670641691312629,1.8010867050059798,-1.9369940709047881,-1.7960254636499176,-2.2004944597033425,-2.1988524258165185,-2.041766971241501,0,0.0
0.16900972278902382,0.09476132891628711,-0.2545611208183386,-0.46293526843723737,-0.31520793074809994,0.10238349957803226,-0.9037814370620888,-0.06073825023148347,-0.01744475942132821,0.8795740360087777,0,16.897089272202276
0.8215293470258496,0.891923626224212,1.0587156093722587,-0.16996563921833363,-0.8016313304924505,1.2681831901995277,1.4984180246046834,0.8175398154922178,0.5334937553868833,-1.2672890475755838,1,10.842327053182728
-0.09992779189924678,0.5389645759687104,0.2320509510575148,0.49399727036081764,0.18647258614449932,0.39026038785593303,1.5926239215766922,0.29031649966116535,0.36577521265516494,0.7144258092414365,0,18.638316793205007
-0.43800269630267963,-0.8327400776395799,0.13184079909533758,0.8558873343377681,0.5105473675291405,-0.594551378952118,0.05844348148747794,-0.38843396485433507,0.06706780271334306,-0.01674191495190741,0,4.609346356182462
-0.1374865965793948,0.24138817574995025,0.09493297891483847,-0.4105001629980757,0.058515463086935525,-0.16467445091136837,0.0320349653183242,0.1329271086436915,0.37339477120345194,-1.0047873617309038,0,8.842795392594432
-0.3501435961596836,-0.2717493199389371,1.4707995130296794,1.1496244823694117,0.4903852912784047,0.0750940369661837,0.002947791850987494,0.5170788499152223,0.8033001810385472,-0.44668143839059116,0,14.923961022430667
-1.3342554886869724,-1.0179274054734213,-1.7079354095793786,0.6471779117771749,1.198368541110949,-1.6673368090626506,-0.3097623472345475,-1.4239108633234674,-0.9045977489231388,0.6690697178299471,1,0.0
-0.6965816530577048,-0.6895605158445627,-1.5862934535035527,0.7116466551903523,0.4698155414948521,-0.9123233630010052,0.6115915825299633,-0.9122702138819663,-0.7537576662621296,0.07675625176871054,0,8.336172191172206
0.5477844540218044,0.28158129481806354,0.2307981094186536,-0.49376604133544366,-0.5850680523552375,0.1700960279874375,-0.28848859901557516,0.08122010608072268,-0.005822411918710839,0.5650767995710487,0,16.56801528626774
0.3468256407282969,0.5699603150423198,-0.6362596483783693,-0.40446138856072567,0.13116850946523229,-0.01586864271978585,-1.3629833865714878,0.3429871552315123,-0.02823610795084268,1.9856188335783669,0,17.73332983407635
0.1921621744822804,0.3923189046415279,-0.7194516424088512,0.5292509746415235,-0.06201210657300362,0.07712860087491692,-1.3510290198872923,0.013778071359034872,-0.17153215613326678,-1.627591044008063,1,0.0
-0.9789568643548905,-0.6362233229614902,-1.397520694347699,0.473802479958732,0.9183654282731708,-0.8175992044177885,0.1496628276826135,-0.8926192469379453,-1.0721328496405234,1.6190323622526626,1,0.0
-0.15977810268374043,-0.1473337129426667,-0.6712289782375962,-0.5824373657467203,0.15729240369570843,-0.29837812017913823,-0.3192726066055342,0.0756008459133034,0.34164114109034865,0.07518622107241237,0,10.364949504987822
-2.168911411275822,-2.253670830695537,-1.87773543275145,1.8966625102236994,2.5074347869629534,-2.09954685922794,-1.6419545116677687,-2.343435611960976,-2.067387550977465,-0.9485021826269544,0,0.0
0.2026498754048381,-0.26622427194356235,0.4879837623519593,-0.3977472643274556,-0.3108216289649858,0.5048524821293181,-0.8004931163617167,0.1466761409568068,0.39991060478233603,-1.3888712542288635,0,9.284687274699165
1.4615345151364745,1.6609868828216081,0.9208899024608532,0.4962322681725848,-1.5808297452200046,0.92472860340332,0.22007447884003525,1.1176142077836788,0.5559597916613376,-0.2243017051194257,1,12.706639904474086
-1.4611979882372954,-1.2648679820189996,-1.3073636122141052,1.6247356466343663,2.0760985590433676,-1.59979621222796,-1.5457353183071372,-1.3007542649464827,-0.6607596854705073,0.9092219294982159,0,0.0
-0.5669530255045878,-0.826042782451877,0.0741396113790849,0.2698665265263669,0.779318112581107,-0.5735801021794309,-0.37795387034876227,-0.8688168367077557,-1.0088022721950543,-0.16146920277846105,1,0.0
0.3543043960445239,0.18759945290368732,-0.1521173519116383,-0.8767923762585846,-0.49908623315007994,0.08416079764803246,-0.23588878616798634,-0.02918822889035709,-0.4941217501357671,1.5108022223353128,0,14.920518158766022
1.2843223978199345,1.1022889225617627,0.9180413592525611,-2.009485812567044,-1.3554152178504395,1.109397931127977,0.18563127173515326,1.119938857744007,0.8480376685951461,-1.5122090689203578,0,17.375915138362444
-0.42831347705225936,-0.8491691536031821,-0.12599332231164673,-0.1764701321686061,0.3018923066064203,-0.4870499838693624,-0.9549689369494642,-0.10097837901579283,0.8947636832982824,-0.04364393274909067,0,5.443040787855172
-0.6739987609454349,-0.8840859563984451,-1.7052695857226896,0.6402300639474359,0.4545506317495433,-0.9120135368308924,-0.0016731774448613273,-1.0877722885255399,-1.1892400129331024,-1.3093549482666922,0,0.2057272670119198
-1.959353975055723,-2.2137797948486373,-1.87773543275145,2.170271784826543,2.4192043156252443,-1.879023119844574,-1.4214375342306516,-1.7199448515794902,-1.768993404347047,0.3397732000621187,0,0.0
0.12710101849755162,0.007534199503283455,0.3227473723483514,0.4715966118931061,-0.24648235536183669,0.2726191603893436,0.5779871273058662,0.1181110586128855,0.00869464481421277,0.8737471246677958,0,7.386579504055954
2.036561033833377,1.7424284053350072,1.9927153879065704,-1.6685435142076899,-1.74973671435499,1.5782332935633478,0.6594209331464175,1.739074045758341,1.5453149956231014,-0.4606880732387609,0,29.042927250068256
0.30220414916445293,-0.19124187307237714,1.492221470758664,-0.44428455952153506,-0.4903691691318306,0.3182459409092861,-1.7123471912006138,0.736636136664075,0.33933395497101865,-2.6888661823842797,0,0.0
0.0005289326519200717,0.6216355582216128,0.10571976945286977,0.13192842322938855,-0.05773720864889288,0.07377406936919818,-0.32565691696712545,0.5489476333330553,0.5385987512022149,0.17171606643757834,0,17.04876344461888
0.3472321560750741,0.7219045806246281,0.7876083852570293,-0.5868416141351941,-0.5780805018254026,0.5238794852687355,-0.18175097689637698,0.5725576076412964,0.9505586627609932,0.4143773933506159,0,16.035820936834163
0.011791988307575546,-0.21391629490989336,-0.09573505594203957,0.8874033372727571,0.08411879849677066,0.4363822890858402,0.5401494419644493,-0.11101694275644236,0.0004932175810495642,0.38126901466380503,1,0.3724875193762358
-0.7955840964682152,-0.671510552511717,-0.4713274100375973,0.5859239000346305,0.7399677741788983,-0.6711335390624167,1.551316721325793,-0.7015931925566786,-1.1348594145280102,1.2297887217290375,1,0.0
0.8518383074209134,0.9541460475042628,1.7112166899540984,-0.7996286924764207,-0.8473997552219118,0.8739501484832733,1.123942751878224,0.6418429373653193,0.4376104485298295,-1.1243006019762982,1,1.4979625711502114
0.25025630966821755,0.6102237972591689,-1.047800212551916,-1.3981456476329521,-0.4763060510894704,0.16508809725581106,1.8763330966573646,0.4676264771518076,0.18624440672289352,0.6628423651569535,1,8.23023277695075
0.04069246299504876,-0.19812515653269144,0.2913546395509373,-0.1482830126045857,-0.22782222881697348,0.04619124283624917,0.3644925092465006,0.25382639715670463,0.2333413652314986,1.1856275996090082,0,15.010902358461962
-0.9590398731930747,-0.5808321618146124,0.48916898813172666,1.27030970645324,0.7140044007168957,-0.15337190738335976,-0.5811189289200125,0.14606342252266988,0.6435324366121509,-1.8463277002220089,0,0.0
1.3353322600607813,1.1267537309756503,1.2861933567508521,-1.7403459219571182,-1.471665198724071,1.534221967002571,1.4372543956183301,1.353918427565526,1.1844193027701182,0.2948922515612187,0,31.08712525230535
0.6921826848982278,0.2711658851578471,1.568911807970227,-1.0108624796507037,-0.6898360367362121,0.9058371939111208,1.858548583256095,0.6299528580454066,0.5287241732782724,-0.5458148538232012,0,15.6467823518186
-0.5337217165480562,-0.28360966378936076,-0.8065680611451569,0.8754686304276315,0.47533286227811566,-0.4945400800100936,0.7452453935252692,-0.25828056010832257,0.4587074004309574,-0.11449994524252977,0,17.485079487846193
1.0315974944677984,1.3905710568097776,0.8471390005807199,-1.6907851806821277,-1.0317759528356052,1.0343346549017716,0.4258013551973296,1.516668194416591,1.744151634532208,0.3234909690157709,1,7.157543638714634
-0.47799529309811556,0.3329441179880558,-0.36525485739271374,0.9667228537066387,0.4117499497437418,-0.01012894622820225,0.11243874971004157,0.48303340520936483,0.6474895584517203,-0.5285163555155274,0,13.25471416647346
-0.7643623178190021,-1.0862673454176666,-1.87773543275145,0.3775668511029216,0.5800369337089497,-0.9143871917734523,-1.7252677406551107,-1.2893892624258585,-0.41563157059195316,-0.7208567034349589,0,6.518007972383327
-0.7419102823192713,-0.491128309400233,-1.3004851903213204,0.43374721652034703,0.5490057320240467,-0.7123090812542292,-0.08877925750570667,-0.7687927488917016,-0.5383892820769816,0.0035446452476133854,0,3.922855673514069
-1.7601538155404077,-1.8037804885712083,-1.87773543275145,0.9354759249041582,1.5152650785999464,-1.8053991301161163,-0.5070749076162573,-1.9879099394832027,-2.1988524258165185,-1.1408245450158423,0,0.0
0.49770867429390686,0.7246507315846771,0.9137438215809744,-0.24493701580844932,-0.287138516575084,0.7630670617891557,0.6054796637379194,0.8995377370627488,1.1464475696632215,-1.139374631027298,0,19.17419129101647
-1.820638708074828,-2.182291524616239,-0.97835822847359,2.170271784826543,1.7649509289710728,-2.1416865679860444,-1.7960254636499176,-2.3037308318382306,-2.1988524258165185,0.6619822782043816,0,0.0
-1.2138388096004906,-1.5368960311477857,-0.8020868849950682,1.4639738601122283,0.9939451185804876,-1.7994197070032838,-1.2810464936420287,-1.1500046523081826,-0.9099743716180289,-1.2036333985525494,1,0.0
-2.0667442485187095,-2.208756486533358,-1.2110322595647771,1.3404947369474491,1.8267934641197285,-1.991021255693588,-1.4003193210986982,-1.7519691852826582,-2.1988524258165185,0.6486539578166973,0,0.0
-0.06369560906482963,-0.027201864979016898,-0.13964152369029992,0.6457091997408231,0.30342359102744004,-0.037252753082994194,-0.022040106172202045,0.04969879602730227,-0.1750390115037264,0.4407597045556762,0,10.95227289867388
-0.12838333339138275,-0.30684013938263305,0.6211698705011927,-0.06452340474263758,0.20095352329999103,0.17388460112457346,0.2143178227023805,0.011781365655940736,-0.16614310927765882,-1.7924656767913638,1,0.0
-0.3059585831469365,-0.08457507283757995,-0.23737989379734936,0.9835613452047715,0.30901874473410285,-0.13304293107532708,-0.2667989722584329,0.212112254420606,-0.1501645048521365,-0.7227513068359828,1,0.0
-1.0267086339295113,-0.6655076455100627,-0.8056400392960141,1.313714971992699,0.884813904930581,-1.1934101618940613,-0.37042191973032296,-0.535105733703469,-0.6718291709280383,1.1872623034619347,1,0.0
-1.1572464580762725,-0.9199413157133928,-1.1066993791910875,-0.5519833831160187,0.9613682090078751,-1.6526306889534594,-0.9155092792063833,-1.0424697253740944,-0.5730942801755357,-1.0325711758170855,1,0.0
0.4904873785442952,0.9701000689868389,0.8257126478763906,-0.9683457190013616,0.18817880212250884,1.2553385707062723,0.3403758882432638,0.7914330925405355,0.4065439933954851,-0.505224518474713,0,17.001630240377494
-0.5313367004273016,-0.37446005229695684,-0.6805761015256728,0.9534634504774424,0.6516042392498914,-0.17220253440083333,-0.8450186627442774,-0.7479869384536725,-0.4980647892629976,0.4402184401961541,0,7.362924512236803
0.34146923911813015,-0.029646190090035367,0.8762482360942586,-0.22790941731124145,-0.49377559109243163,0.7508498624342359,0.40347011204907895,0.39038815966983637,-0.053941801095473016,0.7681302035960264,0,13.20082150026058
-0.8683096617082173,-0.41176328990259964,-1.3837933661514665,0.20886123908784543,1.0487006325779684,-0.9067147643224743,-0.30509639109243514,-0.9456397254349588,-0.9857154383184706,-0.28799878696564024,0,0.0
0.2052535417049164,0.02436768158030314,-0.47397180405357936,-0.5234424726039479,-0.11060784842834401,0.022000186952764997,0.0700943242897982,0.21238035183865583,0.3043463648564809,-0.6410570058302487,0,2.627839871800745
1.335100801973954,1.5670912401218093,1.5276910016159335,-2.009485812567044,-1.4687260515398384,1.5239421475413157,0.7819414698287397,1.9756284459501792,1.408133664223323,1.4201984717347231,0,29.550606510345347
0.6131116256263911,1.0742320290830432,0.4665220203020955,-0.5920550157997854,-0.7136498743211765,0.9267705245855269,0.8840817728719379,0.6537016439078501,0.04996689148360719,1.7432121013436506,0,30.047308221952505
-0.3922591367669693,-0.22857490830085517,-0.5847684894316921,1.5004789644377152,0.18895319628693008,0.11284454116303748,-0.16818750976340754,-0.48007419789739647,-0.2672338606170026,0.9676017213857742,0,18.384914530491496
0.2819075568142331,-0.17120184166910532,0.7753754377833844,0.16905758047171535,-0.4921396908967081,0.20109413819771926,0.6946422578975813,0.09483919711288061,0.5298886378671667,0.05575845405516828,0,18.829971265901847
-0.219342464300362,-0.47789947759997536,-0.5328537058939665,1.338645544719844,0.2725041870786435,-0.4694467387868892,-0.2110571306209038,-0.3326622837550001,-0.3668881583541994,-0.8561296696634099,0,6.701495427795459
0.03089320307819194,0.4393675653961996,-0.0827188434887186,0.42934384980548496,-0.20078194637617122,0.4322680675598198,0.10317767378473908,0.6660786512818743,0.4025145405285063,-0.8787626649360352,0,11.186189225401575
-0.3048660421420712,-0.33371838111302554,0.5924870145628464,0.7993981070276149,0.45778837491013397,-0.388008140555642,-0.2107348328959722,-0.5677368302675244,-0.48929951176328995,0.5019099817338555,0,12.453613896811175
-0.14249339053618595,-0.10267859766501884,0.8105127382860111,1.1572590622176482,1.1706420221983336,0.1809461497895047,0.9618196478294246,-0.014485746089833449,-0.032021684858768114,0.39566137737003687,1,0.0
0.23649518509175077,0.466424280302349,1.1445296718750928,-0.01704851257988843,-0.4565772035106856,0.6846813332110634,0.14357794074122365,0.5604460934501726,0.5964173748166703,1.3990017222763853,0,29.371853691504946
-0.9771549101258924,-0.7177924017589217,-0.9672561832941869,0.745654034579361,0.8640480600885245,-0.8956295397066907,-0.514162651701678,-1.1800527376106837,-2.1560898683606347,0.632466622314805,0,2.001973463226297
-0.9998281924956417,-0.8656968168815573,-0.08412492359299428,1.4095324399891853,1.1161983688356427,-1.1158700635112953,-1.0030980979495552,-0.8360896816764606,-1.2461670430967429,-1.5651768997853932,0,0.0
-1.3750263321217269,-1.3732225849745805,-1.69465397452545,1.9598290819003001,1.4686859537530446,-1.533079047876246,-1.019594089056144,-1.4225275339630514,-1.6974830304178516,1.0421884621843782,1,0.0
-1.5881948070666818,-1.6093233026144007,-1.846305927519316,1.1251496366877747,1.6473193636954289,-1.7800326637137234,-1.7960254636499176,-1.7474592053132785,-1.5902048713162045,-1.0498123527988463,0,0.0
-1.2026017658415136,-0.8854521555876383,-1.87773543275145,0.6605796322217565,1.0352602739950005,-1.289600861650128,-1.0271641448317257,-1.5788462173985658,-1.4132479574614307,-0.4231439308547383,0,0.0
0.18350640677719107,0.35353745404143677,1.1604996026354537,-0.09660776967868052,-0.2813481066483179,1.007806639526198,1.5027682383940415,1.3361444710980777,1.4667935681856756,0.2240179781052041,0,25.751976497626902
-0.8758997611731704,-0.9086577505890965,-1.2302068402792588,1.195012759778215,0.8266563847428323,-0.8465046425340713,-1.3484365709812127,-0.9687693285057681,-0.8209280711154243,2.0052395846600444,0,7.978063396619813
0.5400668820824372,0.8555761589172793,0.38331810148707834,-0.060187515816013275,0.0838254448120241,0.9005531862665201,-0.17581411188657448,0.7097650365985001,0.09286536481438368,2.694132877966643,1,6.646043919648952
0.05790925693289386,0.026725675383918145,-0.4836876628317975,-0.8120638481574668,-0.20716588560684296,0.123455750731809,-0.7865584057300612,-0.3504660398027133,0.24895115852564076,0.5878438800741552,0,7.609165101000653
-1.9589321970240259,-2.1281317742827417,-1.1985244677541842,2.170271784826543,2.277900916140977,-1.681494709715333,-1.7960254636499176,-1.8455076076149928,-1.2287570871166236,-0.21825658993499777,0,0.0
0.6823893712752925,0.436041477447287,0.3527960313440817,-0.944461174886965,-0.8384045217469352,0.17914485487906953,0.49055536304593617,0.41592805971579233,-0.1441671957390358,0.5141471608959306,1,1.0618978830920032
0.8392721546693972,0.5202862140241522,-0.07111096901055677,-0.8830082684537174,-0.005150070487685641,-0.03910424798507167,-0.9941768697419485,-0.11303624861467339,0.00754207402748249,0.8745308929645031,1,0.0
-0.9776623128154683,-1.0109338950518372,-0.5361640442574173,0.3683739366234275,0.9746418719401383,-0.6498929313544993,-0.77047424880445,-1.1367700396477949,-1.3264359399601156,-0.35854356635831514,0,0.0
0.4460086098141685,0.8110643138187649,-0.4739917464351648,1.0252872551643746,-0.534309042172419,0.238859940342407,0.5543815249280302,0.5400244703379954,0.5363882699740199,1.800677287682441,1,9.940973201487925
-0.8393636868404039,-1.039065142691815,-1.184074463059352,0.8518800070216421,0.8017963290078517,-0.6593334825905856,-0.31177851016691344,-0.5674509196335518,-0.12629038736984355,0.20347619747713316,0,8.803138845872049
0.1212940405858761,0.1835068872814709,-1.1445159012741652,-0.5648343684241838,-0.2877252058869049,0.0070287818814872335,-0.2904606906131892,-0.05847723317108327,0.7980470197123786,0.47663155363475923,0,17.21654604748098
-1.2501385853749118,-1.38865376829057,-1.8743108675056692,1.5392186148879747,1.0562803832020353,-1.5945390300144773,-1.2239415908143696,-1.270511437538806,-0.898910260703683,0.6482577560343286,0,5.516032502579332
-1.7823415904109967,-1.7799233652059243,-1.3601382163397884,1.954321678433259,1.5306897609933812,-1.8102417773147998,-1.455029994552019,-1.7545552153525321,-1.536285651369276,0.39891507838365287,0,0.0
-0.36246122730750485,-0.7941123228461248,-1.4606911626328378,0.20814483564490835,0.13988631349501676,-0.699081491622017,-0.7626240114639211,-0.9766885526883023,-1.0630295955946498,0.8248180862505832,0,7.207270607655532
-0.10161097573238395,-0.15408749368621416,-0.9562495641314863,0.5230891292963573,-0.04376263250044866,-0.5802329078048797,-0.6566781110015665,-0.11895237344294979,-0.05894503914219471,-0.6612044150669877,1,0.0
-0.37742480827865377,-0.410815033159065,-0.3032789026420821,-0.11539168439020771,0.4640454823756367,-0.4574094530696779,1.040534165188098,0.09519136624756015,0.6123268754773874,-0.6010454155390369,1,0.0
-1.1691234906136914,-0.9492569189221095,-1.2822940430861696,0.7520400764107489,1.1215648638971738,-1.3566925864645079,-0.6257848644902222,-0.6997745571361634,-0.7016344563786026,-1.153997253887242,0,4.447113063658085
-0.37965927028440366,-0.2869889449183456,0.8839062040690837,-0.7390427101099938,0.15371417568474335,0.16921753295031425,1.7130603217083409,-0.17236074227124065,-0.5483846919152229,0.417196663222598,1,1.3090217803057893
0.29408560007735746,-0.06955326016206606,1.3481752087164944,-0.9655719084846219,-0.08268872301868528,0.7863012597931907,0.27411580371572836,0.38690834535458735,-0.3316171635681227,0.7635849615345158,0,9.098877772563483
-0.022238912004104033,0.3162857924307553,-0.5248529117159996,0.9642766577131897,-0.005862048425910835,0.07420147492146745,-0.03931857442150723,0.06330893260742558,0.2433138269771601,0.43584257672847854,0,15.65860041340845
0.2067016110459701,0.2721084245226353,0.5145455260380952,0.676431827714504,0.31484836068519284,0.2634299841733028,-0.6986335163193569,0.20365137547441192,0.25855897444764925,1.6774855468683314,0,16.684580236646134
-0.6517130954718592,-0.555730852900638,-0.08254578727829076,0.5948009362267945,0.6552817262633105,-0.6693056071617872,-1.1203370863153999,-0.33425383607528636,-0.605902363811801,-0.03701800193730429,0,2.223426185764555
1.2026459648293315,1.16209789954568,0.6518396067438875,-0.18267571818801379,-1.3765272065645975,1.1187418888776133,2.1118238537621408,1.1876643302265482,1.510635001954447,0.6511328715427701,1,12.080784064511004
-1.1612128335251457,-1.2612967916294207,-1.8432664418988682,0.9208574511218437,1.044687464454944,-1.666988377941342,-1.748565406144915,-1.1570321327214934,-1.2748682371561197,-1.1453707376644442,1,0.0
0.5138355256664634,0.5692809459002333,0.429676542681202,-0.5871420017597528,-0.5014613816290514,0.5738316072330298,1.6775294965471723,0.9938367539957633,0.8405284260751501,-0.42633644445442215,0,23.12158751017755
1.2128883288595322,1.318381816617652,0.9134913036655963,-1.039768590167278,-1.425051853222899,1.0554982434805291,0.007064339780055913,1.1223214244990152,1.0248179564324527,0.678477867496883,0,27.770509229665027
0.5071380809939717,-0.030685327735804797,0.17165949574642236,-0.5187299920320977,-0.7368941973117241,0.3649794228421929,-0.43369608968535944,-0.29828036445245676,-0.4303357281134369,0.8351878479455578,0,14.84879251899743
-0.18094212774524365,-0.3263955690072601,0.12472538518191807,0.03499328003652585,-0.03382733260304495,-0.09708486286510519,-0.3466711312707065,-0.08915459893092573,-0.009738778468980887,-0.33129594916067634,0,7.996200361762849
-0.508930464281264,-0.5555865685226412,-0.8584626025213788,1.0389529966388567,0.3230105943086608,-0.5294369168239668,-0.5191290898453911,-0.18530269281319342,0.27153936108906995,-0.1043732516649578,1,0.0
1.0660933063849984,1.1111445247471672,0.2080377967047546,-0.8620378657739572,-1.1561669180827425,0.9180225714517434,1.308758175992254,0.7338102276411357,0.20128349876101795,-1.5802733750830134,0,18.73847821520629
-1.4096928713449757,-0.9829709605134775,-1.0926067463718294,1.5987132378827602,1.2942770713887133,-1.6216642787805262,-1.0765131839203481,-0.8976704523182844,-0.66724519557826,-0.39564997568130317,0,0.0
-0.9537624580676998,-1.138833367361359,-0.5495536113047984,1.368596543995535,0.7255762849330518,-0.511015815401161,-0.7341967229644453,-0.8290077879308021,-0.7261967037338638,0.8773145058559157,0,5.24278647115644
-0.3773020509465638,-0.5026130689478031,-1.0032645674039549,0.5251801246972293,0.3887587163894786,-0.5584763150617864,-0.5882859448209511,-0.6044814011295453,-0.5228309411398049,0.5556802183599882,0,9.614546565305314
1.2690302243368752,1.073776805205541,1.6163974996108295,-1.630946332433737,-1.2738681097429494,1.2383348364118556,0.7599139202484467,1.291936446537283,1.540993583020778,0.47961405341103647,0,25.289387241551644
0.4053097879120932,0.15713592952240715,-0.7084984490673603,-1.078048539817951,-0.5587621382292709,-0.18291243522502001,-0.791155721716043,-0.25999197718909295,-0.23443679151660826,0.019485902560994826,0,15.036807699954176
-0.9516698207154739,-1.0085661391516976,-1.122592297990281,0.9007818508228365,0.6918767029058891,-1.1037550586560978,-1.5268047707189945,-1.6642746040960608,-1.3665324144147948,-0.024099512647498874,0,0.0
-0.28945862032395175,-0.03497292637638145,-0.38276178391861904,0.15303622501858746,0.05891616186612413,-0.21259670194341643,0.45253497478269356,-0.44022794171385554,-0.13697972343405887,-0.7051545761651478,0,7.810832186418979
-0.5955416083007168,-0.8800940378923621,-0.8619983708374875,0.5571123803408187,0.45650645131155854,-0.8948422253682301,-1.7960254636499176,-0.973674457608871,-1.132265329432404,0.6818359363898233,1,0.0
-0.6916567009139005,-0.52477624439385,-0.8992534338647651,0.5865014151085665,0.4731988611523273,-0.347165044727924,0.7272562713891113,-0.35228913172872156,-0.23293641631473375,0.39828884175944745,0,6.656662440704876
1.0085062209068474,0.4643159876242835,1.9626113021050564,0.4730742938440963,-1.1205146718539656,0.7378187285862517,0.33496771458944086,0.794833078097344,0.6216905520433766,0.4707900566200957,0,15.009459486933611
-1.3581126579683063,-1.4635237660473293,-1.6221648986845694,0.47514458351413036,1.3191313383406542,-1.9967407976940137,-1.7960254636499176,-1.6026404734894775,-1.5692151954564437,-0.5681175456853819,1,0.0
1.642681285034785,1.4878507546894721,2.8282710517656895,-2.009485812567044,-1.6667415331682511,2.072028203327952,2.1328465218009507,1.6954304513082197,1.4319556832462166,-2.228759561140717,0,15.569040143543418
0.8568217443717151,1.338790112124625,0.981961222986949,-0.5829157049333215,-1.0212423845991159,1.1654625850762732,1.8780389720993467,1.3842321012751064,1.4564637024178657,1.0883195417947713,1,8.904437517423492
1.1212398332873885,1.0036887165449755,0.9954428643439311,-1.1882428190297567,-1.2430661145508188,0.9957623813399398,1.4993211688468309,1.3991437795338444,1.315224981071355,-0.5199533631289955,0,27.195259996455437
-0.4431284458919946,-1.0803804631873088,-0.07240837611479593,0.5446366683875424,0.41402823135907263,-0.6873170468088039,-0.2790550143163424,-0.49533612848527403,-0.32439029107720735,-0.9117563011202429,0,0.9064538157249874
-0.12800100965338027,-0.7166668467077826,1.413220068141878,0.41061190383159707,0.3449055900807861,0.20992976352132675,0.836578066514979,0.050796656201846736,0.009346439943819573,0.6763768482488467,0,18.08173914619452
-1.4199389716323256,-1.3430281874592631,-1.7585014520685012,1.9094677858387037,1.4759482065272442,-1.5300489308905394,-1.7960254636499176,-1.9258144502544219,-2.1988524258165185,-0.4313500189916049,0,0.0
-0.5052711062153324,-0.2896331548858184,-1.075832065677587,-0.36369357427287186,0.44064111638002224,-0.6292463081454542,-0.8997601514467124,-0.5611122832857575,-0.5338693861081794,1.0503408711809545,0,9.534378080005409
0.5199715240637661,0.6227998135740895,-0.007945388282842811,-0.7579217122923372,-0.6473503084757748,0.03787992606189194,-0.6083163580853209,0.9895688997051566,0.9202804414370956,0.598337406250948,0,20.72948646640888
1.3278367588082824,1.335701809966009,1.1309977475893709,-0.9436971720368268,-1.4377285726522058,1.4107596697816807,1.9085556611121302,1.5758611522874333,1.5477036203089856,0.6662642705482401,0,27.46953979113836
-1.0917269459824257,-0.6870438206686547,-1.87773543275145,1.351422050848753,1.322607870470769,-1.4842046943805023,-1.5086428723613308,-1.4976648244035526,-1.6616471059912048,-1.4252434356646,0,0.0
-0.34503224425201584,-0.4842041536484907,-0.2616940556706965,1.4501001378608833,0.10377733143552506,-0.5631465806919338,0.04674323320805774,-0.5206548198024316,-0.9941027950243186,1.205462211134722,0,14.260539517961528
-0.12936874970621698,0.15623694190314547,0.9134474063146238,0.6081173916130879,0.9213770532527356,0.23357419392721976,0.49625213371449,0.4103928763541568,0.5944162715068173,0.23529465902806077,1,0.0
-1.3823222635146761,-1.810221177416434,-1.0446826384494237,1.1686399931801044,1.3668960226619036,-1.7882830923879984,-1.7960254636499176,-1.7887226942969583,-1.7983852383513563,-0.40814880209311005,1,0.0
0.6183303185582868,0.3304328958791049,0.3491421968585602,-1.0200806028467961,-0.5809403063839056,0.2043978002558492,-0.2605117960524524,-0.2234054470498318,-0.1505287460602959,0.11501829706037882,1,0.0
-0.7059546209426801,-1.2136551035696408,-0.9427642227726206,0.3095461462236058,0.4570376924119638,-0.983895129387606,-0.004653031155141481,-1.0682053758843484,-1.1278024054392286,-1.843927163323005,0,0.0
-0.1737597357691968,-0.23977019896726295,0.40265692429969213,-0.1705960393935321,0.14503432993025694,0.004639661604567987,-0.5469322352047467,-0.2446484326637732,-0.2542922885388683,0.3857163420399292,0,4.105376424105787
-0.4320635639950588,-0.41873573742897063,-0.8395136643553207,0.714035041565671,0.33536100402769325,-0.6038158805906995,-0.45683900291814206,-0.778136135633681,-0.9284255855976894,-1.0817646088210127,0,2.720174423153485
-0.7717472150112797,-0.6964510693974874,0.4720272693695634,0.8006637507490725,0.5386464113672853,-0.36042895150977666,-0.8500951735203632,-0.48649497981095174,-0.875973338878928,-1.411685870351619,0,6.7104385627621
0.015866529753061548,0.044032844091000486,1.1768238170433034,-0.7222478513643429,-0.1827002815673468,0.4325224675665947,0.10425125373054364,0.3779482045175162,0.518882173336508,-1.5848506948034822,0,6.293312876378696
-0.19411647015298397,-0.45649969120580686,0.003171579977739224,-0.0700178374220686,0.46553844418429796,-0.14173524262278828,-0.1905837933906099,-0.299965601446156,-0.5542321029293844,1.104173439080392,0,17.449598573294097
-0.35142738787731836,-0.38480592778256245,-0.2871792673049501,0.7609335632030928,0.288146592417141,-0.31678110066818244,-0.8146119610678795,-0.6310356861646279,-0.5415798781969546,-0.6734606404739302,0,0.538592423624709
-0.7104563192447563,-1.1244489954713524,0.036508029389777326,0.7970753730573187,0.5776172952560777,-0.23647096615623087,-0.8648471790369042,-0.8566959536664539,-0.6519939830160094,1.5338373850370324,0,9.234599686772128
0.3446571220840403,0.7528709867056187,0.9494599380907064,-0.010539093351542973,-0.5635334302318239,0.9459842538849398,0.9159532276641028,0.2964703825867828,0.01613216047041674,-0.5780842264799211,0,19.27913327034268
1.6878226214263516,1.5390083079066783,0.929749659077082,-1.282528505395468,-1.602988605075261,0.8684195880371295,0.11426748305936998,1.4632495314714515,0.8560496155549253,-1.773638999155138,0,17.702797834309795
0.16379800522012547,0.019687693432454353,-0.16710546242369514,0.7060113667313455,-0.11911281024129013,0.17350375484507027,-0.4317940462676097,-0.8521984155085267,0.1877517510732737,-1.1707027897894304,0,5.85374937852159
1.0258520459679565,1.475135113568069,0.07311657593513508,-0.7815103197127652,-1.024998211198147,1.0939958168810724,0.23718180604265998,0.9817863344277679,0.6780330988319548,1.2298187527236457,1,12.09965915618546
-1.3767171245183758,-1.6870901235444182,-0.8864239157546978,0.9899154957610796,1.2726694066109543,-1.4589426028236525,-1.2885264623891584,-1.1991028997963122,-0.8885088371108854,-0.1903989652129693,0,3.333260096138339
0.18179377064092092,-0.15538037665693408,0.5591729642490709,-0.6519132724925167,-0.2881446619238104,-0.20019620473436195,0.40772728697221045,-0.1807687414169763,0.6077083599202215,-0.5908258209549224,0,13.599843241722589
-1.0818718785005448,-1.359868069853001,-1.690676744073364,1.0678136358737813,1.027447596304276,-1.863305375641595,-0.584996130220637,-1.2675015119908157,-0.8799491426882728,0.1319887011752088,0,0.0
-1.4640097769804858,-1.4161288355785608,-1.4740539063106464,-0.01859905645759226,1.252955801044043,-1.8058393363955048,-1.7960254636499176,-1.043990179450127,-1.124105857628228,0.4807539492378063,0,0.0
-0.7214403003329636,-0.5522209785122304,-1.390277839572435,0.5237095218418512,1.1287576589076354,-1.006515238444013,0.5359130548299423,-1.6821472882375639,-1.6129145363521233,1.1089803691265563,0,17.889208157500832
1.2229646343968386,1.4078377029785645,0.4890407878070595,-1.1870883673501014,-1.232973188374671,0.67035773930814,-0.15212550982788378,1.1215331395327124,0.6857693948653607,1.4468630764698738,0,28.13590021174147
0.9794361264558944,1.7275480024360153,1.1515112032456898,-1.5859649143539725,-1.1155495278009664,1.4059770895068886,1.8125496002048531,0.8210987964555668,1.1094024547053112,-0.3984455357234716,0,24.49428723888351
0.2676167762189087,-0.41248774451884745,-0.2044043453615616,-0.7335283291960589,-0.3655314347095884,-0.2567086993401047,-0.7255563830503593,-0.307714177637764,-0.06983916962362112,-1.3845179306455973,0,0.0
-1.520164728455322,-1.2656452439923898,-1.4285725942399479,1.7465720256686055,1.6302644952861678,-1.9824946483121326,-1.7960254636499176,-1.3765980197831302,-1.5218752760772183,-0.45324197574405295,0,0.0
-0.1746560907369169,-0.3259092763952468,-1.1039478308508466,0.26492506103255276,-0.03113150902750445,-0.4787285920997382,-0.9221776324518969,-1.2110080561654504,-1.5631558127672418,0.23430476429700525,0,7.084256628941409
0.32671123817957654,0.14665185836967298,0.3933594024507276,-0.24134012278212422,-0.48230728206873746,0.01780097066603787,-0.0642169803327435,0.7405735102671477,0.12180885404636965,-1.014808012285495,1,0.0
0.19968944378206546,0.014609626659060154,0.1501792376994665,-0.022321441119949312,-0.17203093194662633,0.027828812458114992,0.35678786670128654,0.12952920525276268,0.5005738613815641,-1.0080646418180583,0,8.955861569859408
-1.8333734345756654,-2.024823657873026,-1.87773543275145,1.641748156146518,1.6413877954818603,-1.994135794002964,-1.2381096480787417,-2.22413669398287,-2.0403013662172524,0.31952271252281395,0,0.0
-0.8734132979779241,-0.31964481474163947,-0.8257402023578618,1.4100270142257145,0.9812832160548046,-0.49204913963053415,-1.0631153623249068,-0.15956335551844406,-0.09743450600735548,-0.08095630482133345,1,0.0
-0.04155411763695709,0.2246612319111034,0.08406729520389486,0.09195135619920945,-0.17009027099652693,-0.20201619012150657,-0.8557378160500733,-0.3151300184456404,-0.6486258041300109,0.00216145857242852,0,9.943990914014757
0.5628975454174282,0.5575992183388131,-0.008131079914955904,-1.2714011418288862,-0.4572751407956578,0.2696935372165822,-0.42230724953262366,0.13535173096275005,-0.4925786849901054,-0.805339781235226,0,11.69708147681683
-2.1881038281178804,-1.682750933364297,-1.87773543275145,2.170271784826543,1.9165008318411383,-1.9874777143502025,-1.7425976205652838,-2.4251663523604563,-1.8833777721698495,-0.26642761874184123,0,0.0
-0.14026712198713034,-0.5815152655622858,0.97120156091769,0.308588511635118,-0.1032387741248961,0.1551144652560236,-0.05486293041874454,0.34404716435108623,0.3097438154673883,-0.9744725803493915,0,13.753391151722422
0.16698104325217586,-0.23156958424974836,-0.2280902188155931,-0.4665841796015087,0.12937638981790694,-0.04432332670496571,-0.7010029957050297,-0.09392687943894065,0.2582838830396217,0.8771259689747376,1,0.0
0.8783494595130399,0.19552130650394478,0.6815120785369935,-1.4389735562469625,-0.899602686983198,0.012506018425731036,0.14166771674378698,0.6063196401538754,0.3889431222529476,1.0251481299185734,0,21.923716235852936
0.7205289993300478,0.49065469640615234,1.2110112842433025,-0.4302493649277366,-0.8476419650878558,0.9684457235434689,2.2243240519122116,0.778307300846602,0.6069434244815982,-1.9153127091827782,1,1.094714566024067
0.6094926986794079,0.644181061303332,2.620285521232169,-0.6040968964565652,-0.7785216249504692,1.0221617265077487,0.4619438040584495,1.3617661150423532,1.5304256079361158,-0.9798584055240985,0,17.2671638843729
-0.7824213181191262,-0.7100967242770894,-1.3795639349441204,1.5054074921666087,0.7481475258543635,-0.37862251164939215,-0.6371494500922965,-0.9526916481461145,-0.6107029190497394,-1.5584916608331776,0,0.0
-1.8980186579757803,-1.7672397649182674,-1.2942929511874128,1.4667154236441893,1.7827401236247582,-1.9498026689955827,-1.2737895955942247,-1.5764357523046078,-1.17003922602593,-0.6946464421401174,0,0.0
-0.3727664048390582,-0.7741040631492191,-0.7198377348443613,-0.12584568391706105,1.243847183198367,-0.9432229068394162,-1.1806742472074794,-0.6782633977885296,-0.786033343675731,-0.11645447505645912,0,5.121612805811772
1.0314031532457,1.2430793360218226,0.544864699922119,-0.4380325510382594,-0.2941815055843639,0.6375091407818286,0.9134770286941274,0.848477345656633,1.0103699303639881,-1.5106472482625166,0,14.985306910037837
1.42589056477425,1.4516206667008824,0.7637426639824829,-0.7672490002341658,-1.403756042640354,1.2591665104543937,0.516194858878659,1.2237755860638688,1.5784284622359068,-0.9720506336585029,1,6.809381005344024
0.7383408339286752,0.9405064063095313,-0.047971446200943506,-0.5658048259285325,-0.8295471487793996,0.4998007653687757,1.5600929050474657,0.7269598485006962,0.613526959031778,-1.0558298870640643,0,21.57659167271485
0.4552201121758957,-0.12460273252664404,0.36379783689908485,-0.050302837135308226,-0.5309164485114233,0.125671863340564,0.2832825800397322,0.052155539017102986,-0.1787350714497645,0.18020565999236013,1,0.0
0.40518092983826876,0.4932551752517438,-0.5321469393286896,-0.3835617974144658,-0.371146221292784,0.6014717896044107,0.04263532562168193,-0.18837245655499046,0.3577611081983869,0.03945743952731238,0,15.00239599275359
-0.5369413742949911,-0.8642868540013642,0.13036433749140974,0.5832290949249801,0.30752579794781987,-0.5379288048427907,-0.8687228681663461,-0.9422460971510338,-1.1627082227010985,-0.7678290498739547,1,0.0
-0.1079853812600206,-0.2136149071012826,-0.045703106092954186,0.6999253010350708,-0.04437194600167504,-0.035409137601217236,-0.4088742294564446,0.08128485247796707,0.3080855270017986,0.1491355345162734,0,7.0724624087746975
1.7033799665264504,1.8071034668111867,1.6750183874373707,-1.168147707844017,-1.8939006638289526,2.054937480016184,2.532046018485125,1.6763149363030077,1.5289741239758015,-0.5891856867653316,0,40.33932194112376
-0.9260087307987303,-0.8515221532446664,-1.0345905898707186,0.7104305891232975,0.6814006546397375,-0.6737706652370059,-1.4237152793106882,-0.7538843470154539,-1.4811291111138885,-0.3085270739582799,1,0.0
1.6487200107875497,1.3359375226524215,1.1589320266157566,-0.7365175491954113,-1.8075495311113117,0.8427563101333245,0.20868105180760457,0.9757141912740921,1.3690298107172487,1.6764238933302837,0,28.05059471860332
-0.3012587779026366,-0.27726762158873786,-0.06728149932825578,-0.9948035193563141,0.20743947606892074,0.028963628115822232,-0.3874702902086616,-0.5220960778451433,-1.6366951745455451,1.3366118337311985,0,10.959214901674509
1.3574055392422808,0.8507935626392608,0.44235644656443185,-0.1124813758069007,-1.212644574512056,0.4299119789177324,0.2968045482691154,0.47152817299042843,-0.38298166009328194,-1.35750934015098,0,22.01439487497574
-1.3934230551688473,-0.9803523205523816,-1.3575815208418942,0.3076306138714599,1.2774497109472727,-1.4685568019525987,-1.4224989302706528,-1.1154312898629217,-0.8510860404070224,0.8154213843932803,0,0.0
0.6128482473133057,0.5365375659281753,0.006602620416299315,-0.876252242292307,-0.7480064760851847,0.18514937343428817,-0.8665037588097196,0.24636746633756204,0.429465551050396,0.7967099273817768,1,0.0
-0.7188213380851011,-0.34218819164461367,-1.1158371958873434,0.5971162801143083,0.4807268929250852,0.28067064548201137,-0.0759850333575096,-0.23998455094246743,-0.5134834659599362,-1.2030917802850774,0,4.740960216384406
-1.401932719227486,-1.4950843712897584,-1.87773543275145,1.1384249609306778,1.3173967310211798,-1.9013176816930557,-1.664430654314588,-1.5588063591949506,-1.4140924276962168,0.8042422116014145,0,0.0
0.2429796762912265,0.08523734725474154,1.0109513264461383,0.309454773637241,-0.40733737920412194,0.26259115168240404,-0.23977425825276252,0.8108303448704944,-0.3104554040778709,1.5381277129522468,0,19.64300402142205
1.039296434683702,0.7771643700738304,0.46332279145571004,-1.4763896377597356,-1.037626047134145,0.695477042901245,0.9725094667506307,0.8660911118071215,1.077617759107473,-1.176846477858835,0,15.400568340707151
-0.8277282925066488,-0.5199813999159076,0.01841049413264202,0.8515816070883648,1.4549879835151145,-0.05445852427901582,0.5110554359996257,-1.0509785062562391,-0.9078263220452597,-0.9676043924937385,0,0.0
-1.4862510466814471,-1.6312999515098758,-0.5839095407425123,0.9841786289513719,1.2400425843555622,-1.4287791558804952,-1.264171032853847,-1.040140328515642,-1.0160768534083688,1.007199990427734,0,0.0
-0.0695099557357704,0.138092549237918,-0.8132936729038762,0.207043470813603,-0.11954260660799265,0.005084161830047521,0.11010078105934876,-0.5565425151911225,-0.5255981791265161,0.24574929368976772,0,8.05670777950582
-0.06507053247313883,-0.16791600222303876,-0.6918137238605405,0.013140222565226676,-0.02941617296095844,0.08692881106896617,-1.3840509783656616,-0.24542123520441975,-0.04790252357843466,0.5314654156378286,0,9.70165026892043
0.5750080684026919,-0.034718574556743556,2.0142592745778884,-0.46302674619085893,0.005921285682540465,0.683344700889294,0.2394341394897626,0.3693178465848362,0.3022079572000397,0.31625852560279616,0,12.636973375319654
0.9790120042625744,0.7778488152015506,1.8665289893022392,-1.155538871064266,-0.8557005810648891,1.0448404271895033,1.4658217366039028,1.7008338515477968,0.7837874338020563,0.3673916207802026,0,22.319565987178105
-0.03685982545070313,-0.38149815133822185,-0.03832129989709582,-0.2466164552791735,0.3290748702092054,-0.2433019398408549,-0.519906917048873,0.13924414846398228,0.9972491442548642,-1.3849510671908887,0,6.393125018776987
1.8910816550624294,1.8361431249151412,1.732219755683272,-1.5106777702612837,-2.0008036799009865,1.9514456218682519,1.070126680832489,1.6213451074457481,1.9978162581927752,1.037463711529827,0,28.942894716707745
0.24871914777064014,-0.11070159944750942,-0.1588809236168106,0.27133712428385043,0.647682699537156,0.03536979703522165,1.4711179129316314,-0.17331889979541515,-0.7196804101545631,1.1622406348304628,0,14.677121932565504
-0.3258230578123142,-0.023011962468332665,-0.0013247286346029495,-0.04063615802594811,0.10104043356981846,0.13557009577373794,1.2537094064492778,0.05235489026005822,-0.11975734397984225,-0.26539696027674736,0,22.35179439451878
-1.599567885273827,-1.5533004810595303,-1.742625400430727,0.9298137369442362,1.3361180503026102,-1.8775460255781236,-1.2748060319652361,-1.3607419170761186,-1.389639104157224,-0.07567488962758527,0,0.0
-0.24148638931053273,-0.2754216455059708,-1.4008322500010089,0.5254145227179964,0.4473764724458602,-1.0775756584546892,-0.1823792035359699,-0.6085238127073042,-0.14860775021341993,-1.5937782125111681,0,7.411491320943987
-0.31571522013752307,-0.09489860305255501,-1.0386015473762533,0.24924165027719627,0.681123882906133,-0.2587579919018241,-1.709105124753898,-0.6480357038875051,-1.5140190053544773,0.4934814471659028,0,3.393722740736567
0.9897950673148589,1.251690910233987,0.8441653190411184,-0.4361422636925213,-1.1909416317322814,1.1334651880437225,0.3683509225121816,0.9088492141262617,0.626193343421917,0.5524681687450133,0,22.14890863373659
0.4885883111204845,0.4731688760612318,-0.25824874755706334,-0.9147958163143239,-0.6939788468439011,0.7086275820478524,0.22822110059410156,0.30968135091372506,-0.45007161549507924,-0.09477229760064265,0,9.499064503240408
-1.1644303525093853,-1.3409513304945502,-0.9944221804330702,0.06869473897590854,0.9049924475923355,-1.5334996704169612,-1.4526792386717235,-0.8450955535689184,-0.9306268084030804,1.1160773706553064,0,3.3402949012862377
0.19638528144394274,-0.33724616309877364,-0.466863165377313,-0.46258553939306124,-0.4100834513633717,0.16430667816116973,-0.22997380252225627,-0.20584924252141873,-0.4008931257753769,-0.3722278554536905,0,14.854882697200162
0.699057550080433,0.47407552291771754,0.12413323352951261,-1.0251245088407845,-0.8732471896541971,0.4287304839641167,-1.358418735200698,0.2201903197282086,0.22455588632916146,0.5448640153435941,0,14.104145233207824
1.5613826272293432,1.322867450114195,1.8140949100622783,-1.415788115222759,-0.9491373560712931,1.5465561697774575,1.4722162517135804,1.668113484107224,1.275175328965534,-1.0718585967191938,1,3.572667229720387
0.9164991343143112,0.9224585662342684,0.9183706404859753,-1.1467936083578947,-0.882610838781131,1.3441482337872295,1.4095763700199186,0.8534402063404142,0.46604226904001184,-0.055341949152357156,0,26.240697063682468
0.7889804497110927,0.6634054016816554,0.6593483793729807,-0.30787260212214873,-0.6624990005765696,0.8213233411039439,1.672762468862206,0.8867183121643973,1.053813538895336,-0.20923310133124454,0,23.432754430905604
0.08345405445443942,0.29805937110438646,0.6042389749872851,-0.23460775940598944,0.026098984428506722,0.5367573383718092,-0.12013532467471869,1.0608975950951898,1.1349043360087308,0.19861579790336742,0,9.62684750672579
0.4139122658720104,0.22235520052034083,0.6407023543727763,-0.2918494553067726,-0.4692475843490737,0.48749235639036187,-0.2138536352449982,0.25306460997649455,0.4407079534395917,-0.40840370839466694,0,13.443930125092482
1.2809619648273731,1.2228380052622014,1.9353955632262336,-1.0458749623814283,-1.1234600495797973,1.2886063567284347,-0.7400351708812406,1.648572518465999,1.4359042650289542,-0.16547304692531453,0,26.730822833162225
-1.31888192789862,-0.8985918295169252,-1.3565180262435328,1.2461057798712374,1.2610949965940765,-1.4994715905938079,-1.4624398614360392,-1.2720486622958125,-1.4446950883013174,0.8116606490061523,1,0.0
-0.3288563686274576,-0.20239625143695955,-0.5177447786653306,0.26514870895995213,0.167218355092783,-0.3929850751640256,0.22226330212558054,-0.3303744952965063,-0.37951969149014264,-0.47701831241918957,0,0.0
-0.7548634102256783,-0.7328468229784284,-1.3904755508668964,0.9198019685370569,0.6892347120005324,-0.8082377523298819,-1.104845966780842,-0.9393296956565135,-0.6922830319533811,-1.6707937373449855,0,0.0
0.404691091385805,0.21683595026361357,0.09077298444340173,-0.7833175786183277,-0.46100360621901126,-0.36407165516013695,1.0568259468627657,0.17669391329690323,-0.7466066366649367,1.7541151987798633,0,20.899574133254912
1.261548101747592,1.0301298832115082,1.6320623390334907,-0.37328355246318434,-1.0722218389793938,1.3204002051760608,0.8678027621113001,1.8288807471842914,1.834232150181861,1.3784445658147502,0,23.51875609478813
-0.5780747647552114,-0.8019290876767022,0.3068248192559493,0.3708217767772205,1.262528722948069,-0.33204735767636806,-0.22014332604058984,-0.5573547791587397,-0.4278091009274194,-1.3500408846005536,0,0.0
-2.383600931027201,-2.442045544374055,-1.392511784912921,1.3812874400764956,2.21570486429621,-2.1416865679860444,-1.7960254636499176,-1.9611965537001814,-1.8295974544741336,0.6725284938611924,0,0.0
-0.3920647505221159,-0.13806703166849035,-1.383676280081154,0.4324295580870722,0.4789175468244969,-0.4104072094353804,-0.19269444599590496,-1.0296147782403107,-1.038572919599802,-0.5445851087902991,0,1.6008545338166984
0.9426455141841569,0.8481895315495133,1.4382585239795291,-1.2828081347231426,-1.1423713878931223,0.6798007846785634,-0.780570405285793,1.1793931811429246,0.02722522410016497,0.2375771595816742,0,13.916237032721297
0.5642456450813664,0.14411957700565475,-0.6172999966993282,-0.1514112508937995,-0.44416424374801555,0.47151749896829337,0.793872436528437,0.23913845250945748,0.021630768242477703,0.26894369121850203,0,16.663047457014905
0.45405768514707545,0.9802488445101017,0.922896869406796,0.7602214059537303,-0.5793961486326049,0.9015780595855672,1.1656375396863738,0.7105130751931482,1.369534965328595,-0.2705167863972795,0,19.54595117732209
-0.25893805451146173,-0.1418652846023884,-0.4229064893434112,-0.19850679793278483,0.01947408127004746,-0.17594019461995855,0.6988349508602495,-0.8699120467944613,-0.8187404448857069,-0.8311277520578161,0,8.08228246274536
-1.264769746155734,-1.62935428361802,-0.6186551031963835,1.2713635563011598,1.1013586515434193,-1.3149636602147614,-1.785697640520938,-1.36331685142326,-1.4181462344740043,-0.7359935166664501,0,0.0
0.5417581638558806,0.39681128275381106,-0.3342304043468792,-1.4098865398430678,-0.5528331437237178,0.20994729497443346,0.23196098650954758,0.2810805211082428,0.24900942461903097,-0.9662666342432118,0,7.548574495944176
-0.8169961699083644,-0.7408699583808092,0.03195290319698509,0.9441728456955994,0.5865374745483445,0.026780974587932507,0.34538556837986495,-0.36171574052051414,-0.22043099184833906,-0.8801686896345302,0,2.1252945961382643
2.036561033833377,2.480546411755158,0.8259850855759442,-2.009485812567044,-1.6334035008185006,2.0230181174443005,1.8985910054650619,2.5696246119378605,2.6353852855919495,-0.09986173044097074,0,38.00787961061619
0.5973465425802894,0.24890842765146995,0.1077175161550984,-0.8615114105589714,-0.8098044362868714,0.5016915734923444,-0.1990665850909947,0.1588298592760874,0.04069168608902555,-0.7617290406355879,0,12.138495855559018
-0.5616377507775158,-0.23431409744053266,-1.049633823014061,-0.10010530636490175,0.9310563705757965,-0.28499249893197126,-1.7960254636499176,-0.672068330721627,-0.48138733994824784,0.6647159334091961,1,0.0
-0.5925837315347833,-0.1361051391034306,-1.5261191032598542,0.8949406119737001,0.6252617118357428,-0.6113295154629189,-0.31801553137151506,-0.8992316224552709,-0.1732743152096453,1.4864036977337538,0,21.554872761118595
-0.07061687510532094,-0.24761916467340514,0.008840293251974404,0.584011381640189,-0.08050264799346386,-0.4261288644705873,-0.49257336089449766,-0.15391674783625775,0.2469560573828139,-0.6232424625647198,0,11.093974303853363
-0.2181713007401459,-0.28321984865649064,0.9069240547731336,0.1934955115335229,0.08646487939682708,0.165178116601991,-0.279343426679805,0.1792797478919604,1.0965570728657763,0.21300113209420482,0,16.768413340231604
1.1473885693962198,0.798745161149688,2.552211448726125,-1.4687481952137074,-1.0505579824514402,1.3229631091725278,1.5360433333722487,1.2115571177667115,0.8366934481062583,0.4786133553992597,0,25.00617197400204
0.21064337628287627,0.1508950724073418,0.2435784138965294,0.6455821420020559,-0.2339358573855663,0.5188458071965855,0.3504546796744162,0.3272989957094557,0.9655413513552691,0.4503634580186711,0,18.921928113049084
-0.7136479958173422,-0.6861886727667063,0.08514688741841472,0.21800438822171456,0.7169940331827993,-0.2108721304193793,-1.0780805338747128,-0.3244887731786788,-0.6570626526912693,0.04620378936365897,0,1.2577573360634318
1.9262566276152429,2.05895609783624,1.7463099363639645,-2.009485812567044,-2.014857346918965,2.2723025889067365,0.5530329035118421,2.0212621916796945,2.018654656708981,0.7265882441462433,1,19.685999952550404
0.07260309459039699,0.40916029760886624,0.3686442773856223,0.1690259114344269,-0.15762999204992653,0.733692128362389,-0.1814383218995345,0.12036522591388678,0.38791569142259485,0.46082003381419734,0,15.52115818415792
0.7970278303383258,0.5494014331464614,0.4677972566752741,-1.2894275144638316,0.05392803792226923,0.4037398899217573,1.8476492467467314,0.4647159965157301,0.19176431396659702,-1.2943221744797202,0,14.210789133671836
-0.589403509621189,-1.150165576846881,-0.3612995858944384,1.0275628250857856,0.39028879792995014,-1.1392351742238405,-0.5044308194389874,-1.5940581578018147,-1.4584206694438986,0.8556525887449657,0,5.823553118107856
0.38854453257910304,0.37676160290892785,0.6535771091484716,-0.5503528903894088,-0.49719535219285416,0.8723292124814315,0.7919706824893622,0.5379822314063732,0.849810004137441,0.8741588360886244,1,4.073949161473076
0.3361852158613758,0.421582462923617,-0.055137318953932826,0.015380555289118929,-0.491924082374497,0.6580905781840577,0.3750737659194733,0.2699254222727171,-0.060016919086350096,-0.8102286853055907,0,24.183491661265982
-1.8795409988555836,-1.7192647961046355,-1.5933564780831377,2.170271784826543,1.9377843578784444,-1.87990062533623,-1.743417794679784,-1.70399126251406,-0.9320655520282451,0.007407604079929619,1,0.0
2.036561033833377,1.8669009687407587,1.6645479061439528,-2.009485812567044,-1.8995804214214147,2.1072003019470142,2.440614349156057,1.9941248691022706,1.2779693247491621,0.6660190172075648,0,33.42498061313882
1.3223813071096455,1.317528215053559,1.6000021886186842,-1.4640993726588745,-1.4578092385376782,1.4718584257155685,0.8389251768794327,1.5379414466611967,2.2082293957838623,-0.24490877809781103,1,12.35601391242995
-0.3769371366540442,0.10598765065836395,-0.937016211201324,0.27995896426266964,0.14556609005950757,-0.1361706810304372,0.2206760092576018,-0.24375600378741188,0.1589940526807222,1.0636496816190335,0,14.33510701657919
-1.086806633589815,-0.9181161873053151,-0.9206891873430547,1.7521205033177536,0.8237289740585886,-1.191539038374465,-1.2464204966008292,-0.9887808204451901,-0.9814678138687387,2.380986936926193,1,0.0
0.37288473884538936,0.25534863686016257,1.460068985592553,-0.683043034062777,-0.47795234125861963,1.0589143051934358,2.087859410377025,0.2548111118755947,0.051816281063794344,-0.8333936013227877,0,11.867974746889264
0.11024674022931326,-0.035148972704528526,0.7964212008115757,-0.41976993415886604,-0.22758437651990618,0.4960447048091849,0.8456478101369536,0.07524846419778565,-0.15991083288184701,-1.4406414099604534,1,0.0
0.3810472099958286,0.3246683841933059,1.1312863873260195,-0.09012757547181353,0.4294619889718545,0.7262397711230165,1.3624048177106458,0.5528048181522733,0.4206402919767449,0.2787346918045191,0,18.85052220162288
0.21583970321992244,0.7118094542141172,0.2045292580216895,-0.5029380597521182,-0.3060625956678166,0.6979586343575503,0.14478894492766586,0.3710092802942447,0.30067087146252697,0.7050357085386525,0,17.75330989860561
0.5326432616030501,0.4661666826523628,0.6439751482652781,-0.39453787495096654,-0.6958331633580167,0.4627057311278662,1.0245484787857695,0.7498842750477888,1.188998936032141,-0.2669028169985577,0,22.90440985327352
1.4801079678807547,1.425308318958119,1.8355903738339197,-2.009485812567044,-1.1725882870930524,1.4782556733353212,0.9603560756831822,1.4376198823496842,2.121712000364511,1.4517220435673008,0,26.268868681980884
0.5949261902008219,0.43563832936871244,1.4344379104731235,0.6395959446366797,-0.6678081859504118,0.5727331736066962,0.4956686062545657,0.7004464048823004,0.7107909850381344,-1.397333285918271,0,10.125917122977624
-1.033834572924853,-0.6505718878491792,-1.87773543275145,0.18249343031136386,0.9838235888722727,-1.090014296824105,0.13129554016470668,-0.942024906636776,-1.250189712723898,0.6758050823540471,0,5.494815729126978
1.3947888017515053,1.941432574740066,0.3830909643365316,-1.3984619866315875,-1.5863629035414275,1.2225915071346267,0.2746450465382522,1.7024894655681133,1.344781654074941,-0.6495786869408496,0,20.31551154128396
1.6747314875804102,1.7542940361782964,2.1800909461788835,-1.4904067190509365,-1.7708496153035076,1.6500797520708876,1.4375732309350426,2.130551313034967,1.891255839755958,1.7232904581562927,0,31.50502907127501
2.036561033833377,1.990594688046719,1.5343054735644563,-0.779657800785607,-1.560858212910098,1.7537534787517184,1.6755932681720513,1.9970299937638725,1.4162548285373446,2.0020228793686137,1,19.85099439442875
-1.1081752686186062,-1.042843971476068,-1.3081463311072437,0.2595387735925492,1.0510506136029358,-1.3449499170685804,-0.80502277921271,-1.6433470774871426,-2.031505797756894,-0.8136682102270771,0,0.0
0.2674932327956367,-0.4533519183722682,-0.5149284726368374,0.8040106323065334,-0.4064806614782273,-0.18749612261130294,-0.49211955399383445,-0.18770189720007277,0.6678436223490473,-0.592121671888079,1,0.0
-2.07329922058058,-1.7555485089988792,-1.87773543275145,2.170271784826543,2.018154864617349,-1.89597789873385,-0.2333009960597565,-1.449644201345054,-1.259107656453922,0.8458884158510399,0,0.0
0.5798704419040279,0.6074206067982548,-0.3443203629837798,-0.29613010395126244,-0.24514419974776858,0.27100095115249295,-0.6681640987365021,0.19989060408004014,-0.1787062257493472,-0.4263680256973737,0,13.795584189207748
-0.5289690738879211,-0.3684057705623762,0.819181764579963,-0.06706878626940332,0.3497532843544696,0.16685723096379684,1.0441856215616314,0.05295370023479645,0.3527874195727189,-0.07764877948380122,0,15.014361702116382
1.9594861985503917,1.6766496898447916,1.622110270825947,-1.4205896889044554,-1.997976970270715,1.526458890322876,1.9969265055811882,1.4378014069049037,0.8550393364471233,-0.005398874270964036,0,35.955450313275506
-0.756923547436781,-0.83283205770012,-0.6510290893815783,0.2700422245113714,1.2461881829628851,-0.6737714180704051,0.6452260953572463,-1.2781587682197584,-1.6647772943783792,-1.9903032831108785,0,0.0
-1.6777114131202004,-1.7249897773928995,-1.029230729542598,2.1255525933899446,1.444321701731214,-1.537104989410119,-1.7960254636499176,-1.7942415353329755,-2.0212093685399593,-0.04542855355210252,0,0.0
-0.4515092860129368,-0.11479941588663785,0.21045280985638032,-0.12760361077947316,0.4973284552647756,0.1570545068760317,-0.48321864196844816,-0.15256427085247456,0.5050470394642541,-0.7351635791428865,0,7.136262562562303
-1.9659632486074277,-1.9920190823155834,-1.0548757753945905,1.6489835702310751,1.9060924942153215,-1.7044912555829288,-0.464637452445055,-1.8398749022156897,-1.8435238837186627,-0.5345313523665615,0,0.0
0.7791669611161979,1.3874233613601117,1.2970534030966525,-0.9836970130281578,-0.7395728005682425,1.4039887590196387,-0.12156235271494763,1.1030841371754891,0.0003816770857737872,1.441896149302337,1,3.335307756964524
-2.05616784350837,-1.834045695925414,-1.87773543275145,1.2661851733468945,1.8722294895983609,-1.9615608297212586,-1.7960254636499176,-2.0379363341774757,-1.425972669024391,-1.3135526584433141,1,0.0
0.051610542397069484,-0.32572491775961093,-0.12377056913114125,0.3367523106063003,-0.20572069294997566,-0.07775847524119722,-0.42686823912443694,-0.2801404259855324,-0.4044228796807388,0.7985556078386834,0,11.125385561687027
-2.0689831829965355,-2.0153482821479067,-1.245721114539501,2.0814735547338965,2.0538632087990956,-2.1416865679860444,-1.670703964495549,-2.0529134829309674,-2.1988524258165185,-0.3159845880657474,0,0.0
-0.2995166601771539,-0.4743610915222154,-0.5517011440019379,0.8905654536615352,0.10679612680774378,-0.32154945793392437,0.7317992133359448,-0.3926297856899773,-0.5167772710870646,-0.31679815693451435,0,11.930923393460326
1.677513874545005,0.9579122715585998,1.3986802994435918,-2.009485812567044,-1.7591612517484922,1.3101031700366343,0.9059408235655931,1.3632121980669398,1.4746447464321282,0.7752545977764203,0,28.31630777197589
0.38606001368060255,0.8639943574358485,0.5688174208433492,0.21489717201043315,-0.5728575877198413,0.34088119580145965,-0.1627856425615131,1.3534813914928097,1.3925455216375167,0.31570958492763446,0,22.39623979357011
-0.8464066285164277,-0.5901889539511628,-0.22254660180410057,2.053029978594363,0.5874879172755513,-0.5670133090548414,-0.3049915462822236,-0.309848538958011,0.4182790876847368,0.5509941361077086,0,10.30033883755731
-0.008456270940799064,0.1630653410633622,-1.0558124580463648,-0.24059582313032404,0.5885478643863759,0.20871261334699465,0.4326694998507652,-0.10501584478278404,-0.47918557489871816,0.9567096963641881,0,17.679408616285322
0.041098828046907544,0.09953414446874109,0.471220783040273,0.955125876299894,-0.15117956336809069,-0.3481308910006935,-0.04123021384496324,-0.040794179454663855,-0.04094523564421855,-0.369402290307252,1,0.0
0.49880403875819906,0.07154212020802718,0.28520415142830907,-0.5844323137041508,0.08614254420296781,0.16848250976576185,-0.02293229257956855,0.2500164958735632,-0.08316202256032941,-0.6560852055322559,0,8.559083623309645
-1.3531946716519434,-1.4353220857752287,-0.689025539835025,0.4485746519033312,1.117492021463812,-1.3442745772549858,-1.7960254636499176,-1.0939016490890128,-1.6766121119052801,-1.1386862100796746,0,0.0
0.619556634244134,0.8592972624495835,0.9878500721916513,-0.7123941672176701,-0.6426801423998483,0.8631161501377477,0.062359732126614636,0.7641530789289694,1.0497856326079251,-0.8736256739369118,0,15.439685404190278
-2.6998242409316844,-2.5659123691526675,-1.268571945247127,2.170271784826543,2.453849949817901,-2.0014664679544865,-0.7542886936497759,-2.016008536796222,-1.718438343562913,2.694132877966643,0,0.0
-0.6112088466483373,-1.3416215078370062,0.3112317717938817,0.08213410856347304,0.721692701166127,-0.5356974176618708,-0.36053015370151625,-1.184700579866552,-1.007077504439071,1.2388683656308088,0,2.8450990777592797
-0.4686350701217923,-0.508484567649664,0.425325762843074,0.08309499883003142,0.5750045348197212,-0.17108679269958033,-0.3949782662208237,-0.29068658069459385,-0.12556313125034355,-1.410057259741772,1,0.0
0.6605933841742332,0.601573330549803,1.4193710029124844,-0.27352527527878523,-0.8626946080940031,0.9077741439440722,1.427713748957668,0.9667020392265782,0.5965055725625316,-1.3808546689392969,0,11.903841492593967
0.045744187455051176,0.09497983278575017,0.22266643190061908,-0.04789898236996847,0.28246763981558504,0.012073993222011182,-0.7723352042561634,0.05171990002837418,-0.3935044507702291,0.4604292996760106,1,0.0
-1.3921625852232655,-1.1065523658396108,-1.1239192108908762,1.5158861418471437,1.170988959660913,-1.3474655934403375,-1.2935994724533981,-1.22133445718115,-1.1474521575465633,0.5271676694507155,0,4.264683798539387
-0.968732443737459,-0.7274436579352345,-0.27171250391066915,0.9627097649216438,0.928277010588065,-0.06822104267287293,-0.010411734841970536,-0.6699779093077722,-0.17795615018706207,0.5288198719220506,0,6.3939279986018
0.22299062005112613,0.30239078582277246,0.6323483300874534,0.04879857875050856,0.534274986003566,0.3901583517118565,-0.013569649269502552,0.1504256680381731,0.7637154335124657,-0.29148568674337405,0,14.947625270693637
-0.056645636525673046,0.3168825447774545,-0.2201943784740658,-0.18826719834602187,0.31450237232700917,-0.19697727917407118,-0.13985782317431164,0.4766006332023192,0.7336228477956763,-0.1593314310784596,0,10.20011311470946
-0.5601031921227496,-0.986583526786478,-0.2119609421196534,0.6023458696479039,1.0415914959867276,-0.6969383464275867,-0.7370157289696749,-1.0334745469055255,-0.9767352878503083,0.30328848677928627,1,0.0
-0.4611444188440151,-0.280249160296742,-0.39219610530384613,-0.09611598957196377,0.30662227185502033,-0.2613304640981103,-1.1716612721034363,-0.2042486052401485,-0.10664248311393575,0.05634509334846506,1,0.0
0.7238619257197477,0.8944254316992781,0.10202221080947187,0.03806055635596304,-0.9265267529302945,0.7611639713295746,0.6964020923649087,0.7299917882006098,0.6657761826104824,-2.296068092950503,0,17.463599761562676
-0.4982538715448073,-0.8427873843916334,0.3673185259723897,0.09106478087059895,0.2934785804186381,-0.528620533960844,-1.3439142036762226,-0.7180404400480206,-1.108747695839589,-0.2658142224552278,0,0.0
-0.0657309084757841,-0.5070285315994878,-0.010556141865125575,0.6439120733402981,-0.01622868037018293,-0.39760988842445927,-0.261604970989883,-0.3696590735014282,-0.35405181498527627,-0.9001540808711178,0,8.093816496131312
2.036561033833377,1.7402398025174224,2.8325391895786827,-1.9128358931217597,-1.8685433210131956,2.1879841883750477,2.6417572847737527,1.8766940198660902,1.1895258687461647,0.1474931130875589,1,11.847602913379845
-1.4104053959749163,-1.5440062119871414,-1.87773543275145,1.3298167246657617,1.1762371024970077,-1.8033334283677938,-1.7027523615395428,-1.281700531348937,-1.2691663514625653,2.694132877966643,0,12.45871842756248
-1.841477323344259,-1.5304574449658384,-1.8475437154901382,1.338600338042913,1.813463864269062,-1.7140290769605426,-1.7960254636499176,-1.9417726152521506,-1.16252342858137,0.3437018422409085,0,3.4510000969991523
0.8118781309439718,0.6040082132512983,0.7035517116983184,-1.255534030240843,-0.9471465947068353,0.3255984956797712,0.13884674196218527,0.5185094499479651,0.8041599962470642,-0.35125941272310984,0,11.169871282429536
-0.6602989526177376,-0.8826125732223682,0.14171542353226516,-0.3536094348695161,0.5012184798232902,0.4818538029059047,-0.19353550740720624,-0.8477106469374799,-1.1887005119007938,0.9093764206396979,0,2.9812068804188065
-0.2974423718454622,-0.4602728739777318,0.0025989101782040195,-0.30674669325343473,0.30241908256587857,0.021967583944415146,0.36148324723767433,-0.6454692361530256,-0.6518274674652735,0.4612679595206843,0,13.40325521664507
-0.7635094423806236,-0.3850723825275256,-0.43683997791583284,0.48676315718583557,0.652083586257635,-0.36673171173085234,-0.4410535278155406,0.009908792707813929,-0.36701728435843084,0.39739239348528776,0,9.898632193454738
-0.23860756368338112,-0.21506525463868836,-0.858843277868232,0.31087594970163546,0.3826332559080093,-0.10838672995909099,0.9828466362539648,-0.26267964862945004,-0.29745620932302225,0.5879740265742357,1,0.0
1.6323688825097755,1.5233358830097383,0.6745458064145395,-0.9027832563681579,-1.8029091002011595,1.1694243566329359,1.670949373888622,1.3067071356827094,1.6369876346503938,2.067362651197276,0,36.84928745196828
0.8305430034577277,0.7743495923613791,0.8918393906306407,-0.9707790341181113,-0.6908084742306063,1.0374715201574662,0.7039894914740754,0.6621072309952577,0.8617345593602651,-1.1853610186567434,0,23.813171199609386
0.8910467513763215,1.2560089144914908,-0.06353599745978374,-1.2539616027469735,-1.1009137655249637,0.8197593321251156,1.0929690880157679,1.1541103066228422,2.070998855986111,0.4520266490145898,1,11.65167287136841
-1.402899110941518,-1.5632718672203931,-1.4691066470005492,0.4548976690369754,1.181338790994085,-1.4943725738622935,-1.523327895675976,-1.706084861153856,-1.1198376810520474,-0.9766645656126391,0,0.0
-1.136023080139501,-0.683280091517409,-0.6321218727702989,1.2368147985404512,1.1199319642766377,-1.0758765176130871,-0.9022341006524756,-0.5133598372488968,-0.42861382196627057,0.5355844681620888,1,0.0
-2.7300926393472187,-2.562741436299975,-1.87773543275145,2.170271784826543,2.738101408763552,-2.1379299595239147,-1.7960254636499176,-2.4300090055187007,-2.016000501717122,-0.9688123297972847,0,0.0
-0.7919258342232065,-0.7987591632045904,0.3115939780239047,1.3511967906373188,0.6005556306761466,0.22941009717965458,0.6433672784338699,-0.7188460359973419,-0.7766949905935424,-0.45722355005795323,0,11.32414703167174
0.9861689635777944,1.7125350554072056,1.5582782258888743,-0.496627862879967,-1.1166263454195036,1.3091883442247696,1.9614874769589536,1.8147309927155064,1.199107024549928,-0.3324419186918316,1,7.027469579146736
0.5434215942273957,0.21298230792070005,-0.47532303761048345,-0.14735586804943024,-0.5950805547804612,-0.29190400047507153,0.23804627469538098,0.24995292416187506,0.748887044714179,0.9644980910172519,0,22.65771639395464
-0.2000603043346197,-0.28884145754978274,-0.7106944207004333,1.0616131079249211,0.008181711180496236,-0.36566190022520556,0.2582015095748072,-0.31256329356001544,0.10103745727838727,0.9059608011398113,0,13.32651835792378
0.000507483229628261,-0.3617273174528672,-1.351301408637458,0.16535132032062425,0.1472996548903333,-0.8135233327004807,-0.10734655712970873,-0.9132361834575103,-0.9644388704130764,-1.3025421270689719,0,0.0
-0.6706110910017796,-0.3460723755622385,-1.0114951038469828,0.9177201722346022,0.7621810247395894,-0.48153658992344284,-0.07851866049356115,-0.703394427554859,-0.5696879506168296,0.02475203300749818,0,0.0
0.2291108341254022,0.7403971034992398,0.6578758091513219,-0.37914205897449577,-0.43119571236382603,0.885036904173234,-0.06440571070293909,0.7466084498722053,1.17557084337736,-0.7554223117956296,0,17.827122586741933
0.7940462939743855,1.277022302967544,0.4225513292923897,-1.422651631427698,-0.875112318523958,1.195729980654999,2.0436231312819158,0.8471639522214867,1.1141836835038772,-1.3155916024032048,0,26.74138734179117
-1.603916689164706,-1.1602071054709286,-1.0439354775315863,1.0312459954209554,1.6776992650787423,-0.9955882649210671,0.31906740954357654,-0.7755706045982443,-1.3590333196231428,-0.25276980267894344,1,0.0
0.324644959682872,0.2621227462486905,-0.6274296788175415,-0.2981110003952617,-0.4650227786842184,-0.047302149950857256,-0.23588610204172525,-0.622391095774345,-0.48922364120525624,-0.3461091338587308,0,4.903705979869828
0.961735604101823,0.8232127837694797,1.2840701878255079,-0.8180029216824704,-0.9502939606219757,0.9915250173402808,0.5243671485853539,0.7602815542294885,0.6206583157420594,2.4451182311422976,0,33.32339253312507
-0.3949638776735676,-0.873998002675672,-0.647355467703849,1.3526863858667801,0.15538765869170243,-0.5038307781720516,-0.05683236974624777,-1.0018054287877598,-0.4914663256176868,0.41052126317618326,0,2.0245213533800834
0.7284253661048209,1.3245674853152918,0.62216401977598,-0.6032695594373038,-0.7368705018303342,0.5659059875257554,0.7777975192555395,0.33876322980696816,0.7204530255287396,-1.4371441064592507,0,21.568349272666545
2.036561033833377,2.107267306121507,1.6440126327529136,-1.167105327486901,-2.1799592641829086,2.0101453281693056,1.4675521269927243,1.5754880992671365,2.012432795297725,-0.6076502439723216,0,28.677262593412284
-0.08209298102494199,-0.2173421124336204,-0.8151096892564713,-0.16749176366245302,0.25370881669386874,-0.6938321052230072,-1.4278989213778428,-0.19348478475850753,-0.6641680658588328,1.0109980573154018,1,0.0
0.4189412807706534,0.813572419280301,-0.32911403024172364,-0.540246091957277,-0.5508862790272945,0.9582473738949587,0.9386633716483277,0.49674538918917394,0.11902205284979463,2.0999152857436734,0,28.14867116518612
-0.7201170380774109,-0.9752185977665078,-0.008980390730917559,-0.08182340505711963,0.5394636921202194,-0.575291459442804,-0.15507411207173707,-0.22369816212991742,0.21785693603432055,-1.6497781036608803,0,0.0
0.20544324294213406,0.33020813759910733,0.41921813212822157,-0.5810188695637032,-0.013228171561615518,0.3433930047524809,0.7100593910443521,0.7940052992037329,0.46203348434921254,-1.9497402943275421,0,5.298605779094329
0.48636126866477625,0.42495104932340166,1.0402569107830728,-0.15638613734731605,-0.7079879586087469,0.4745605819894899,0.5715549951529029,0.7012815044418165,0.007686388685300199,1.8779828558092644,0,25.77786896082225
0.21912685153913203,0.413450873193565,0.3862452824870263,-0.19706040731198265,-0.3396495595866374,0.27523991578699175,0.0035858839766432413,0.4812365533559992,0.6403587998336706,0.36628771868184384,0,7.58014405885101
-1.0036706404316325,-0.9728173182749617,-0.7357896969946214,1.3655219284750866,0.8480876446775503,-1.3513976879874312,-0.5008998764133408,-0.9392474460140547,-1.123636607695768,-0.9173862790636614,0,4.6547319120257
0.23072462398170113,-0.20668292777679223,-0.8267208419336908,-0.11549192767902196,-0.3909306570812683,-0.04387140107669578,-0.03743671440690781,-1.0713003944062074,-0.2695709318295058,0.5142731270465781,1,0.0
1.495099472798589,1.4685145177065708,1.0893101173127568,-1.5023432203824256,-1.1381679295436613,0.8686297040653298,0.362358323721805,1.0215437135331615,1.0541725004041973,-2.72104600791358,0,8.126154108844865
0.47464627499618567,0.7827156560381888,0.38819376165564984,0.7098577519941579,-0.38217851254491964,1.0294482874671051,0.679430194739225,0.601252513683179,0.5988049306031894,-0.027862702904384147,0,14.605022169470436
0.9914889017280393,0.9532946627416691,1.9974103455575711,-0.9256784780056118,-1.1993866151010675,1.6029159593096294,0.1266759665521647,1.4281349467418918,1.1563079126346336,0.30322894018892876,0,27.29371259902846
-0.21566441505663836,0.037186476081093454,0.24179071868968538,0.7929867052877319,0.26215944484214915,0.09240712712299831,-0.08792503796844318,0.10922370116852627,0.7227425631859583,0.911895626014178,0,18.520611245953404
0.7779595904064374,0.44123763219505435,1.5717524635388105,-0.9013007528623228,-0.8297678516077154,0.9414899413975879,1.1747846429170024,0.5631526472493973,0.6528327907963208,-1.0659720501268726,0,21.89269269561353
0.30412651070903474,0.2941889052893829,0.6193989906645696,0.09930471683892697,0.0012087571187968562,0.43288904164435654,0.531268368283212,0.6118868371075071,0.36958001932381135,0.05613503191157925,0,12.426057756947548
-0.9344182599281452,-1.0757809525023996,-1.1876962901535502,1.29711613313665,0.759887653195182,-0.40545482055160037,0.6164703922271211,-0.7501968404251504,-1.0499308532986076,-0.9756884685705416,0,1.921439617699034
0.3436466303648033,0.5657321051557244,0.3657460744301436,-0.19980548768213013,-0.3797918580930821,0.30882320368804594,0.03636395099681907,0.7440037110432121,0.6341373947461107,0.2293077078625763,0,19.171925282881904
-0.9754815708030115,-0.9170312734525473,-0.6568360541757068,-0.40005307003750074,0.8750983313383808,-0.6250392266756832,-0.23761387795509975,-0.4987025030962846,-0.8957330386372746,-0.9449940379511286,0,2.0525326559898454
-0.6142249424895813,-0.37119847437390296,-1.058091146807587,0.5369384502722195,0.5159989628426088,-0.5987368810162076,-0.01674005625315377,-0.7343086665891521,-0.28553971217948554,-0.44776777048380045,0,10.79141204882997
0.2135753187064898,0.5437733420004799,-0.04108043834087115,0.45344534597548725,-0.3098336761610231,-0.003835547836079999,1.4815931604778911,0.6025590368580559,-0.20722824744095378,-1.0475211287114363,1,0.0
0.32222520007614996,0.5284385119516766,0.15548385862492203,-0.01266669766397991,-0.5052200715745192,1.0006278400913622,0.8682736671357211,0.43406342338079146,0.324616406583085,0.6331668267516225,1,2.17908457183972
-1.1743607746147027,-1.0349976408568382,-0.005296060192749046,1.2522525202078023,1.2377639488748822,-1.4192944489235233,-1.7960254636499176,-0.6478154937428157,-0.3873085708282132,0.8447283598131153,0,0.0
1.0841131481200244,0.7494978239914836,-0.33072730118522553,-1.866353253226924,-1.1646750108741581,0.4796505708830033,0.9011959044233411,0.6442069840774006,0.7270550958825518,-0.2707339144325668,1,2.924209283932691
0.5988558074064095,0.5842767984742692,1.2263850587007588,-0.913315186564633,-0.08294157042602313,0.3423659313607066,1.4532786963349522,0.7684877455939401,0.3882421048543918,0.0077139120892465995,0,21.31350559419446
-0.6865617284399625,-0.8101735276897785,-1.116652805095018,0.8077086584666602,0.4999077433083259,-0.8452804342948421,-0.9463555984341719,-1.1433779091590357,-0.8118487170330199,-1.5095718569512273,0,0.0
-1.5250821817477456,-1.5582077634665803,-1.87773543275145,1.5400653243017677,1.5199626250868241,-2.1416865679860444,-1.247020206315286,-1.7012752168300227,-1.9707799210304404,-0.3371226075650779,0,0.0
-0.12293061985708431,-0.221080589385786,0.6125804302626857,0.7392148676404435,0.5402923929744613,-0.07678003753704891,0.694705201136862,0.2322730200505297,0.17119013875185002,-0.08254036705077945,0,6.43067452581879
-0.4260170626439368,-0.6949900327183391,0.09419701486175978,0.28632186488509925,0.4294451835655952,-0.12993510454849286,0.5130746319993758,-0.575626409759175,-0.2929832623455666,2.6431703200311687,0,17.67195796376791
0.13686932986713676,-0.44978858130192395,0.8724220993264693,0.08510422846110978,0.10370957434849688,0.04620698872938937,0.07520494061257063,0.17796639673010764,0.32639440654073715,-1.1660520210960161,1,0.0
-0.3426267194268462,-0.520729910959307,0.2043494643378024,0.2985685947190766,0.5046700624022247,0.1453949599692747,-0.38155505842143167,-0.11458156256877876,-0.41401637121486173,1.4628622352004839,0,13.41904126943104
-1.9981497536318555,-1.8500809190226122,-0.4174331724594201,1.2157834124063294,1.8186371252355784,-1.6879845069846662,-1.478039136305983,-1.5189088714844177,-0.9539031154468072,0.9859711726386668,0,0.0
-0.3680285827300317,-0.7505588637529375,0.03902666989986954,-0.878863899439116,0.33214689143548853,-0.4784651781566094,-0.13648651626396174,-0.0497375935675422,-0.04010884420664881,0.2550776344133922,0,3.991218672371457
-0.2847381397986338,-0.2585621823801023,-0.31831689717623834,0.4668885067320301,0.07521135306415665,-0.14891616884523226,0.4265058989589396,-0.39217245341983653,-0.08199415902505197,1.763336884960348,1,0.0
0.6609298556967673,1.2187926398016673,0.7634013439586502,-0.49535119968087465,-0.7110010194983114,1.0576257048632407,1.0383714394531798,1.4647218719254924,1.9577695026929551,0.3484203638922502,0,30.676494899600648
-0.6799885666193468,-0.333749905555051,0.18864052540335655,0.2584019540322122,0.4840084943836738,0.1011257600854442,-0.20981893861725587,-0.0727890875667701,0.35861385789531947,0.3658234170890427,0,8.447637024239814
1.7130504367939168,2.151471312083424,0.966532437725474,-2.009485812567044,-1.6020209468834432,1.6254487609658639,1.6472794722145931,1.8481845521267863,2.161038751283778,-0.08551613539349857,0,31.34272911243062
-1.9016818156397568,-1.6977135309572586,-1.87773543275145,1.9850286760740585,1.7956241356140414,-1.6951682048209442,-0.8694502532947878,-2.0433259696680217,-1.8465631979692017,1.2173252336978688,0,2.0117587505577355
1.3430439171311541,1.652385453646216,0.9402437549812634,-1.323758778148409,-1.4348952550912062,1.2727543873555947,1.244112337195395,1.4378017243863876,1.6466180358318163,1.0876220634227465,1,11.255051183103184
-0.2028850933289366,-0.403415102896971,-1.4118928588001969,0.46180141435330574,0.028642962819360705,-0.5716750902629611,-1.057870279998198,-0.7541264207750755,-0.6303921380069303,-0.6698010761263159,1,0.0
0.8883901669638096,0.6684712914574179,0.8298435897284361,0.198169092168184,0.4463458576077587,1.0256706781566811,0.6758495566656082,0.3245375441108644,-0.22875181752445614,-1.3775781372278246,0,8.32447679913344
0.10330362506799234,-0.718200382060433,-1.0278160079283825,-1.230431804130816,-0.3273460645912687,-0.46302471138797235,0.1954731305047824,-0.730563549361717,-0.56662685310442,-0.23844586638912874,1,0.0
1.1702648561204667,1.4921145201999122,1.0128369535409352,-1.4017191583372857,-1.379571500462995,1.4524984914905756,0.24057536292447274,1.1661820961002585,1.1758442809123875,-0.8477339865242802,0,19.46627739162208
-0.36703691036875086,0.12300975110263128,0.2226192301502538,0.20071421314808052,0.17345359855744438,0.39617249144532113,-1.0868429881466124,0.2851583595972311,0.47323949820034705,-0.09613317194168246,1,0.0
-1.083132500035587,-1.19702514293139,-1.17122175568293,1.7052329485887896,1.6494149143484522,-1.4227679982146708,-0.22370728473198528,-0.9042682426323568,-0.9301966724710218,1.231478585087014,0,0.0
1.4531242846221506,1.3286598898998812,2.215574401753669,-2.009485812567044,-0.7572508366644497,1.6276682377380733,1.6203973722081249,1.327954578160302,0.895155462402674,-0.49797642074917947,0,24.87718852988791
-0.09129297866231612,-0.30529744747913645,-0.9353875428036917,1.0923318892583396,0.09566657913617702,-0.6775714471992951,-0.20262725155531539,-0.09057102059780378,0.15921249417005423,-0.0750079333639981,0,7.351481663581819
0.2460246760669294,0.36193315216288036,0.9252008161570833,-0.15283302882571226,0.01347386268459003,0.9015514150194304,-0.010124070671791158,0.47662107912018364,-0.12526792188266073,0.02790392448905571,0,16.568172520709794
1.266108646002409,1.5656503589831037,1.4631679672441136,-1.1668047171210607,-1.4273854502654557,0.737680131998485,1.0401515256572276,1.277672532820286,1.7716510790157272,0.8345028698964981,0,31.05705695852427
-1.016013940140511,-1.4919552328520833,-1.8543473891893525,0.7738978247842411,1.5916708689666677,-1.9774796884875794,-1.4820709286374905,-1.3677484115775016,-1.397394549695814,-2.32422218917534,0,0.0
0.6225001410270323,0.7315129578629909,2.1432329515062998,-0.7839357585419294,-0.8172531636054414,1.4995751178946455,0.14767254957882398,1.0266710155328809,1.0319241140583952,-0.6504353568151316,0,16.34950249521224
-0.5709470880027365,-0.6216973887932498,-0.5003050783040821,1.0428502035656835,0.3407208523986394,-0.7872228915852266,0.2413466514747508,-0.6549497183757357,-0.4027326989069178,0.1843042944440384,0,7.230740072451498
-0.1101087866676607,-0.06136593365525531,-0.603399529058823,-0.4774445875936818,-0.1078085655478709,-0.044979828572406504,0.02225355614069698,-0.2824036266499232,-0.040745314365970925,1.1933541377583128,0,20.595617915007
0.09572994722207616,0.24068407969299047,-0.7484967134984449,0.08916567573250818,-0.13749872988254883,-0.20931641107739127,-0.474259256777289,-0.2758944658797477,-0.8530674953154351,-0.5332859791939863,0,6.215263520115337
-1.487465148765668,-1.4750024774853447,-1.3532873008591002,1.0876818875768541,1.5701210150687486,-1.798067259713706,-1.7617393334578328,-1.2488307345840186,-0.855760990299266,-1.9462995494250672,1,0.0
-0.7611743337262015,-0.7520627610339071,-0.6959620107318013,0.2533530922757124,0.6092945158734504,-0.33201135073607846,-1.6314716409167722,-0.7911425308954729,-0.636182816097915,0.6010983222937695,0,9.646734400677497
1.3832207004897574,1.273646277791223,1.218944871195188,0.14683988001839002,-0.7034825767029724,1.2391696167016495,1.3561537696165533,0.7918403181311641,0.4535994728860807,-0.6796845680212308,0,22.17594472892882
0.9151774275341661,1.181980022325101,0.5921883434828713,-0.5881576996675705,-1.0063138196892882,0.42036872733197017,0.4701640904990564,1.1428510261637275,0.7347014971987786,-1.245343261321454,0,23.81950749685421
-0.04010614998947921,0.09810087948139971,0.3552986697514079,0.34930442639651027,-0.16604584840799952,-0.0011669416241674223,-0.1721778289849713,-0.18481544405859798,-0.3288573090192882,-0.6684418956185149,1,0.0
0.2677363201807271,0.33381909479395194,0.0018871682063126385,0.35717443105283275,-0.3585938269299375,0.5242939558630072,1.2187457963138562,-0.11396811467916027,-0.6556857270514164,-0.21961254688912954,0,11.065617473448908
-0.2732841643085249,-0.6362564219349174,-1.3691309501498197,-0.5211114961363948,0.2909559314716495,-0.6063975219821236,-1.4437523692904408,-0.4484718829307116,0.2640607360270856,-0.6484396672666776,0,7.189171762214229
1.3887686696876063,1.2292161163886033,1.0733010969429033,-0.2981683109405969,-1.1848802778678722,1.5926429748326185,0.8683980616045758,0.8196009749613931,1.356943200341644,-2.282052442233301,1,4.466849196341364
-0.17875570951457606,0.10995154059878845,-1.5486233900821844,-1.1779531586053316,0.07565186064746415,0.06392912892040349,-0.5470905603310535,-0.8920956326068671,-0.6602994147362986,0.884134435134197,1,0.51176658598256
0.2563782314465208,0.2676630004902985,0.43448394756792136,-0.6394949699667042,-0.2833271535581091,0.2850215792285913,0.006572480299638442,0.5144018939558138,0.3603499128698851,1.2696823529479049,0,23.439017605105185
1.1767834967747257,1.3392835168974933,0.40276230538595303,-1.2804033455633754,-1.3233658059150741,1.6358640728708924,1.33732038783609,1.018087201848608,0.8529401490583942,0.6335604779983861,0,32.418709667707965
-0.7596988087798432,-0.18568900411927783,-0.5213872912907348,0.9615787256450579,0.7443927680397158,-0.21511380052778886,0.060224210625617655,-0.4014357751447222,-0.0939601117596894,-1.1922974889860491,0,2.645840085208752
1.592349630263639,1.8528245265474435,2.1145553611940784,-1.2857790213552742,-0.8015721215334436,1.545597537977105,0.9929771247732689,1.836903002705568,2.3947985391113105,-0.23692625999991415,1,6.630939440668987
-1.517910350288572,-1.4192365463611265,-1.8129864080753455,1.2290542276757646,1.2551553340469113,-1.8403258699291227,-1.7960254636499176,-1.4832006603274999,-1.637948348655634,-0.03796225219993026,0,0.0
1.6636844338482102,1.4531866457341223,2.0229664606250437,-1.469936776741695,-1.3623536829130891,0.9930201113922625,1.8680777405504443,1.4425071387247363,0.8666159139885968,0.5797527988547191,0,23.5228123218272
-0.35225065057904487,-1.099552204014018,-0.5393776105229185,-0.218031349466971,0.29545770641218116,-0.28402897621702017,1.2973464864417483,-0.47066072732167225,0.17212029632656387,0.650723487126738,1,0.6384491263790633
-0.22138986752785175,-0.25334249598158687,0.8727209156292721,-0.6065309823163505,0.041468072610163303,0.6376680355250908,0.570477481627914,-0.2728844353070545,-1.007914050646597,-0.7805200405865003,0,5.526697107545036
-1.879904332210137,-1.8934511756748635,-1.7651556727954134,2.0170877558794738,2.3256060758889765,-1.887672652644645,-1.7960254636499176,-1.7876360862733258,-2.109901866600737,0.052367807723115486,0,0.0
-0.43492826009633023,-0.2895812101013114,-0.8506287828775804,0.736851093935766,0.33751927616567334,-0.42851058261072955,0.5681049602165076,-0.31567191258197197,-0.42093995710136645,0.43534002756141904,0,6.798910059714168
-1.0239186241463598,-1.0195484453397055,-0.42810257831939563,1.72194056292111,0.8540592012202612,-1.7522263198067827,-1.7960254636499176,-1.1319693188564002,-1.715534646532925,1.4543361756636537,0,6.91675773998598
-0.5888194019816465,-0.6520639981278051,-0.736929486429046,0.08799230222206673,0.38022453950467827,-0.7775752420704012,-0.8989653101866231,-0.9209454586856156,-0.4208733375970188,0.687630367171234,0,5.792984120984631
-0.11528536389253184,-0.6381494662639766,-0.5862077458224394,0.4570112253075162,-0.06486205319533511,-0.9096238344846547,-1.2428180271652893,-0.351418758683528,0.0042172724764411,0.7739124482367157,0,4.730931406407254
0.9872647938506076,0.6741006283736849,0.5446108192027715,-1.0221968431282917,-0.7906874416871458,0.5953628974365394,-0.31452054252083317,0.41259271834405215,0.1317111234576134,0.05423638708742796,0,22.95926452008835
0.23197464779901997,0.37683910239013874,0.17674575707834891,0.41625335105319206,-0.24708168755770726,0.2634900252608851,-0.011838544869933024,0.10540810152925832,0.5996355803072438,1.4080437749548922,0,25.23540619940781
0.33272852866389724,0.8479615217639487,1.0870564303970056,0.23922466587210878,0.004509359600959567,0.7856760739593249,0.03391356192539895,1.086858584201376,1.5663194789412056,0.38684906354968185,1,2.826007965031577
-1.080010374164537,-1.0563748396263781,-1.87773543275145,1.0459126163559889,0.876347859612475,-1.8749024358611373,-1.5695876130739104,-1.2991019427581523,-1.2767142669891665,-0.9100338730864925,0,0.0
-0.8637844983188856,-0.7202626852464566,-0.6913095710467908,0.5661564906891076,0.632876012468038,-0.18886330374106086,-0.18125425975762577,-1.1967287505973805,-1.3175716891688778,1.4008093845190042,1,0.0
1.8339172205812344,2.0587561151579608,1.9039458157231064,-1.1050440909816825,-2.038719559219444,1.8287156442938761,1.0454291010145782,2.452464209498598,2.731389448420542,0.680891837910843,0,39.33811148800935
-0.7172415657518693,-0.9235564803351539,-0.46825107261361215,0.9588845373952345,0.6254895822266204,-0.5515046857778431,-0.7374121791979116,-0.96002284077974,-0.6203206361102817,-0.4834267320185524,1,0.0
1.6904312257615097,1.7440530839717112,2.1933574249619174,-1.8483429520652697,-0.4011073236385381,1.9335901681851289,1.3860788166774234,1.8059049103305664,1.7445608680188345,-0.5206223020794539,0,22.87141796427614
-0.2217547835418505,-0.4265259125134512,-0.21713623591199033,-0.5167562271315495,0.2524296807931781,-0.08914015730258301,0.4111771299541082,-0.23702362059053259,0.31189900068357784,0.27134327398433616,0,20.166680037603395
0.025262922743342364,0.29562374330150415,-0.07805626964937,-0.18395043879362108,-0.18177991975382876,0.05796997675894809,-0.09401733670243625,0.3551777881450652,0.42761590827086304,0.44136536433095835,0,26.592824300645532
1.1006039301737458,1.1126309996758272,1.2765920410318061,-0.17137525921604485,-0.829961190437773,1.150934380600064,1.435015063558681,1.634338948999752,1.282559656195787,0.1700262660400999,1,13.839939620461106
1.3035017391930472,1.3518749378963388,1.150869697883529,-0.5434909435802432,-1.1631462877762058,1.3712595815815865,1.4592668633861674,0.8174076903383164,0.7787965375074754,0.28637819713155144,0,28.714347529769388
-0.08860674793330447,-0.3113994493243307,-0.2951861699487136,-0.5193660821330222,-0.15317377667059326,-0.47313566448432814,-0.05841422789568949,-0.029692976805579377,0.37542671009563894,1.70347211445078,0,17.353301978127714
-0.3679239914504377,-0.12957948924617838,0.013727881076033595,-0.30450672033225074,0.515422867134736,0.3195378478818299,1.1226787548309263,0.1392018912789234,-0.7204510086186109,1.0621853935471204,0,11.54065751928337
-0.0333413257096366,0.6078809377171945,-0.40564198673024277,0.6926005488391855,-0.12702673527246108,0.6471458148960597,-0.24596821122847623,0.20013441142653454,0.042830004409455634,0.16323323570334766,1,0.0
0.3632153377750062,0.05436859314293413,-0.052234410446068566,-0.9265669983690797,-0.5613594086169711,-0.07513583124902659,-0.41485098127614717,0.3020154153829157,0.8277491709215338,0.9292851253132208,0,16.288983556348875
0.920324694915452,0.791148538989058,0.4592147026626684,-0.545010057547545,-1.084925984163411,0.7489827224132841,1.718953636298617,0.9451982979280344,0.6521383429498283,-1.0849815781419083,0,28.235416459098424
0.027218052229745913,0.10620613737816076,0.8402731159973393,-0.3585894329530733,-0.12182689600908243,0.5795301773339497,0.2614433440924358,-0.03678341474894492,0.5761992095370511,0.3747708729548787,0,23.271243650613197
0.6460546489321842,0.8680117366892388,-1.3737048409470642,0.27956121337153456,-0.7466102933655987,-0.015533440700087692,-1.7960254636499176,0.6376532290901574,1.1521750323341902,1.8150610047390205,1,7.690333624802278
1.6724613216989843,1.446945018788874,1.6333867789508267,-1.8780342943644766,-1.801930500351707,1.5984732829666697,1.1302167559174408,1.144447825904168,1.0348603828804865,-0.25381972260817537,0,23.15127056327097
0.40686225081331184,-0.4550905600363079,0.36875779871905423,0.23852624443924098,-0.5978064876044256,0.020271193407845087,0.0601178105898869,-0.5212726588448482,-0.7266406945804343,-0.8963042988543456,0,10.7242368133272
0.33673177264022003,0.7440408160814324,-0.7119265290987434,-0.20623953472455014,-0.2361701407922554,-0.12738558580009926,-1.7960254636499176,0.23965003506891958,0.08112360719039413,-0.6967536950503496,0,7.140033220641403
-1.5062812123785077,-1.2064645366123454,-1.0530595845556605,1.4401145389855323,2.3159657218874408,-1.7100482256494005,-0.572319308569996,-0.6917154493248316,0.4004491875631933,-1.1432605410547987,0,0.0
-2.6256617888051115,-2.5659123691526675,-1.87773543275145,1.2450450322689857,2.6817265892182007,-2.1416865679860444,-1.7960254636499176,-2.408709563013862,-1.5037981670003298,-0.8321444017290457,0,0.0
0.41397642305181787,0.22405251836075302,0.7057581290390647,-1.5344222558163765,-0.5667613601153385,0.6946343210212267,0.7380017205533385,0.45435584093789,0.45276951391064313,-0.4094049765288612,0,12.37728923043125
-0.07250968545097768,0.41422795337858265,-1.6300688503209002,-0.06261221330100954,-0.10665480457126528,-0.4026375153181204,-0.5213263341261759,0.20533436128213037,-0.08378957317962209,-1.4656661455602098,0,3.037209740113028
-0.4953241839460863,-0.028123019513531848,0.4150149473414194,0.5537406900144153,0.29924819692089216,0.1435623055213551,-0.7680889422703978,-0.025239471877874297,-0.004709728899858615,-0.015369092275739392,0,7.693736787990804
0.2681458320515855,0.5511372330775625,-0.2065023033645976,-0.8379647869758059,-0.47178503930056914,0.6807015140946875,-0.18661855166609767,0.05604535725417694,0.13391331705899606,0.8894521541955881,0,16.556745919300678
-0.03785509629532005,-0.07944868477738043,0.3889668818869372,-0.5512452214186744,-0.018331836983765788,0.2905974182340889,-0.4172510981142353,-0.01392479913905616,-0.5465703336827444,-0.9576581004789669,0,5.3134565261861
1.1584094893265697,1.1474669647285058,1.4131934716860448,-0.7255493457239514,-1.1600541403698597,0.9249619000462969,1.4205582412937598,1.579976809679754,1.4788727399865425,1.519097730827676,0,32.23178688567502
0.10965591815050804,0.07584083389684462,-0.4207403776227727,0.19179612698297194,-0.06396938771762269,-0.2804880635231731,-0.3702288106040171,-0.06377573548759594,0.4589147834707752,0.4899478500551914,0,6.861909143671276
-0.7290435367799266,-0.3490761456587393,-0.19960933173964285,0.5549306765698162,0.7382863696738906,-0.3593785630156915,-0.6790833717196539,0.18599795947980555,-0.6016330280499778,1.0203837457044322,0,15.038533657297192
1.019859591797119,0.7247701306977452,0.6266884513983445,-0.4889737752746061,-1.1614919207879506,0.8239194817324227,0.019212525735211008,0.891289813744052,1.1522240791198275,-0.702617055080099,0,14.292056311502517
-0.19564831392908713,-0.4211887561244278,-1.38609666265573,-0.458479228477732,0.042189798557106285,-0.5102851295300682,0.3189171321580445,-0.8067477156116428,-0.2034619672926449,0.8407220519156716,0,9.995100225226558
0.553076982999096,0.8463661470684735,1.1657326715042517,-0.6808487839509038,-0.5167395321725446,0.7142010429397365,1.4952768508697727,0.9540660194992141,0.6298812945382338,-1.1456085352121566,0,15.723376818784285
-0.4576980558077542,-0.4427758076698942,-0.8304862438673308,1.2605253423448306,0.30570545645357317,-0.746590164208096,0.11821999542195796,-0.8516760416744668,-0.11787772016985046,0.8771760642449289,0,12.262124474776265
-0.6312868036713123,-0.1796173140173122,-1.0217614224237765,0.578285854968899,0.43093032526112696,-0.2967498706402011,0.03420804794227905,-0.6292244293516187,-0.8917729504534383,0.14405195997327022,0,14.006220501686176
0.10770006857738171,-0.08934835459381746,-0.13998931688302363,-0.03697524202972303,-0.23900622815400388,-0.0542741910870245,0.10025691488856042,1.1020857898952154,1.1713151157646775,0.5332767185253285,1,0.5553387637082825
