soil_health,soil_organic_carbon_pct,irrigation_water_quality,synthetic_fertilizer_index,pesticide_residue_ppb,plant_quality,dietary_quality,pasture_quality,meat_quality,antibiotic_use,genetics_score,gut_health
36.48810788750296,2.9254629527720795,24.993891917863824,76.77873281642569,278.99694958598775,8.958913996296602,23.081021197174692,15.098562783373541,15.537048172461393,0,-2.499405714873573,0.0
42.09860315446791,3.6078017700408496,20.244892359688002,67.21415191566686,260.0343711873646,19.833843321773678,13.184827411657523,22.364049607539528,20.234921056036292,1,2.2909425725907417,0.0
71.94456436506769,5.621242272550544,50.43482186978306,44.632238731418354,141.42581329694698,40.543237849599166,40.867127223841656,41.369106352792365,27.325547399062366,0,-1.389572466763596,11.196500791717447
41.033039915515985,2.3644633013560803,13.937658570873197,52.893087686140106,265.60031918988534,18.89229607494246,2.9169236638778795,7.724491630608937,12.78689462069277,0,-1.6453987469568918,0.0
69.26412584198246,5.324743125564402,43.6085538798381,31.82723771284872,171.28004234841185,43.41382269861236,15.633281237604377,45.487409014364964,38.955967588563304,0,1.0225704320096403,22.201637881390226
32.657243870795085,3.009488743235515,10.0,75.95079126134651,291.6683240667438,9.45508645325678,0.0,13.976073110776664,18.986397744937136,0,2.439752406339273,7.650844899837041
76.96348425333336,6.0083907006451165,60.81367130924593,55.811163258571106,103.8836007113468,41.63112532028837,36.57326970981517,53.246971497994856,48.614336771480914,0,1.3842728185105182,24.996177088448558
35.34953370462982,2.704770995113112,31.91056699083739,73.28471583440508,276.343829087767,10.628414596518516,20.957282205285306,24.069017529707814,9.78135082755255,1,0.5639091200523596,0.0
71.04599875359047,6.176868153240206,32.42957182266987,51.97666841034911,122.37711021169876,45.38370317670419,23.241971433236653,44.79664036112492,27.51157074367657,0,0.594754341665286,21.67643513769903
72.51261867292001,5.44502288020414,64.09769052604973,37.9500433524918,116.32633116302262,50.53735563576279,29.16475292516936,49.24859403216542,31.396877785013892,0,0.8534155587803077,20.896120845499542
46.064563631408504,2.9137634813912308,57.21934580618449,58.131532719340676,267.34174236923985,32.172458465621354,11.560250720953883,26.419585175631642,14.237234494837796,0,0.7589285897867651,10.797993819041498
71.64053134169454,5.650926947572817,50.608435806549586,35.39877556893217,141.79827698443285,47.5230962132533,16.39689376166755,52.219132463790345,40.19530585988655,1,0.2811914239693758,0.0
65.20884526667112,4.974620645709321,39.23504908442333,42.77011818898231,167.73038620943382,35.053314154633256,28.531947782724657,37.69048195972484,24.785376577951133,1,0.10420110395187607,0.0
49.22316287614524,3.454729870214992,62.699519923332126,68.02058599138363,232.33440855530316,36.329971616028715,25.39864397411597,34.20995664302862,35.23198255924521,0,-0.06259312789952241,6.5684965945013225
39.82890631847584,3.0986232775287217,14.69054943990798,86.66642889244281,290.5571491758532,10.231961850314015,6.734679064095113,15.33475024626063,20.122765989099236,0,-0.7539645888666763,0.0
20.74748616654842,1.9055517169472656,14.724304985274877,93.56868400568744,345.9493564562467,11.475668825385478,0.0,6.7112913046101,3.9999422264467523,0,-0.28067507686677406,0.0
66.99300094599387,5.354795794895602,48.691323388514945,57.251931198907194,179.49711707173287,44.80799601105918,42.24485086181775,43.348193091794684,41.61238416518328,0,-1.6929568141953855,9.60544298143625
28.703944572758896,2.449806102163831,33.54423740545537,69.71857857568487,308.3518394302639,12.041280508583496,3.799978426183488,20.469021019317726,21.858003720167535,0,-0.09833962679474989,1.1078618939209295
61.906883988826166,5.859254568363805,46.932208543446194,43.11754990540547,212.25702832218812,37.80313244720614,28.841047489215796,41.575292587163794,28.181077844495057,0,-0.9885911071509175,12.528480333169586
54.73103567835502,4.20704342348962,33.325386016963996,46.57733391115298,214.11977139144167,29.282709981010075,7.397270245698753,25.49103347451945,8.321413852333833,0,-1.103589317215771,0.08691918057860604
73.58285550876391,6.025802758023448,41.99615515225517,40.190479581734316,116.89796024680949,40.42022209444554,24.748942844429305,39.56463900780758,28.061475148883478,0,0.17989415115347845,21.7830629873131
53.959090010202715,4.06212051951665,34.35314480468055,51.73340936764432,209.97797853953494,31.10212041441445,22.547373919278066,35.15887371825225,22.404007728884743,0,1.3920022863445993,12.582635559371324
53.411044273058174,3.8497036819011674,27.318457381689278,65.34623097135217,210.9034433654292,23.513492387570086,17.900371796347017,24.20750962966143,18.444162880961212,0,0.918316606002313,8.689506692423299
74.63741408576591,5.678539300152388,52.724443057882965,24.19056537464479,109.49051362025482,49.74554928976121,33.57179538423779,44.68718411394949,33.459479312752286,0,-1.570500603623177,17.340827670645588
66.70116058168234,5.096713560773744,41.04885060857277,43.81521109817303,157.74780957612387,30.911516197508575,24.048665464770757,44.45309449691326,33.02988147814714,0,-0.9896281365703375,5.961164457679963
66.32311914365556,5.4855874302660075,31.485805467661386,51.919175788491515,149.0033702287195,40.228238796776374,17.104191569640953,33.70041491314115,27.28973215047217,0,0.9407711879882159,9.08203016176454
69.38535179617053,6.7253660370440205,61.121204141068404,15.831014903342151,129.6568972940134,47.39744087302519,32.387317410983655,51.93296720949589,32.33146911229193,0,-0.9824873935383096,15.545127218317967
29.288557535857883,1.9850628847307106,15.525265040810122,100.0,356.3722636731352,1.9385834553900185,2.170140713845731,7.716626254344021,6.825061275657122,0,-0.2246331499970246,0.0
75.13577359973964,5.8025492351714405,39.913673470064616,31.466403781701857,124.94574597646445,40.470521287086896,28.15922031016697,49.69266751412386,34.527976695006956,0,0.5500520990245519,22.36715522436451
72.24937588027204,5.748388563866139,48.89197177131501,13.450145155613882,158.4508623075283,40.65771263627643,27.006274952133133,54.01435107057455,40.883976720435264,0,-0.9683444548636353,18.29258116698235
39.66633742847006,3.3712064186324784,28.450151859605626,72.23078935445137,275.9450754626283,13.029742021218407,0.0,26.73448991058239,23.96370852409307,0,0.1053755061459599,0.0
55.118390526515974,4.54124664809867,21.118206112770846,55.282931089161835,197.33446364703525,20.294974604265946,2.6493354759010757,32.8964237589436,17.83542270390587,0,-1.3340254949182044,1.2119516398984678
59.21385424744738,5.379156236769849,44.76617464447079,49.8034131976827,185.67882920817186,38.355306137960014,7.2168035025976,38.65489041044174,26.895446507869153,0,-0.6013676439512137,10.363596750070833
57.31006431196535,3.371609109689624,29.645469331473095,64.58422904315465,201.82233918207163,27.601752532698633,24.481415225016494,32.20112448646542,22.833564742847322,1,0.31978193414253697,0.0
66.67719933137069,4.140711011411819,63.784327623867355,52.292140325753984,204.45984151277077,40.10663932453958,32.690575638832314,39.246525975584696,26.133275240598895,1,-1.5929937335316693,0.0
88.62733563662367,6.842247764924819,67.27874006640391,24.947178655662473,53.616924178659836,53.809827089655556,41.72478993805308,60.038253731165725,49.200721322936595,1,0.440474737960399,13.040744180719607
81.63533455345657,7.0794768580483804,53.14573428632643,33.766533053903196,118.71675542573303,51.84028238827138,36.15050325206802,53.65286831209292,36.11068777846387,0,-0.019637798926681216,36.0693173158911
33.75561613137187,1.9176252747069518,16.177253588786805,74.99208247537108,329.78733658747205,4.985310296468673,0.0,10.728330572359415,4.296360635418799,0,0.5524899544171478,0.0
72.44139980612097,4.2914958146428,49.65930278864844,58.864490384759605,137.94457187886636,29.06324792898217,10.677427219556284,41.872745104165396,27.278271034172985,0,0.22391413406466143,17.028462411834447
86.5786663907082,7.21188301436626,66.73297388932863,5.670981388998609,109.92000965496568,49.05382023005021,33.248306490277535,61.829887208033014,51.32946155267496,0,1.3641404299738442,30.822448584915477
67.73617041378405,5.540722244954082,47.160378003796836,43.93964967680671,145.654007703649,39.40488623680716,26.697320076259018,48.64294733111489,33.424170428991935,0,0.12522450264790727,11.311873435643854
81.81960850371934,6.000464476897832,55.10213788123497,28.960687070546026,137.5166824360945,44.32064295307403,27.02643221428195,49.35159966514861,38.73830854362899,0,-0.429405541125253,15.827767069173092
100.0,7.507230199639535,70.58370290817895,19.759364872775116,24.265847079110635,61.649105762875045,43.02325636913475,58.30787253555083,53.40613873163916,0,0.12229750303228377,34.928812513748426
80.47419092213963,5.953063413953833,50.29334433312819,19.39956254876158,82.8666685530047,46.78141404728583,30.501132792217753,44.98836670805301,32.9424174812675,1,0.5432980290363879,9.603228934890254
64.98617191283458,5.254161411763737,42.058261070553826,24.08975685840699,194.5338643675643,39.30772729338295,26.516186465109815,41.24690686515898,35.7866922409759,0,0.04886007032570433,22.270841423873566
80.90176948169507,6.158983920444102,35.7733142481365,30.98010671148325,93.46387277953778,39.2078828031472,20.37260115938955,41.84222588495127,39.28186968018109,0,0.04059169120388238,26.360246217253724
62.89775666193783,5.278852492442787,53.76569197188015,50.47700924468542,168.16525902377938,35.194247996371914,30.73234908661447,38.160841850881724,33.10711331431226,0,-0.7019916878067554,9.929492270074745
60.478060865699106,3.4109315378037337,45.32262040920699,67.39713204767268,182.70787340872005,30.384590295347046,16.30381082253251,33.23205585388861,24.157420648459574,0,-0.6629009175509482,9.474849532317759
52.97171528572535,3.8093112902941284,29.345642259673443,41.78394015837361,200.75469837760483,27.90525435327786,7.4932226654656,25.9236010154704,21.93093444947571,0,-1.4026052717996935,1.4279848097570478
91.26826717664215,6.738434393675847,82.8751368372019,32.58805802395848,49.33939817431056,48.23462786218971,25.184516007873487,60.072758661322915,38.306477481294095,0,1.7495767431869393,28.581386447244597
43.63142668115997,3.362343795306552,31.412163480735845,94.77754568716549,272.3202001225249,20.365652594269747,10.449944655379493,24.472760717207414,13.58705510090086,1,-1.243863235391285,0.0
90.64735449356232,6.982764480239916,53.091712425741655,14.819466856167956,39.59318240774395,47.42051345859893,38.77535605504008,52.07592914378424,35.760865698238234,0,-0.6929051977959073,21.678054585863215
69.99728247480743,5.998704487932478,57.56547194706979,24.511410891273876,132.3857108189267,46.20808827002549,29.69711338803823,54.961222235033574,51.861343343682584,1,-0.7184072655691974,2.2884121949210856
32.01387650396117,1.6314417344868648,26.390195717865442,73.10243109955837,285.59087076096046,6.451329236879978,2.704178252246794,8.262510736591178,1.2415434557948686,1,0.8949243769444413,0.0
67.35298585982844,5.410984606951652,51.0928899567221,42.81507374862813,147.8646610817009,40.578765052772575,16.386889886201157,44.14487749778211,28.37004540909225,0,-0.2949496782920278,8.566994823656081
17.99946984696752,1.7191257993632545,10.0,98.76598465311547,370.46450366307243,6.6247265681972145,10.5899329879648,8.860926389030087,0.3828859569978018,1,1.2477420726737338,0.0
72.51016033662071,6.729136545210634,55.26206947341484,30.393102905322717,147.52364331052968,47.938886068596474,25.944658712400624,52.453663082894785,41.53890951056791,0,-0.6734906242438685,20.875000698656866
77.70462965977981,5.975487387235647,51.77565785963492,50.95775274998829,151.71812066357822,40.86305963284189,25.76076588981654,41.06130069773527,30.898500865866584,0,0.27899416222380197,17.579691947593552
48.152880886958926,4.014459773132972,39.26643113732967,48.472731332944335,236.51353120342077,27.001887647577096,29.39269158598003,34.96300006393689,30.859088005560537,0,-0.8353470532597573,12.747951219142088
62.47095391911164,4.09574491724775,24.680223203271762,26.658584254814755,163.49940025684708,21.789855494744593,18.23351271997842,32.38563877290209,27.00692441202885,0,2.1451491277733883,18.238475415736172
99.08314867500573,6.730673791843946,65.01946944271212,24.197376416442076,55.43018626786417,53.84849597700152,21.975490003329597,52.726767176554745,32.30941627439651,0,-1.1875984190295128,16.139629531898347
49.88506591476127,4.413192461071752,52.141097118414834,32.819481710764336,240.3439074175189,37.67235362187405,10.330947963398359,40.703403789317456,25.686487849613616,0,0.3098207102270275,10.29735455833604
38.82184825886799,3.1029677138854037,19.504619227204586,68.72859451465942,274.0346826636291,11.533192748945208,6.982091685860417,21.5571621095837,22.12394356623542,1,0.6337768809320985,0.0
89.63326804925197,7.759917788839369,56.70490465954451,57.7789055012446,67.33116972187185,60.94143576940879,29.91000833111728,52.72433904141569,38.151746062449206,0,0.41379909745149823,28.43332697342773
99.25174381061589,7.253438060364396,64.99660728293136,10.60373355386493,54.76653983895828,53.68376004728292,40.082818011797876,55.82387784694055,47.474560609127884,0,-0.1852876588777083,19.004785733368525
60.07391343695695,5.0658641447209325,29.903678046983426,36.476874754688055,192.61284136565786,38.43392960441122,25.320158762587127,40.600386421895365,28.997301692318892,0,-0.12982069973342616,12.838253465814951
80.22926070816712,7.352749776925296,34.077674733434456,29.081969726391357,92.2262777410923,43.23176790498264,29.423727290429618,52.41948359915902,34.02339745430301,0,0.0438114719791096,16.572335531184823
86.82951831061763,7.156214269028043,58.47479883219621,22.560872225947968,80.28344977273767,44.14021843999109,23.037196532855383,54.17072992767741,38.69497315414159,1,-0.14700200162848862,0.0
45.150315349232315,3.7503159807341095,32.963814985279186,66.77748393500508,231.190911320346,27.99138261228301,32.1254679402776,23.970071869283633,12.351158019420406,0,0.9638791167949097,5.6625470127516
50.29388329264263,4.027788703823586,34.680667619463314,67.65327249327281,218.53443798637716,29.366453689859956,41.82894472249265,27.392660310682025,16.956697131910435,1,2.2105230015913513,0.0
84.6174902630947,5.98395849248462,57.78345756468741,12.913175716492436,75.0349395390345,46.36520616788983,27.908706219074674,47.926038440744136,36.548955250779386,0,-0.5574917850078336,17.432669118818325
93.70028557417018,8.173809313788789,66.020608610423,36.550291088671344,30.10934977439367,57.56422225415768,40.2410584525225,60.33664135038791,47.57911779942824,0,-1.3698029795790778,25.282097506493727
71.2576172034871,5.3951805563764355,60.10874675794861,41.68375420898431,121.18513021845976,43.4334768834725,29.011098718771628,38.34702586776334,20.275743458227826,0,-0.08828204835125482,18.104296963037854
42.403712929958914,3.6445386625882215,27.77813719167907,76.31781562686274,244.76752805840925,22.16093536514452,12.327113079815389,29.5559286377091,21.26657650988168,1,2.5797093376543185,0.0
99.74122223398882,7.197780625433479,64.07802979291947,5.0,22.349153611414785,53.562913714382255,28.15933017248609,62.83872589127651,44.00246710684959,0,-0.8036745679697308,17.11495857512664
49.38058204376071,3.360716731246967,31.75515258175163,76.05600360018569,245.02051504987807,27.344797086574893,9.094374206429862,19.207266545682987,10.349341528555255,0,1.6391168054440675,7.699001779459335
53.297244376570966,4.9813232497367945,43.10153866116743,53.61812671767226,284.95060932113597,35.959927901208005,14.28917501158101,38.52766301008368,28.667954283621864,0,1.6777008140764407,15.139872228308198
66.84675668979243,5.174089390704473,60.91299846828719,46.48387347212995,147.74769984683266,44.9335798886009,32.44874713198375,40.33963947683307,26.90152667536769,0,-0.5535882417079946,12.779706517162118
91.08320841429548,8.013294411164912,57.47680849831505,7.7195186594592045,55.745324470919314,55.547752731056384,31.948643449557572,61.01672376568913,52.33838586711699,0,0.5689830791852754,32.68657011594225
77.07951953104447,6.127246232954299,54.94500154201996,20.95730095213001,151.60450326273806,44.07104631485104,8.019837303528934,48.072796416129655,41.384599462041045,0,1.628396623128538,23.346026682615452
68.29731000723821,4.542835914100128,51.19169142442634,49.96115367019638,136.80673388444117,31.893726306975026,24.289787864320346,35.84554379432604,32.219466025435054,1,-0.3791277409874871,0.0
69.26577060236212,5.987295448054831,38.56025935436526,35.41094743514925,154.37560769247605,38.322347753853975,24.603435780291836,51.80507849146799,35.7622816180063,0,-0.20358036010236177,10.758868677809861
60.87029337286932,4.574677310951742,42.8133770331377,38.88382957707816,192.47297320858505,20.446714663366294,24.06374854239726,34.4459139064362,20.317664900379555,0,-0.5816809139486437,7.0227265717622736
71.16279029037013,6.0423676299881315,35.15721462983813,31.119009605305507,122.97999133910012,36.94649072329239,27.00019814686813,40.25450365685535,30.06273042657854,0,-1.0147567306928669,20.55243879056104
9.408798446113941,0.7653093094591564,10.0,100.0,419.9845884313688,3.234436328520886,0.0,0.0,0.0,0,-0.6492775450660071,0.0
54.06785081860403,3.5538689515168875,41.51495965194539,48.383694846952636,226.45919794633562,30.25284595583557,1.8269367454532741,33.45787670534706,21.272838607240725,0,-1.2239402667622565,1.1773116997732447
64.82643869833562,5.268262478552134,41.5397596755271,43.76170212243841,148.4084300678509,36.072793119220535,17.691536452789848,33.19802035730092,18.41728844711324,0,0.03408346825922607,14.10558534323046
36.97971832760986,4.056489037285188,27.908606905539088,73.20061467583531,266.59524411946984,11.188842730251423,2.2718884091142035,24.605563550562053,17.390269508912777,0,-0.7699732310586418,4.920245962770766
67.7264663562312,5.664610537755725,47.22957667927834,19.26534701164521,136.55633445187962,32.210744898444474,28.482257791990243,50.61908140621781,35.370760921709,1,0.2337859117907477,9.244107093765766
55.910575580277566,4.444087169919474,29.37340241955632,36.43590755524022,193.3272354870213,28.812715590357985,18.657297675416103,33.162022998634505,27.60710224603246,0,-1.5558956462036273,3.66806236764589
95.1095139663098,8.146432818283234,66.12411675677349,18.925820704660943,34.77803934528214,53.25175764632236,43.6831504548976,65.23102308380417,51.996505087226716,0,0.33088023221445706,31.483466326884592
91.46039450429713,7.422165792945326,51.69126310285942,9.695253161870507,51.066948435594774,47.000358358765496,19.951568487576495,65.4996337158681,54.311033103965336,0,0.8335289616089246,29.907120542712946
50.68388861763674,4.159478204542337,49.38844561235972,71.99681031772829,213.35806025387245,32.730515856855774,28.996950381999838,34.68953192625153,18.971490301528718,0,-1.9937356425714554,13.790161620437878
56.983245768666094,4.012847075413736,26.328568589466624,64.61843948234043,229.18732957264928,30.823445536704064,25.803152826305,24.595557980293723,19.669908048328207,0,0.37405656984757213,3.171614051337655
58.52104868783215,4.7986079079213715,39.00688137179669,60.108975308433095,183.39723107242972,35.25973772084731,6.772956627101184,34.40961079755035,21.485720763972427,0,1.2276689924732922,10.941581462935778
50.966810476807545,4.595066546353076,25.254051453292792,80.87045097094362,206.8717996782854,28.535364074502073,29.128929378512527,25.2986603567722,12.13649304771287,0,-1.2096410186912054,0.0
63.90049968056253,4.694008898394991,50.43456151000173,45.10242838651927,158.7578901744682,36.7865511650945,24.658926191442248,43.5413205086072,29.885553291483518,0,1.6725723868377034,21.135943085256763
44.834358622248196,4.2989966004033295,28.069737322758705,72.95222448859786,246.84341074827032,24.697292771906426,19.189596332687223,31.462049578826623,28.122399401236674,0,0.4190190093660452,5.051967839545336
37.38769330124947,2.9451624520273945,20.984718114662524,65.59949497959816,273.4641564274282,15.594528437828721,3.217274585161288,24.134836091733646,15.370051488482105,0,-0.7050118557584089,0.0
72.45422447800537,5.3524532024711595,59.2499725851193,66.97421447641932,122.09202462915623,44.802482920981525,39.32359000201377,48.4304373514833,43.61413976629282,0,-0.05576907765770601,14.385314422731529
72.59059168443622,6.30606337321502,51.10772009588087,61.21301214479601,117.93519896403639,39.91151122031454,16.455663659293492,45.895816532310405,36.641317812187495,0,0.5583269125217224,23.21790539259027
43.91368480680015,3.3696976666748775,35.90602382411977,66.22888040741336,269.765873836894,27.476799742657157,24.51665597971872,22.10423652767298,13.745315643039147,0,0.0760053914124115,8.794557295947115
77.90710861525199,6.612326132963212,44.721716665501745,36.73192614361032,203.95908545136587,42.85564302852304,34.42102777580935,48.810937211742015,41.67924433421039,0,0.5387559924463692,20.905592751407383
47.368445416693376,3.643596317206202,19.109742352410294,78.9431257756843,229.04841759382077,25.009668558209352,8.462945137458302,19.200812919401418,15.845826013418833,0,-0.9206735930793662,0.0
65.06330476075962,5.175151309095818,46.61639295293307,43.1710211814711,156.34719625136452,41.98780004932746,43.159058827443445,41.206282535370725,25.620222910087872,1,0.169360824036078,0.0
76.40688025224912,6.359330522347076,50.29635262162707,25.71363089815442,118.33976108733938,38.78015947450534,27.059331500168625,53.97277726792026,49.24757926503745,0,-1.4137144969049802,18.315237467521975
59.32774870592574,4.891668425269063,47.79377081868746,61.16012830615685,196.17175439485044,34.457281197641635,27.62837366063526,37.56788825678172,28.760944378225666,0,-0.11122606134870032,12.616747689255783
69.09481824282268,4.529819569199946,47.567288243350376,41.84645271018136,139.75434288365395,31.909629742094438,8.524292969675338,37.57839720015915,27.69655900443258,0,-0.9039076414647897,10.170473061738935
49.67140712224857,3.4130906997326895,36.82073837792029,62.52452627349456,258.4428248058721,18.419440729937087,28.914476498527627,26.182120014308015,14.518422356047363,0,-0.7355299425897666,7.165084941590213
56.07066833143806,4.950358458910452,23.015642532594203,43.918075551746355,200.922985378766,25.479479690818092,6.765206277231043,36.47106789877474,32.52832392308462,0,1.2360931752104374,11.410591353606414
55.88281138239319,4.404556616140682,58.0023373638178,33.50512283724605,197.2631218380894,47.1678063020999,38.85816555849238,36.58153831878308,29.3077897106466,0,1.091310120594269,17.679705923865477
45.06843306919522,3.343608994149907,29.905483298116334,67.76527584935398,251.5197932417153,25.732371042683805,8.76786743429091,15.36397595038843,13.842250847549218,0,0.609138120907177,7.191480194326915
56.464516737684356,3.8378743313860113,46.50103141977104,64.39502776024604,243.91788811007086,38.46438519670944,20.04993995507968,33.316227892748046,21.637679810134753,1,-1.092312764672579,0.0
29.027634022725067,1.7823425611800814,11.958427113711279,78.26268498836244,329.73521213458326,1.427549742397534,7.237939683641974,13.721865581322161,13.489109013301182,1,-0.3164084496948019,0.0
50.1769250571579,3.003254684591659,38.20394656218394,77.0602291775485,210.0736282050278,21.39839515404612,22.129378559531236,25.503000268252656,22.94407847446066,0,1.2130976999791834,12.375910259291235
54.302490132606586,4.29355885125776,24.983295457577157,47.250513962406885,200.00816446968443,25.3953540313747,6.33670612748074,27.08372929194845,16.24821346303173,1,0.14171691363990474,0.0
54.8764049500924,4.090893605716869,42.934161847661386,42.46714159031656,202.2372293765021,33.63222615250013,30.584724351581038,28.61549662395646,13.651170930849032,1,2.319329539981694,0.0
55.17005108258442,3.9303101411140964,35.059294913950765,54.023185231062,195.838433742291,29.908889566547433,27.800622179321387,31.62351544074045,25.912862434401877,0,0.39331783939437187,10.028446996376875
58.76471600279742,4.667115567639818,41.42720624131387,50.2441730929871,197.28015684054827,31.43354812968728,12.928179013537594,36.41320212325672,18.72838864617093,1,0.1920491164900316,0.0
69.58883036172128,5.749091744364071,55.69192155450587,49.650794414301394,162.73187279372655,37.647021268911075,37.25974457352108,45.43182062346251,34.197141756310245,0,-0.3091164642025014,14.576119028757603
77.49034148265045,7.245826284717008,41.91783592565251,23.210104628581732,120.82711786701128,60.521738441001204,27.68426896066648,60.08376483026125,42.29397511345277,1,0.1335409047822823,8.962363571124946
47.00469546303466,3.0044339272611658,26.05836951799629,79.41243537874412,313.39282515547103,19.481043605648125,7.664497681450358,16.78337379740353,17.737285185337274,1,-0.1524698363805439,0.0
35.93598289221711,3.45456915302763,29.72843083541963,97.66702065788193,275.43300740202835,11.08014287521982,11.034113861628793,30.37631967863645,19.944785886407143,0,0.7081086766885905,3.85794122060228
39.15911175513794,3.6192797209185716,48.39359297406403,70.37115992124195,297.11888073654774,16.5429682419474,3.9243990796449584,30.422654192447894,27.43949605893985,0,0.9567023167945841,1.8320478372111215
50.255941576101456,3.6309289563997664,33.7983357566562,74.74058346611037,238.02701883160938,25.01856308424789,18.372618690195857,19.155846596773628,10.995824790434437,0,-0.7859894605079495,0.0
52.961573643669816,4.3385438687866005,42.9844627298082,44.360461508827065,206.55533507972092,32.992103312142525,23.373475783319,33.842545202453735,29.647107988748424,0,-1.331232953557778,9.17477197355382
44.600078676050856,3.339189669415261,30.150340374650796,78.30257981813213,259.1742153422131,28.442682990448347,16.99114978440966,27.495578425645423,30.081460868849746,1,-1.8362053731032966,0.0
34.07766671500211,2.819057627409538,43.27682264806447,88.48965018771145,279.07179264476804,15.746258198973667,16.89427213805736,21.848848785867887,10.166262800473616,1,0.5079913269125437,0.0
50.877583450516234,4.824772182743574,18.142091745708807,69.4836639117623,237.46372712415956,22.614797772322238,12.87273221074834,24.110858672346954,18.744446155734188,0,-1.1033666061738736,0.0
63.628532402279426,5.393085708498011,45.48618312828917,46.18471053127705,167.96003687998837,38.15913893896076,26.65576886083494,40.76276637931182,43.666986662718735,0,-2.152890592952483,6.553000859671387
71.90058931671129,6.006351331953624,34.07497218607729,5.0,124.93194722498558,36.928927109347974,33.175577640979405,40.87816154267424,30.448158126863458,0,0.3885786045309641,24.318837869380275
48.851538937833574,3.692968455049365,10.0,53.44773533834088,236.15286551176834,24.868487395715604,22.490006487421866,23.952681567731,17.47722500229139,0,2.4929995174327906,26.25435248068305
51.740043557131315,3.397175152108338,39.192651021170086,50.748964230653456,223.21504504850128,31.224833149732756,26.58427987383996,30.737364720680322,26.225758289326667,0,-0.006070911539893324,0.49860823118913267
41.466033823053785,3.2130486005740986,30.421201637612235,56.7949069202205,250.5441018215697,23.232853209228836,5.907917768264502,19.8187650358442,14.244482245899874,0,0.8384907744516419,2.9843450477671465
59.371216592504474,5.353001404832315,38.71148223733111,52.09569946206032,171.2582702600493,31.43319221105272,24.629915541194844,36.36787779476105,18.083161276264722,1,0.08182935854756501,0.0
43.03142731618371,2.678930256999873,29.060058220931065,61.94101133756148,250.6378975800713,14.819623429217495,2.6047649012353347,23.26811539078168,22.287342268341447,0,-0.09888965319114267,0.0
71.462556264824,5.189459817097573,81.00678372608938,28.642099617995733,136.7139742189716,48.7465390843936,21.43393056663163,46.52097274001216,24.3023876745411,0,0.9190764829877686,21.132018193598398
24.282670161317775,2.005747481022456,14.416117732608097,73.01172805970839,359.86012418054156,3.924053606671544,1.9769840740567566,7.65929537298936,2.635330051951857,0,-0.29027454418865134,0.0
52.80740655095075,3.732265131652429,42.06642819816628,48.606437623226505,250.89098754521842,27.391597830548505,10.570177096643812,25.7651114311098,24.535281318607463,0,0.26739231407190295,6.134942341700555
66.02214678383484,4.885510019149181,39.72185455254558,57.4358437583643,157.75665792574898,32.695357879497045,27.576924372392895,37.779886016945746,25.92715364536183,1,0.3216978061960136,0.0
63.676690326450085,4.882335935251919,47.52600897892109,38.391009018019986,180.59040493867877,34.39871118366854,28.875445946947146,40.49259828341064,26.223109293019327,1,-0.6680904536430488,0.0
100.0,7.317191297904925,67.61766324944382,5.0,11.571502240344154,56.50012860512565,21.504073701880138,57.82137947827433,47.63199090796861,0,0.9920423495365228,29.261446814169503
66.99600049135815,4.872619116200467,42.7920155166534,37.5236281283629,166.03168824348708,25.878617393744413,10.194680989318748,38.07787875446094,23.658315952882035,0,-0.17495975669540864,7.767235879173911
39.91890806315979,3.5452266034464377,46.1322209662151,74.14901410255325,256.9238569611619,10.81654833620427,0.0,35.205493693725266,19.45545484102843,0,-0.7557451594928447,1.464365408669328
58.09071505821854,3.9935723135420016,52.435350172596365,57.38427880412385,185.29353564737733,31.256193221415234,16.615491381176778,30.304816856522017,23.412788042008362,0,0.5365098435704035,6.614943823736097
24.475073330670966,1.1590697992062584,18.50001780546198,48.98904819841109,337.3195937566103,1.931873255555299,4.8971229750615395,1.3230004006406926,0.0,0,-0.8984679817910373,0.0
58.38800501406478,4.356027911358235,17.829484150405676,63.87161755186652,175.13687583441217,22.014495076667867,12.371117014407007,29.220259931038985,15.031329754456875,0,0.028181157369128247,0.009657397842866011
43.33887885998483,3.833088060053709,26.727122969463682,83.89753755094021,263.61260745430474,25.430044391897546,11.811454929396323,25.04382756953481,21.117081199474338,0,-0.009118996644203544,0.0
78.30780551120324,6.166163536897814,81.8457395018931,19.089956040456727,127.20842775790781,54.80432618954333,46.02422423770828,53.66381794757692,42.020974690800664,0,1.085895565831578,30.72513711607063
49.0091945080893,3.6884450215893354,31.999819489265427,49.32322655509268,224.34930469013727,31.0226915157385,1.7258921044597173,30.27278462351737,20.13370887069463,0,0.4746982328799528,0.7108409439789294
57.664681684095065,4.635353933485408,51.39745289940312,46.93227766256568,189.69039535555305,41.68023263818288,36.98712636296467,41.67177352131011,29.099020564680636,1,-0.025026958745143917,0.0
47.288843171911935,2.9102537373231288,47.52161423986436,53.63910859460881,259.50095489243984,26.12942617829044,12.629820670644904,17.826858474654053,14.879540206446897,0,0.8177662992002871,6.185752259359924
94.77702703706663,7.829514989852846,68.5335580845064,17.910095450292644,51.82785860252724,57.01290222596768,36.43351436597668,60.60458305040309,51.08472137555598,0,1.3902075490173134,34.33364841539266
53.57514467764177,4.477729089913164,29.08438495566771,33.06655188605186,201.78213927633786,26.40563343927982,12.944755033771017,41.75420810888073,29.17716918110217,0,0.5578103063518622,14.83116697002033
96.65114086958403,7.527437032518861,43.30267529087992,5.0,21.89574551255983,49.23000250521564,44.34260647270311,58.07391068102591,46.637741850740014,1,0.010352619843380607,15.279175538541729
76.28303524236533,6.605605075287435,60.239756755745276,52.18733115973356,122.32994977077904,47.9175703493347,21.29859275262548,54.78861763586285,43.380876340641336,0,-1.3118362323501596,17.749293496694442
69.64133454670772,5.007558714260099,40.601374154459926,29.220025845116062,144.07190465292996,37.81099679945605,24.671038877421918,43.426271646445684,36.37431226734714,0,-1.0651136630753726,17.16471921400945
67.3746629463504,5.953927532334816,48.92376858132219,57.5464763908847,140.56663896974177,44.53401018614384,33.16661583587347,45.14545882059411,33.47239566413272,0,-0.30522470435466764,19.67138523891879
67.87594596432503,5.507322509943627,35.01495877913388,46.38811238275662,142.34026906428528,38.80025530477001,12.332143805019168,42.66500577567388,26.84947786598092,0,-0.6095122021592831,16.874698944756105
21.446548413087797,1.547447578107937,12.360208484459434,66.84223901185311,375.9728541802746,4.13287483525964,0.0,11.904873814518636,5.563676452879903,0,-0.186971302985446,0.0
54.42233211698487,4.343849751674634,38.43282303089993,63.20161822560961,214.73243190029228,38.55620891076275,23.876107524009953,34.667389343503345,26.962736608683365,0,0.056649924897107164,8.398961034126843
76.90315942368643,6.098620370989443,56.51814740702348,31.68483294999933,182.34403399817518,46.03473201122507,22.829255529821296,47.84896954772294,44.29725031975414,0,0.5296927543567308,25.620143869478976
59.02205633051789,5.33190595465029,30.167217557838377,45.51233899448522,201.242775483904,38.05839794254271,18.213224492899563,37.94585885710212,25.315937785636134,0,-0.07049877805909122,12.093402317026978
31.8962030639285,2.0133566813787733,34.29645163236347,81.04328205413555,342.9733779407013,7.166759651474602,1.8594924688469918,14.248642636429615,13.714377540003813,0,0.4865016438262019,0.0
58.951910988450614,4.33489325950275,35.29738984459571,56.743690838350894,177.27371015769177,35.12862584588256,28.03025745299305,32.04777969451386,21.72519288346477,0,0.06447441481012024,12.901368620513406
94.08211032510982,8.044720272045026,49.112782623044424,24.40899153858561,54.37819418408246,58.383560570936716,35.207572156083714,54.652104142704914,41.21152659007178,1,-1.9754665663538713,7.745573558103419
84.93783431069438,6.497259277263621,58.366249817851426,39.20119985988164,63.669589720856095,53.114200095251405,43.151639617696986,48.452562159958696,43.553761375364004,0,-0.9393353938187543,25.851653965999063
58.759919812679364,5.1510601236801445,41.47569695914015,56.13771114066091,195.42770432318858,36.56676715264436,15.786336387943997,37.33915125713314,31.115082790429597,0,-0.14408755572161547,18.578517017426595
79.02898554116173,7.172036834797294,56.926184210530806,14.463405393401928,100.7487606531478,49.00208812892264,21.835979200012094,52.765775066026066,32.890234095568154,0,-1.2096947428411076,20.766709162815587
52.669859592638964,4.012691253940301,50.49022575169807,51.64639491554674,207.3028055683377,27.54025633490368,33.31192986345647,32.09631513280828,20.473511109482256,0,0.5999287299962045,14.982713533328305
25.92256826346562,2.4144866243649026,15.781309417067341,100.0,350.7939329738468,9.242663808718953,0.7440664543432298,12.776543193434188,14.85390677828492,0,1.5307508323436974,0.0
41.51068023740891,2.744008278322784,27.861279922498525,77.18321248717183,284.1748200342052,25.6014404489762,6.1536402352572495,21.179258404860253,15.704074563463909,0,1.2187618516973167,2.648684065770375
91.25777537016396,7.67798867864702,52.84859894678383,47.17367223957401,37.16842641045304,52.37695215834144,20.108587368747294,60.718427404011024,39.53206165016654,0,-0.213442870930208,25.23025517994126
54.52013836341391,4.461323062066497,46.36963188326871,72.22507062297632,209.82222742279419,37.248090922494896,32.81208673009319,32.89395532655491,19.83399765806481,0,1.490726136849952,19.808404457123622
55.13232041249964,4.647104774080079,40.43571492953078,57.76930444616934,197.61626331188242,36.718811032858575,21.1367910540776,40.443510623629194,33.134591970650106,0,0.14866745720211155,15.38783761452762
54.00323607450239,3.997472849942494,33.601987979210044,59.61364876287102,203.93188824074306,26.86493447269396,15.432529526719886,33.1590959708159,29.112231008404187,0,-0.33708597111803934,8.076440033681067
98.08273179146013,7.016076835533224,49.61116531936746,11.478307730017717,43.73320296257717,54.52516945958363,34.16774645603624,55.94171228431609,41.756087744579695,0,-0.6134026635409398,25.495381400031473
92.51917830724126,7.653160296954054,79.20754676561975,5.0,38.8360809730132,49.74563172600169,40.43820369925935,66.08544499031572,61.671088374178716,0,-0.30246968648812833,35.84668460402696
100.0,6.968298423760273,57.72320035543943,10.216567029618691,57.31121409961544,46.416826917549415,28.734698824599757,57.00624564741473,46.534986895427004,1,-0.38817681854122876,3.711033250856425
56.819095791998976,4.386852417238651,33.86058696070222,67.7089988385074,185.31988737749114,26.495646437621776,35.97460041511516,36.14901590434762,25.20590330343181,0,0.1704162223754877,21.06073824958843
65.9124897749419,5.743590115205337,49.72218795321936,36.89183028720365,164.9045233078188,38.573233474984725,26.142686351173907,49.94181480421378,32.735940587872506,0,0.1605739810498646,9.12035306945278
29.66714901158418,2.4693207888632527,10.0,85.27628697715754,317.6992151148442,10.349776047397725,15.22163256647509,18.39189729785621,7.968172003296709,0,0.0030460201534144695,2.7024558963888725
89.53868852236549,8.137266404184146,47.7419841831244,30.68040402835288,49.74977312707988,55.39866517754341,42.45105122863847,59.39038159697634,45.9071438089652,1,0.43693816974634986,15.523191456090588
36.6444089746413,3.444107294262191,10.0,62.439425753609,273.94694606949525,7.8103527751037625,4.785150741753144,22.262541137887148,13.382616118724798,1,1.1906462747863413,0.0
64.33551127525259,4.819891707857419,52.24482742173316,40.24885435262344,185.80263850630172,40.21944449229959,21.446871031831023,45.342300411434834,41.68591532528274,0,0.9495541354413237,20.08781342582127
38.053949447343115,3.0579726457131686,21.185902165876957,59.731112666930976,288.86674598932296,9.52141959817947,8.844634167349085,18.162891642736135,20.055182845155578,0,-1.4848979684499035,0.0
48.22266346522608,3.8341277259458684,63.02856535039155,51.91134925450104,225.44739432398424,30.987788257695023,24.22285221715995,34.89267281567483,28.560467585889988,1,-2.553921134901955,0.0
43.254751379005995,2.669291728647416,20.33477530899546,51.29398521715727,253.59957225383428,18.62296379793864,7.5242380836479,18.598891590329412,7.223169954351497,0,0.9343199112392737,5.11757897604955
47.84249478648364,3.3572001246765146,24.27523611624933,51.352123676980035,220.33481294669036,19.36426888804838,13.917485704836693,27.242798545190045,16.30721954184311,0,-1.366878698415421,0.0
49.21754593702043,3.6570232214717047,28.798352453060282,77.81592223255365,217.96902909686835,18.47578430253045,21.89889962272156,28.91161993334211,27.203248751931042,0,-0.22476540189268354,11.655849868533407
49.03462410149846,2.9046596766919084,36.75558342243381,49.97965154941803,227.35823811721147,27.203487762064864,34.24184895789959,23.19441489349726,13.802179021828684,0,-1.1701130260593595,0.0
76.66667823560614,6.157080992974313,48.96464137707118,34.85083239312214,99.79787084890401,49.80103936665909,39.205630151123785,41.40666686493872,36.19081772950124,1,-1.8019804375800197,0.0
37.9027441387496,2.9076836087734477,32.65524303714984,66.06283081719893,297.88104716915234,10.73002505255339,21.87659377520196,23.291506648252064,18.926384342730227,1,0.541462728204788,0.0
64.41082854027734,4.3164193325664,35.30169607830759,59.73556270416593,174.7919247297318,31.06396534861548,15.156583786948417,28.063897330453397,20.641799573404523,0,0.7591551603026468,15.817529307688263
84.35918304611117,6.95084107632756,45.235510947642,41.37476451313223,123.20909712764737,49.375070614254824,37.70885391573999,44.98544115065835,29.686018366545714,0,-0.5765104007267194,21.989406514145095
49.73607270973208,4.336822189124046,16.833103502721375,70.63276707593529,234.7570857274937,29.93105528018611,30.163342000771152,21.642084413692988,14.966943573248695,0,-2.59104229214491,0.0
45.641622185047964,3.7648470142362815,10.0,68.0319924521851,284.7076414169829,16.646113467608252,3.6493070901693967,22.993006494190677,17.30223459937107,0,-0.5462444482524828,1.7335500301662252
55.389507496394984,4.269126512107114,33.59196505272592,51.837778061514236,203.5357928318931,33.80046439074751,18.085580957625808,36.86501087647968,32.08316032818084,1,0.3918040054025465,0.0
83.59450416721421,6.983281409253064,55.50634979311772,12.10299938249079,87.2398306762954,51.5284114864903,47.3967055609007,55.32670399961825,36.62827330849437,1,-1.4789115687741288,10.371955385232454
63.882152619067156,5.450682389763718,38.40313655851518,69.4401939543992,227.11502619557854,40.1990082511047,18.328564516922537,39.678391399075,27.666907837525454,0,0.18335991977915564,11.410614291711855
49.375714107848026,4.103758913487686,46.997057847365234,51.508209679121336,233.17366280897065,33.0906118708356,10.779857454797455,38.52798721432306,28.329920760388067,0,-0.015309849172995557,0.482784784137829
69.67753302376079,5.161896516683482,61.0545752127139,48.28622314063331,127.97976994362921,47.818194362643034,43.30567892483406,37.64289210991349,30.994237948143287,0,0.5792914996010884,17.60301773655541
37.95415700327153,3.174632943017313,23.219880027845054,84.76062986820924,286.3253424068243,11.834723091183472,17.266675809112765,22.695441858055762,11.585466337672958,0,0.11958036841415326,1.3195766402937616
73.62719020885896,6.487915542121456,33.59982201428164,29.709443828277085,157.94228510713322,34.85411472768984,26.112136524868554,45.79561742761001,27.138374201101556,1,-0.9730689408815555,0.0
68.17214615403535,5.155457163016963,42.05345122727421,54.2840041737562,165.42858215401424,42.41455088381125,27.203772037310696,40.996135411560786,33.473813880876754,0,1.1965715016644913,28.494200969973193
53.84383057722232,5.356476115744001,31.69246746488501,65.32672786284394,211.38929781679414,30.379059227346,16.238192452935046,34.86170153392779,17.811505221880335,0,-0.15852957302697002,4.279204211214529
43.22828403105538,3.195447255491738,23.688449198958185,87.5072819935258,260.69361679377994,25.63981770332283,18.92147249763225,17.447682571307755,18.665771818837086,0,-0.02730453950993186,3.5292293417021416
42.266381554330856,3.3975140310165366,22.60927804904915,62.10146084854862,334.9719057243785,20.482023803867417,25.95177113172622,23.494366273076498,15.859110757935092,0,-0.933267959073196,0.0
70.69634672691821,5.319464940150289,42.95281375159467,23.873285065725213,124.97611402832503,42.719135492194134,29.675967079062797,48.05809411885199,27.762392755830014,0,-0.4432822511915103,13.383808868526488
84.57961004978124,6.878004221942629,55.340310875869264,19.354512884884628,86.77260340152137,54.393986232716756,52.69176518924162,57.57901782454471,40.345494810063165,0,-0.8848027140269009,32.089233571855104
47.25384505942411,2.909196758436291,26.722280553441312,65.25239745098787,228.19853588919767,22.045606115372138,7.146108089870047,18.842359735708314,15.247362168297041,0,-0.172946059923423,0.0
69.16773407102968,5.260397826274014,50.500638935976696,41.53081865399099,149.9335645155058,41.818693959443586,27.024705039012176,36.74711761501359,24.290570457352732,0,1.7117084801423434,23.98151178804149
18.259459627958627,0.9146961700624066,16.38530889861965,87.01928561674677,362.0209422495647,2.4233651900600863,0.0,0.0,0.0,0,-1.3719011429313563,0.0
48.30764538685601,3.9322808048946265,24.708900898974306,38.78198510541708,220.43977103463743,16.83467299909625,2.2614051041138996,33.096208606242406,27.758544998994566,0,-1.6135613978767411,0.0
59.37882134258196,5.24752939516101,54.27582819987771,56.266974610967324,175.24120276165738,41.1337059562956,25.5122390075149,38.42045553784381,27.138652523831297,0,1.4711703274936085,21.97801678886635
41.80633166036333,3.667509626386342,19.463809143848184,91.86180208862308,263.85103924518774,17.235461752113224,14.541684552157113,20.975866287869195,10.195597655969094,0,-0.20932367715186612,0.0
41.26987250420808,2.1157601199072005,12.710904614792284,74.30114235326796,249.41112730002263,12.695537172349496,12.445940601643414,17.44207425978818,10.76388029183656,0,-0.6690727386599166,2.8460384030840546
46.64440887062227,4.752587536113722,36.458866923086106,70.66521735801989,230.25610071672156,27.877089834165965,35.48372582376433,27.641375257636902,27.020994016941945,0,1.0399046873960764,24.65487574177823
65.84385456652747,5.415148335632632,37.91661685242583,51.025489107333755,179.52179245283742,31.81921999874516,24.39823275697283,45.38782780943579,41.79074514339928,0,-0.6056155397368641,14.65317718531599
56.253419631872504,4.1120240003033,42.59030844988463,58.511140406716294,191.65855606403122,37.776610575496015,33.755891303509344,31.379602278385132,12.732584016812776,1,1.8260097135469362,8.851864198751736
15.235375333500556,1.2973939861755148,10.0,100.0,369.40238667049016,0.0,0.5287539703918073,0.6900306560981333,4.93125414624736,0,0.6779258713392691,0.0
17.585996947298675,1.4949746670352402,26.234757277939746,97.15848722692932,402.79079742418674,6.162466895441398,17.43004828565767,9.681209251754257,7.414740613988522,0,-0.48791140814570266,0.0
47.86269644285649,3.4955913569527373,40.22682159040357,58.3851775213042,224.13005732839406,28.075445226230265,37.43663368175423,25.220607537646192,22.763717351066237,0,2.1573082132655035,24.422839735493877
69.15373172107104,5.6312568713567215,33.40284671311971,31.29440135882391,139.4279952390429,35.60052636186869,27.389023183022246,42.336812034101925,28.4197625914148,0,-0.6057149230033384,12.588273555134148
5.049903145495307,0.5,10.0,100.0,417.44174502965103,1.1650288937590703,0.0,0.0,0.0,0,0.742095372009307,0.0
50.00539647696739,3.79825072181238,51.72643657485244,63.7641574804406,238.134963035324,29.499567487810165,14.78427868485926,24.886336756889186,20.786965913909253,0,0.2992925804064919,0.0
49.475042869651574,3.614863861694584,27.258730973776515,56.73196159687274,258.58996334845614,27.784604375369767,20.315467269631647,24.78501769613204,13.043085580010949,1,1.301741289398798,0.0
87.76675556416896,6.30500480026369,53.09488040759203,26.005308633408205,100.79330907084125,45.17823135671642,33.01783466387084,44.37730326266359,25.863787751109967,0,1.5615111967268527,24.48454790504219
52.299563765742725,4.25688333636711,13.949173694527076,62.970237838662285,230.321248031484,21.53759712254137,19.586839204726864,26.697361085854595,12.646642668327278,1,0.032004149065766624,0.0
67.65977969481857,5.705432093843655,43.85406373035745,52.33837348042361,141.0129125941404,40.17269357008888,29.7938322703981,37.83066849249681,30.793215523533497,0,-0.7534178703461835,10.423029448039062
62.825142801749266,5.283453222178127,41.70040381286696,62.5683968243185,156.63684559610795,34.8433253765529,22.704040824806896,37.045349232381234,27.858891411775954,0,0.4599721429391164,20.047264756901725
17.38867040385599,1.8010562586260965,19.327000250394043,93.54741861789029,356.65041203579096,4.98987520208137,0.0,11.69106790031792,11.66094401051489,0,-0.6777153697521061,0.0
75.36414433263475,6.191301651618215,38.76411675099957,18.94253688559332,106.52310386266959,39.123547018734286,28.63941165229112,45.04187735304244,36.63294283381323,0,2.013387247526623,27.264646925411718
64.30793010912576,4.87827165962161,29.812683153981933,41.550820729043956,174.69093285181074,33.35333762469516,36.519568315897104,35.64698084177712,23.96608542259016,0,0.13653533108273744,16.61025975486384
70.1653727934918,6.033061755694939,53.625387303209024,40.3633780153874,146.94824342113668,49.472635878806415,40.31664216464621,50.30769712207355,36.77941452789455,0,-0.3653215513121087,15.88993519882184
100.0,7.321241230079033,80.06730071227065,5.0,5.0,57.59485115116366,41.71428484534596,59.06253775961664,41.66091984166766,0,0.1846803058649084,31.141915542963527
18.31774121002823,1.0150836055460184,10.0,100.0,379.29580743521996,7.5289704974067275,13.130366213896384,3.3329114707772787,0.3899901378091919,0,-1.3471262895296965,0.0
94.49393299522217,7.077414603906152,76.96089395965292,17.21460195490343,28.845638016734217,59.79461516923935,35.89798762879875,47.525965825572456,30.582688841458765,0,-0.9716140385106515,24.123700417219286
54.25104961199289,4.880111998529086,38.35115314326323,60.32518440297053,203.46626604940428,32.09750200657721,16.797255135608623,36.841534263571894,28.855429125117492,0,1.2004139079444254,16.075935008718357
65.74657808806019,5.731120504114854,56.940658052388585,60.639739462255,165.91278678976136,45.804946679969696,23.790934507052448,44.386644043174144,38.0213445766381,0,-0.6568942789713957,15.42006707534724
59.08975509397516,4.97083302604051,40.66062495060644,43.34853094431668,183.04502391484584,37.356336876933035,23.27932598785097,33.888928792766954,20.650261285532988,1,-1.0469109826819396,0.0
51.51527333203913,4.657186799169029,10.837912157547883,65.37322983856923,215.2782678326542,28.722177376328826,15.293368120941096,28.646815031658782,27.138240323249274,1,0.5366527525272862,1.3207848629988126
48.60334143522483,3.448625923611992,32.50266518149699,60.078289087551944,217.22357853443003,22.40822191764781,24.23154217168819,30.50429769140887,22.68853515166738,1,1.185704154662997,0.0
66.59017471146018,5.501511536847305,57.21456048473482,41.20078288434879,150.58595497315557,39.22812072964613,21.695691132812474,43.348599207654324,33.10900056622723,0,0.7189533106650667,19.66004110509232
29.656526066566418,2.3099348711337315,11.822108055759347,71.07716527978104,324.3930447469925,8.159543134705721,0.0,9.482020015786293,0.0,0,0.9960476858058164,0.0
75.01158335043532,6.424367719977282,48.6284586562302,54.97565521380301,154.29496457814273,41.13792843363654,42.280270912508804,48.61463927298595,26.807885032537126,1,-0.7567950885694608,3.502437720092738
51.67611190229492,4.076476835907495,34.41194329609666,53.81788761679823,213.63188460052424,30.82729587745296,16.426740471693677,25.02852579204378,18.74221852162468,0,-1.4218106667418438,5.3669231746648745
37.398613219192846,2.799417613330387,10.0,80.99495774355559,273.94440100183175,3.547018794412802,3.5337898743711293,12.605232310662384,12.532185197868708,1,1.5013336519554867,0.0
50.99974284008373,4.350433686487193,52.41329574243337,36.50016851025303,230.0564479404419,44.557851989796305,32.57318639131489,42.27052627562086,27.56216245373394,1,-0.32267983884213575,0.0
85.14298433725145,7.249523330575732,50.58633223710426,39.01687801902599,119.61370596737618,55.183533731115794,26.77575197385875,54.44159606102831,48.6522593742764,1,-0.25083301645504735,7.1109076419190576
49.29329825967554,3.6092912633506424,39.562663106500864,73.33323561180916,219.18200168272483,27.79018686689912,27.94749161950898,20.361883720353948,18.184707886896252,0,1.328194141849058,3.901952305787141
67.1690723641924,5.342987953459205,46.151339293452594,44.00013695937523,149.491416872185,42.36573536339063,32.63468030949373,34.20778910703201,20.5089465940676,0,0.5562300094006599,11.204006240434813
45.38087448569053,3.1012496420344164,44.34280270357697,61.89581592065438,261.19040985372317,19.80241986820773,25.338645009381278,27.24675050265513,19.743451854982233,1,0.45588777208160763,0.0
75.1584369984724,4.763644451131322,56.671467123211485,39.6415630688904,123.15102718283018,49.460118858532425,26.715301760301273,44.217217637817036,45.00881287320517,0,2.165002344901084,25.359685415747588
73.71015477580409,5.997042197771191,49.24786562785311,63.755333154759384,112.76120687785358,41.03261438682742,27.464205691247106,38.63596710134786,22.253159802143543,0,-0.643518230380143,10.05590660972927
96.97217666592823,8.062226811401574,58.945372740956955,5.0,32.4797226007622,56.94114779732514,37.3265921082149,64.65855448363472,50.893113233232306,0,0.9278401280812372,39.17889658488158
56.48872109001569,4.650131091744618,47.52061177683237,62.89560756087384,186.8816143229937,28.137447376512952,20.400448749533595,41.95753314659098,29.162498625515088,1,0.0570131248970845,0.0
73.37309609515813,4.895066828735467,32.626754227064524,25.687496278995035,126.10880973631352,34.731131033888744,10.938317183410398,43.79415066706374,35.83362170476615,0,0.26859227886325693,14.315759971559379
61.961350790778894,4.781483348224074,49.831849756304145,47.79962845362433,174.82465589748722,32.57468064951665,22.060233451723605,40.08177214517877,35.73290981113433,0,1.5284684264125317,15.217861720740826
85.91743563726028,5.764220970955282,49.151757430533465,21.10800293379576,100.92907187594936,42.70915522125576,16.349239602426287,47.845075414885166,33.47450760013146,0,0.5078357562896237,19.30919207556348
45.623352247825395,4.334718733653124,44.459183193044176,59.23682865860154,240.7982378798723,30.510833066285535,22.69871406266097,25.62852905673713,24.010369689101104,0,0.538296079049633,0.02576999466785246
74.90010625754562,5.448981209544606,54.04306980690888,34.97431219382163,111.97415278059323,37.78743500969121,7.5326397601511275,52.85494929128773,50.23837642428158,1,1.0725073373098022,3.6114036507678686
56.106054077666364,5.116186130943258,45.71547553286754,40.28389217900015,189.6069838735345,34.11264999455386,7.360527822135317,37.80983020754194,27.990781008907593,0,-0.3649527295428853,8.511278430213201
58.71623645783004,5.170233738468476,41.92125365872822,63.63392877570556,214.8612947580089,37.18543296876111,30.71892116121471,34.586134773007466,29.11170102651406,0,-0.8392096673390064,11.32296139209232
61.83504968896746,4.496508798849366,25.76076383086725,26.635228176649335,164.04375565273767,23.308814014590403,10.776021467925501,31.066657804222046,19.70791165221481,1,-1.0448091940210336,0.0
65.04480792853354,4.637192158648811,36.92407391602009,51.43236622540656,157.90974511751637,29.538692365005335,11.297285448195542,40.529246776369284,29.86781904521848,0,-1.9663565893760018,4.2248560005416635
57.67541913756084,4.789218639198036,47.09668677240641,48.40615063202431,181.9079821341917,38.81892765389094,35.3990679436335,46.921360186862785,33.62682467145706,0,2.056207129940322,20.166399956349633
64.29426366341053,4.721379074481307,46.67254273798581,31.654637610900025,179.64700347448917,46.125955237674575,32.602880643115796,38.915312968742676,32.495434291424566,0,-1.1032083657216831,7.613828204835054
91.56236115124369,7.3762312131786,75.9035518589273,20.86623929594065,48.301338331251145,60.80793412516784,46.50187874562937,66.18229996942101,55.35285121628606,0,-0.221253623585772,35.17806593443781
79.70899371230436,6.13530570158089,59.829041228984764,11.607593247217903,93.87310620445031,43.75462497254362,27.11056965358671,51.36153104911265,37.515105474584054,0,-0.27681329988892067,28.390023874501217
77.38309184993793,5.300068140762217,44.50114538792995,33.09347401069769,103.95114960798223,37.091749916697175,45.54666699705319,37.11983959894817,35.02134156913622,1,0.30740669780910074,5.990753836890148
50.889209479522584,2.955902748799578,27.66180525845947,42.03626762673876,244.50514811306644,20.856013844143874,8.720298114215158,28.45602910922856,28.179252461934105,1,0.8157372125392968,0.0
42.21518343543352,3.49055679908198,30.57980231003583,73.32008157638046,258.834822099584,22.78511101299026,28.766286553322775,22.43377737175626,20.218332762414885,1,0.8604734883597454,0.0
79.10601116475506,6.047702020015093,32.233767155327484,19.801700831680435,113.06234720401088,42.15222228116724,26.908016161959406,49.49669196082593,34.03057243949835,1,-0.5830774385689385,3.184434747882136
77.52093585059589,5.925129959590605,70.99907395164698,27.067135945052396,139.88007552486656,50.20672244051803,19.398286427034748,57.141356767279085,39.215339949304806,0,-0.1671217137864115,19.793285581799758
89.45341351501963,7.504205000748463,67.03485682428932,24.073979140298313,90.69876942869436,60.08991058202731,42.92123184430262,63.036390309377026,42.76696893511762,0,0.28257995048829965,40.620870672041384
47.92038748061541,4.420352136765455,45.81461720691951,52.80910717727776,226.6994675186025,32.36103664475542,23.552774310732335,42.651210788476135,35.95729115516036,0,-0.24869112618354708,7.818623884852494
55.40902689279306,4.29644979074254,22.980279416863446,53.89540511118731,248.2020881489958,31.305136573895794,11.93776425911843,37.75838247585469,21.43958574979548,0,1.6073455760199926,12.778594281065192
27.21031674949132,2.006525986504375,31.49287332819648,64.62371723557044,306.2204799639059,11.213229580702972,0.0,15.980214937439603,14.438795014775376,0,0.49097495163825133,2.811563397633406
52.15057787878254,4.422117746859546,58.82039362542526,65.41992936437133,210.42646986947366,33.75777560714617,21.744972999965075,34.731631945629296,19.900189772881305,0,0.7348777860498175,17.64035734578282
79.93141021158894,5.716045032077328,42.74320359433908,51.24755545502032,129.51672081765582,48.60725430560137,34.39269782062475,34.962613969271835,29.784405031750687,1,0.6628812686674127,0.0
50.670092415436045,4.165183920608732,43.183082639842894,92.83641399948348,213.6072697369451,24.34444163491911,0.0,40.12378250535996,29.42922899022222,0,1.173473857485325,10.352387799565479
72.80959590401648,6.100710658232395,50.977816579684465,38.284421855980796,120.57851408174145,41.41022052234048,35.341614959711734,45.67576896584265,40.39305434754905,0,0.18102155870370695,29.187383912856916
56.18993788004377,4.835310134612317,23.88861803354819,63.268511809522465,191.21082289922873,26.857924231464914,13.501666959932376,36.360737153991785,32.27632404221,0,-1.2968319479558466,17.553029723457126
66.48114056443121,4.350114893903265,51.46563811362054,22.151351360678916,159.7303688018481,45.480314945676135,18.90822483950408,34.89450985375285,32.716480366712446,0,0.3996879517526416,17.049891418989752
37.04617220368665,2.5830161413904618,34.26835259095414,90.9866397119804,275.9429913823721,7.8172678994064295,12.609756546229626,25.668915574130423,25.681576098528506,0,-0.651356893791829,0.0
61.70418899267802,4.497203493002509,37.18166676818614,57.610553064011256,186.7886594265591,37.67124909331553,24.297368075307446,30.59763962959937,22.974661940968037,0,-0.5286166817497568,4.825987275449166
5.0,0.5,15.159165202552229,99.1927986605852,444.0588853509175,0.0,9.729326214258034,0.0,0.0,0,0.5863640187550933,0.0
56.2620768367603,4.741338436824816,22.71581971784023,68.58409276670781,206.12867057132337,38.14229804376855,28.2961118322876,29.86375518825856,16.401356189632995,0,1.2382830714336357,18.045122286778394
27.3905351256972,2.9395980137787663,10.0,79.5557519545587,309.53460441215236,6.312180163424989,4.090801082641875,14.032697681098112,0.0,0,0.02127157673606165,0.0
84.11989033093633,6.48210848629087,60.24989718754295,20.383807472888993,120.66298398073327,52.962140217232275,33.20355158135973,55.32113398283136,35.540332567892186,0,0.3088330125989638,22.309181028263527
75.54814705529023,5.795065515268611,53.13755571842588,40.155872049839665,108.8416833568456,44.302693363921186,32.658452770997876,45.841408709956056,34.22491179617077,0,1.702214944635238,28.6627424555529
69.33341963932162,6.121509580585103,41.36765886328408,27.90632636271456,132.04752909069288,41.29423693181152,23.533003935202846,48.18646545940359,32.779807053295485,1,0.24075317948856828,3.3619195287489045
90.4201245431876,7.381898432720161,71.39003153995017,31.83937262961178,42.12097137505293,56.633711055469085,29.99133147608291,59.38284395748674,43.35343289003427,0,2.601683114180395,34.55616871020006
41.021669583503254,3.9155593222742473,34.02411185061177,56.30645267337462,264.28299964445523,26.466659869879443,22.08260189665879,26.523631778554474,21.50445159133834,0,0.5655096456315442,5.782486266393919
94.94726395831117,7.740145118169812,75.04447548015797,5.0,23.63689664053465,63.190437666234864,39.91788175149723,62.61774738747407,45.24287114630799,0,-1.7607627591558177,17.91217566416417
78.6438312852077,5.71294819345998,53.819317546122704,20.43989125389229,92.68391882668709,44.98844151158804,29.511028167084277,54.89027917672005,35.10428509751126,0,0.7533416211045325,27.81401792960884
55.26889425562108,3.7549473630607832,44.71402865871816,63.84510619457239,195.00501389828426,30.058578448150794,28.25311468053488,31.416619762223366,22.586475683730363,0,0.38115838488277776,10.03577191549309
82.71240294365889,5.841236110963247,53.44217903026127,19.88629271810462,79.22395870169139,50.20991755067362,31.725433546051924,39.47859794962739,24.703034430650725,0,1.2897527540827456,26.82350508226352
37.87412975176731,3.3609562975206217,47.05007772710307,55.94992083582666,279.467576538149,13.273942964461968,8.748334331234604,27.049925121291842,18.0526245360643,0,0.6731813512699584,9.285160746360205
43.50971676944653,4.0750757530992265,22.331344037392707,59.2221232313239,271.19675313846903,26.58928584025467,12.485839704558083,27.459648496280842,26.443470130506906,0,-0.13845598398377382,5.413799981233376
47.828205535205996,4.750937513509671,54.532718169227316,61.787286016628165,247.77665265093472,40.61510897029134,29.84574030254418,46.431039047534966,32.65123667722728,0,-1.2242982362893657,6.74112946798251
49.420445838719694,4.375188333259196,34.943191557997864,46.40788435730768,218.52348973017266,34.775956201925716,25.402994832692418,36.78132853474885,35.6807727249051,0,-0.20902325728602528,12.165783467222624
38.86884714479494,3.6909270603510884,13.45308410566903,57.310979546792936,262.37981939051053,9.493653949517544,13.377076121510868,18.956413065256484,20.527326364561187,0,-0.8505204542093001,0.518234440859872
84.4616613419065,6.466924741025679,72.80395644422056,50.8738946672885,132.7666625216862,53.47593684753039,30.12632825483975,64.13226583813459,44.63906804293392,0,-0.5805234498047227,25.238828433031532
54.822911992603366,3.8076250510363407,39.635052278771944,44.850303161629995,189.90917656756181,32.9047648997084,17.725561428088973,30.38735675862362,16.53626617216637,1,0.5885784044206096,0.0
67.05009936713759,5.7890476155797845,55.44631054079869,39.07339220758633,180.74832971200541,49.64305994310805,38.60508815618399,51.62751296259885,37.77965134922527,0,1.6699045043514062,24.127123882851176
48.592972671726386,4.096278189857811,46.2536400556344,57.00018331868218,220.36559993442472,30.97175119884012,22.149342306148988,28.67103599752174,26.50606677924347,0,0.3946715298229811,14.879096546268052
23.587933989029658,1.940756906292819,19.891109333771013,81.35578431772504,379.78752510795846,4.902093000569071,0.0,2.956877174309824,0.0,0,-1.1958830620351844,0.0
65.40114716782844,5.42577751374277,39.85839456935176,52.05501371180078,153.69553099417183,44.10389313650861,39.1199630806066,34.28278707773108,29.63719775960132,0,0.4446026682201407,14.880254121358965
21.75490049160446,1.9019847805574597,24.985564120815624,99.62281491406014,340.23835514125,7.615710887028125,0.0,0.0,5.050931648395658,0,1.196631486645651,2.1222831707990775
58.627319078290625,5.332093956190031,41.04667842934939,47.70122774333027,198.32514799926324,34.18611233396535,28.49525104318749,48.31752926632265,31.65097119630802,0,-0.6097829043193822,13.780141915865048
32.63369922334379,3.2581887302759815,29.70216764242484,62.52856133754801,300.657042841169,8.623223110046322,0.0,24.70637790093036,14.229154530916718,0,-0.1340171666729177,0.0
99.74551998461615,8.251751774939466,48.28455825131669,25.547762749570687,8.721549379035467,59.886565874647104,54.01257595040484,56.605686001195316,45.90755319207846,1,0.014688194729197093,22.223918708517026
78.22725444349443,6.681081791761018,59.22889528054462,30.62865246214538,107.58667706538418,51.9419512410999,21.40547049146995,55.17277806751549,41.64202728841656,1,-0.78489831308224,0.0
62.11507582542961,5.2262373422467565,37.09469482635042,68.64878595285641,185.3557784013654,33.53068289604536,31.01294909741147,37.95599460714598,24.348155049157135,0,0.648280433843859,20.52024416989175
85.27413355309338,6.5913458182301605,76.22498985895066,5.0,62.71378292750005,51.390960594435775,32.7510495062933,60.83805595657459,43.50827201551575,0,-0.12094814860778157,23.935110150339582
43.07368045068529,3.824176773511393,36.38244979437065,69.27115820471455,239.3157919004296,25.357360465425156,13.5494637438164,33.41524078397037,23.906223743104107,0,0.41953244390702776,1.3451864251764638
70.86958757340186,4.972319471442518,52.007288759874264,62.153688433112634,134.599987971597,45.10948922741072,30.80434124955906,38.56836998486798,20.53374381939544,0,-0.8874921778021001,7.287262610175917
63.99620867437427,5.646642470097884,49.66044600556421,41.764621700367826,154.0434306415791,38.918079062787285,30.351954104074238,40.68737801255602,33.72756965745239,0,-0.43745830032341043,18.465706597157197
65.2804016266734,4.625170660250855,35.71187260990419,42.01367729331097,167.65569959472384,32.44182833678029,13.851984400260232,37.8894091068033,25.3753015184131,0,0.7223813578277714,9.497222591779877
85.44707000213535,6.978667243568195,76.04551590677528,28.099070296948717,65.93961053068885,53.753793967073044,28.413664277248902,62.68776003479341,32.726891693634606,0,-0.372833152091767,28.496833144477066
74.64984205559604,5.549410385234603,72.16859362308627,28.644608117784472,117.81333159616268,51.36006636744505,38.580882059742365,50.30932354377535,37.08802618263377,0,1.7269638512334051,33.18505837379012
65.77447325650047,5.538652352057252,49.971266385032486,40.48066355886674,148.15194136505107,38.87600448991342,11.610659289246925,52.41091428538139,34.99839987163315,0,-0.39963618561460235,18.208250803361924
26.902251275434075,2.1352174890707714,34.73561157854024,79.04396759426908,322.9134156802961,6.909298122405527,0.0,15.791720957899624,19.32723460172401,1,0.22468472575188592,0.0
40.79907409441073,2.4665479484711916,22.867869879362168,61.6718770924728,251.11106265527653,10.066939129407626,30.869006067390483,13.833229419502977,6.621581476065017,0,0.9325908318730899,7.14858069609462
57.545821328085516,4.814015521756081,32.31093926741005,67.2004572743212,178.7751104455988,25.42369859480708,8.781300369910358,35.27417079369934,20.293650868352586,0,-1.4183657329330317,0.0
61.86744748553303,4.660435410426287,43.71646072716234,53.665488902024194,161.20642460945865,34.69337157404014,31.733113857204117,33.5087017715931,27.03797545403856,0,-1.7608088119807759,11.566730491429622
37.39592550652152,3.4322474009284063,30.52655823824405,75.6116132787181,324.63207323823474,14.314963055755971,4.617119836530884,26.426609397775128,15.553988584900752,0,-1.5256563145700948,0.0
100.0,8.000662844367204,66.0601331875688,19.702852082681403,5.0,68.08744226976467,48.32919863372418,60.20183473560359,41.175299211309415,0,1.262584103427182,41.02178417261889
90.32788110507146,7.423940981099736,68.60719867723486,16.49984889648694,65.2757128121021,48.52402905639315,36.77546441142529,59.269483979355236,46.631514464678105,0,-0.5518581458924467,33.46406388717781
72.04236640784967,5.284604835120367,53.49355130622891,28.667187771915522,118.82892683528522,37.85323933319824,33.63625944804244,51.21101912884032,32.67860742314903,0,2.5581992856682523,26.88797117795059
61.440737225674894,4.6205928623403105,33.02544830506187,41.327771118950416,164.2382822450048,31.299933087753683,18.74292589253769,32.2911812673691,16.291684649007934,0,-0.5642475986573886,6.917019949050727
55.755820601976964,4.231146330107615,44.21700459590109,54.265575891278345,200.04673645476186,30.919681771421136,36.00887026146256,30.532444158987857,30.808547428709716,0,0.18455130319703697,15.86879563901603
40.96163079955529,3.7052817040857007,37.30842398490391,56.3278286999699,260.46609682456324,22.847668453959596,10.136291978392293,33.42511994056768,27.12188746244182,0,1.5421099525678756,6.870253611792371
61.54961037037725,5.7626573735329245,44.79942043516798,42.44725743058264,222.0486108091671,36.22615335462276,25.420762989301274,39.44926867731363,27.498561101816318,0,2.006092888159123,20.501211400451815
65.15505080285502,4.809818188356964,57.135016594615436,38.65154949468777,204.29748256616801,35.15610351504356,24.813682742519177,38.43831288347298,28.081422227069933,1,2.061503576636398,4.244571616398499
35.16478849036751,3.3516071515582415,12.44131400828774,100.0,302.5548966496528,9.358430019327882,0.0,20.526215893457362,17.00012881113202,0,1.2083662305931424,1.532824036238022
66.68352834489795,4.249843558728985,51.35797406274708,10.03069237589505,158.36036417193662,42.731629669200956,25.488581245147657,41.5906659447591,35.43320390980531,0,1.0240625258114624,23.681837323733397
56.89481902350502,3.9544908213342573,28.123566252485766,50.94974431962738,193.17969359821194,26.529944091231823,18.536571653207943,33.092254839469916,20.333487882599577,0,0.5925269492011831,4.282215355438298
21.843848842452182,1.2681186793027872,10.0,100.0,337.06251123230874,0.9304871440061759,0.0,2.1198247469347833,2.434894904354626,0,0.7783610761666377,0.0
42.79229978440996,2.747129638032436,23.64530151170907,68.66983378517949,299.0546721241267,20.15321418709596,32.62698094526465,21.344646208807387,12.557536580247879,0,-0.5511857163285334,3.0089749301521955
51.72788933156711,3.346436951631579,26.788920696354527,67.313120349486,221.21465141794292,27.034836894903535,10.863654592891054,21.545763068227085,14.44880257052015,0,-0.8181988834223072,0.0
97.7537531468038,8.026799707813202,62.94766901535127,13.444162634393413,26.74013148201097,47.319575372342086,40.19311973714578,60.802884834954824,46.19014180566368,0,-0.0033744574109520514,28.549514362344063
71.13106249067516,5.583451150390083,47.65024063636072,30.86093693472707,126.52627366766458,39.51369551372164,32.53558058910936,48.68307134386346,35.93135320133106,0,-0.17018462252492844,10.797369153092147
33.29036861800218,2.852932188242729,31.674802895915366,49.80664016789087,281.1369186138607,17.74611640743231,11.424078588796831,20.347744261602326,18.054602551139446,0,-0.4532280493272752,0.0
69.72072578835274,5.922894406128976,45.592917664789894,42.744742456082896,185.25008585275188,39.07165150031276,18.474901044385323,45.91117711425111,36.18051795163933,0,0.6963874474567153,22.34112558719166
29.05392022123269,2.457122114284882,10.0,71.63880052353862,305.50337118387705,5.14962931780443,0.0,14.283110536454917,2.242240516162102,0,0.9553052085705107,0.0
81.65382107774147,6.861187274294505,68.55835321937063,18.742154048274884,88.74300090332115,59.65378512653543,34.63122193851596,53.08658674284193,32.58323389549998,0,0.08840688629184736,28.62109674599411
50.57750696364243,4.011434413970259,27.033353538399304,53.43464596460823,210.0096882188331,24.179415607471913,1.43068988928664,32.01958399161625,21.424000432620034,0,1.4775300810552618,7.62405540529137
58.12727622521658,4.056685403864455,40.10188908660532,72.81106065426533,212.13625889835373,28.17515766354734,10.286129074911445,32.966155236840606,33.12113893627715,0,-1.141689114133505,6.571042237924711
86.5159329508438,7.4501817264779024,65.02651813499777,52.342117556203874,57.19349707557672,51.85503991297477,21.84596382052446,50.39545156732498,33.1985901092206,1,-0.19365945927971812,1.9769021104251907
34.256728628315,2.445982223874637,25.975814223848328,78.34976662202581,312.0359766044481,9.899220498455918,17.20149334941808,18.362043013057985,11.789300762643098,0,-0.7168223206028049,0.0
32.057636297740174,2.0968127544380013,33.38214088363288,72.3651570153191,288.38101464712435,12.900970280747043,13.333329821591327,14.216260160103786,7.082826934434973,0,-1.86653661707306,0.0
48.328013473079906,3.7772821399441936,38.61964086508352,47.545269517505574,260.5526928261886,29.732291005354863,25.613781944404344,34.32964080571127,22.132394064501362,0,-0.08268068584269925,3.691102979971202
80.76757702038634,6.005000701982651,47.92420811729935,34.85490491816649,106.94600832232476,37.261688045498,28.930752841909282,40.48671164818938,30.761215582666708,0,-0.12174750838328353,13.012276126305524
29.613078490463153,2.160331088242336,42.514776683240825,100.0,299.22364507767554,12.614981874802236,9.53547920529476,17.164772825746045,18.95972781929766,0,1.513449743242131,3.375297948396685
5.0,0.5720269607817332,10.0,100.0,415.6858292300349,1.348472216342027,12.561949597655413,2.380259968644262,2.947195070038918,0,0.6308116845547775,0.0
50.97682283182002,4.252316696168665,34.21037371605895,30.475224679141284,213.3957609389143,22.74486727478917,9.898062482759062,32.76009354863716,19.803155044566854,1,-1.024186824329205,0.0
71.0348159982184,5.233870246644658,59.36362542930859,47.00578006356788,125.57974279666807,48.704676079972465,32.51139669491846,46.94567186087259,48.43030543317683,0,1.8540925663341883,32.796484180910646
84.00523499477659,6.476566113107755,61.29817395564433,37.81956154262401,106.38378139418037,51.51517612444589,39.46133510348281,46.21927414638926,34.563867902230605,0,1.221033695525353,33.26672915062372
50.73677275829202,4.596108323048484,39.508022860197684,40.233079557077815,217.2398385149941,35.669880219550535,12.615748287858818,42.04965902295595,27.893809874726788,0,0.5820977034686158,13.81435554546282
51.77146785767995,4.389917487481367,61.16186748638283,60.346342346275485,212.72786343364567,35.13315596577477,47.609262546893994,40.713233314323226,36.84755447649036,0,-0.22648409884983192,17.586598482694352
83.07801468511494,7.683773694483467,55.40339599702999,32.33669750851825,74.79619934520066,56.504493875022455,36.95644712098529,63.77552914273597,45.08685614033989,0,-0.9594392367234797,20.03082349464245
22.605166006091586,2.398477367358091,12.646007264090152,86.51754636980114,334.71815687372816,6.2148136981687525,5.175544508414431,16.723449378613996,19.875568264719814,1,-0.372206776071053,0.0
52.22958449633981,4.750513293987154,37.7264942675625,48.28116447463594,241.69046708081459,32.34664040138088,31.080340514296946,35.47420464926157,21.44506142791528,0,1.088748619704186,17.080657881324168
63.80847779850116,4.4107439486521915,55.38109381476119,58.382768884261516,161.02814726849255,44.922659636035625,36.51937142750495,32.25380585774573,30.70771236740591,1,1.884586305934609,11.193875786767034
68.98437442570068,5.900680129872765,33.22372179608648,36.17506862267513,190.83220887877877,37.67241647943118,24.79169486680194,39.64704507212965,30.039854161528176,1,1.543243528272189,6.0525099902764135
49.80386613618235,3.957755890046133,15.207147380562589,42.37389991141846,269.3139224685764,26.401305951873386,18.201884373502036,31.78788052129683,29.434629388177772,0,-0.4888494217862741,9.676393684961766
60.688820234116825,4.579614716960221,36.611021457680295,24.717485937847,168.23766081557437,33.245757285717666,9.576553988132654,40.93632049591458,39.56142528081338,0,-1.1196174332890112,3.6508575564696724
10.23345293174021,0.902683904805481,10.0,100.0,380.92304456007247,0.0,0.0,0.4377035084181262,0.0,0,0.14088624691120394,0.0
46.83503175332304,4.219408307571585,28.536208752069737,70.56493596433039,263.00082923479494,20.50119248073996,17.463456841752656,17.64903809042171,18.76627039421699,0,-1.7684393655628516,0.0
69.07017425108936,5.776029735589255,53.37411893705544,41.985508314460674,139.8819219894189,44.788041158447676,32.663369465334085,45.04967379485588,26.16119767570777,0,0.32316771418478146,23.658177639519494
40.35411931490641,2.789092644521483,19.340394884911852,64.36258504288395,250.60037039997863,14.418455458218169,19.141322047874503,17.200713783696198,6.839506545791446,0,-0.14760258629866868,0.0
61.17968443179195,5.2656042113396655,28.557513334440934,42.472334597770526,169.4458998437142,29.692946137920405,18.336406523861665,35.61029642359817,22.03823604876724,0,-0.46603650186824225,9.634371099386964
68.93745001605396,5.196202230246334,48.94958662839125,28.153710202646707,148.67032420211686,45.984519456140674,18.79164553904451,44.121081335769084,35.005801828739266,0,-1.5947030672667954,11.574829920909483
53.1490159828447,4.36026283810972,45.829746034142985,51.67351628243668,228.88962208954368,32.45278183850018,29.54815164123054,38.540188040358885,28.288778115296928,1,0.5136001065697166,0.0
63.40927541993142,4.921066999855946,27.43675840878586,21.149677998626487,156.54433592886878,27.104391567268504,29.106569288180655,39.28930588979891,28.009136727393212,0,-0.5327008396619114,19.302316606317984
40.74534869430775,3.1501947696768076,36.724068069075265,60.42188746407008,251.2123810030187,22.938358986895725,22.095889924332056,26.843927822667624,20.037806801529555,1,-1.169916835710288,0.0
55.867774406079064,4.8525434400065794,47.2805041216386,50.40097539770781,236.4000479880055,30.95143785791118,18.809365240782338,31.212255092873193,25.568911796713838,0,-2.8722622132816493,0.0
72.20432339178446,5.256249011434807,60.08387739581539,45.11423717450057,144.55981005087656,48.41638503152543,39.82573868550416,42.93795262806448,34.95157522018296,0,-0.027514905050636255,19.615776815859753
63.13945921936868,6.0237542746879615,56.38242360227494,46.38142322015095,172.6354853714325,42.41016854488662,54.99789337824201,57.135419521885716,47.66261859125752,0,1.772251596669744,39.55703272459976
48.26937460872129,2.951006934050455,55.80870147270106,71.26970275778541,246.59155684870146,31.252437710242226,21.235303027181253,29.59159877379864,30.476711118703914,0,1.66125921454787,15.371603802855804
64.48432808581586,4.859912405237841,41.57810917388055,61.70529317554529,160.36804289638354,40.44937713325512,15.798201598654831,37.94001533989538,27.71696336206774,1,-0.45709625658627184,0.0
74.29219581273236,6.12848160998946,53.100252869691225,48.40584531315686,136.38682922092582,43.011204533233276,23.267002550184415,49.06360437079715,33.61948259642966,0,-0.6022120603617805,15.935481888246043
19.00117442845044,1.8122510374936902,10.0,96.64494374009224,349.4930964714779,1.6603299209732691,6.083022451065032,10.202777527981489,9.712404456115276,1,0.46877425607502377,0.0
83.18148129911796,6.604280643643585,58.246805356940676,26.96087085105145,76.23455867405322,45.33643361998244,16.63024736580408,43.30689293420041,26.354866758486395,0,-0.9983854391882915,8.583022530057512
53.274905226378564,4.233297066609514,52.62116721482811,44.95563867265872,222.35911773711297,44.53851709463836,30.30526071081149,35.3491950020869,22.35038796958733,0,0.30179189981946597,2.2729817274753934
68.5097986648046,5.686058935848177,34.50671422605653,50.36952995174719,143.1420920374159,40.91344432647734,29.636432014737334,40.072984346837075,34.462010142613025,0,0.7660802783846903,22.315533088972003
83.94493847290455,6.600060339103524,50.15096020937742,46.2120301137538,147.0985285149299,45.62967177985845,41.940260575409205,54.95348217829145,39.99511183523275,1,1.2269332238843076,15.86118369263638
32.56652605539068,3.3019127133987074,36.56837760381909,81.53874642041434,291.8204146146029,8.971334334595703,16.31292616592161,25.06732493881548,11.855485146185554,1,-0.10015407647995278,0.0
45.81117995144907,4.084568953231726,42.268191035035244,87.19592982966441,278.5442029173634,30.074575909465743,26.4651526751669,24.128619440258184,9.768309883249382,0,-0.20367375017696587,5.953765408952364
54.2290260824859,4.774734262101689,34.32900178956935,37.46411342078109,246.2881672365522,30.452064778493238,2.4924100219043694,37.077806973650425,27.235379978853864,0,-0.877982586756561,8.466439670424853
44.32492957751143,3.0629160045157064,39.571470715465196,51.825109805134076,239.37285399288655,32.68401748174394,28.613036387516967,22.463809622732853,21.754616002396993,0,-0.82688035403986,4.631994316903536
94.69873151673616,7.536204309136041,69.70127048663565,25.56368657624299,54.27699042655391,52.87042005864589,40.00988012660181,56.49721658333734,47.68611454871354,0,-0.22647889190152676,29.043991967436405
42.86455812346415,3.2789316755167803,45.00793677643478,70.30692439837486,251.3194036066466,28.042222653949903,20.27499974169421,24.07359184042431,17.783069733864238,1,0.3673655068161781,0.0
48.88906441026267,3.408324464976281,34.96744102545159,76.87632170859902,264.57106456833554,24.97680028019998,2.3931431729661057,27.518007879448696,29.830646683956758,1,0.9135846262332494,0.0
64.08778063205953,5.307104542537646,55.11776758116749,45.72655967921959,162.7925808759922,40.834709392068255,20.328369831347885,48.370786125597036,35.11704263687969,0,-0.8031789506803448,14.085063657574462
35.95700947847823,2.6077378793883503,51.59002573986096,63.62728545118179,296.25585888391834,13.25273435423036,0.0,27.294289219446597,18.865612935446848,0,1.4926885689595217,0.0
52.08638576487472,4.494612776115096,42.44146158588696,55.35049532866477,213.82063400055586,32.603233724487424,5.072034404860101,37.33861018119716,14.416623062722023,0,-0.2711236010425688,0.0
66.3490652250035,4.772829436553114,46.93762731545088,25.25872712391169,146.50417953101746,39.7968642523254,25.844640552693154,41.00062818333783,27.9157526607068,0,-0.021367294348436157,19.364356064867426
53.342791912349774,5.126943659408893,44.56442419085463,43.11412001048581,200.40690481340434,39.396792745524415,19.22533831304863,40.1523707110846,33.652799167132585,1,-0.7472116791478234,0.0
58.13226282200103,4.202414696464052,37.03977539336187,63.53706515301509,186.9272045987406,31.853661837415537,41.70732483647139,34.085301309325054,32.691752921727556,0,-2.4242402602729416,13.525932349535388
49.413357751032585,4.062719788682825,58.46902748097013,71.06009122260274,240.63425979773075,23.396039560103468,13.857250198563978,25.765469172931663,14.367669446587616,1,0.8840453963610497,0.0
29.71059381638466,2.772777160504807,22.598126048429073,84.64545760128826,313.7965160831879,11.611526673827047,17.897517584915263,18.498275000291024,15.240667601942228,0,0.7368438970924334,8.259087094583236
66.43186422678477,5.029228923042725,43.77297175649421,22.9152055216896,164.32159190299691,29.87737843168093,6.867503783046809,35.79315606280642,31.438734333107043,1,-0.2813275571182134,0.0
95.09866143294482,8.034127236352061,58.21217295286101,10.600495660900513,27.220428796524832,59.71444649475768,34.57367353355354,66.87939216345914,49.99778470971209,0,0.06699071722487192,32.63606953062324
60.36803261566876,4.214850810353293,53.22982474703252,34.93196872041064,179.58807430807082,41.04900309453469,27.457035019722067,36.26134139198991,15.104006696503705,0,0.5159392177040995,11.120310122278253
64.50528234495098,5.886481437187359,53.82557176974307,59.613116700502204,149.98603232137722,40.2070856654442,18.869374093677365,45.918418083606134,35.06887395995816,1,-1.5625458568865427,0.0
73.85445510233718,5.915431040669853,46.72457485749509,29.1408792949116,143.83494343867432,40.9275536935298,23.22530442235642,39.696398496632106,32.988108395534745,0,-0.5290526773462948,18.0321716315906
34.613390069066014,2.470865501540841,29.993886499570436,62.357637401555394,366.5126445144337,9.829076992706467,4.645292795310894,23.273106320111292,11.681202554668051,0,0.7942646796218271,0.0
94.05029316259211,7.374432566793652,50.749645531685914,16.307260818864982,35.43590790044642,56.431235731107066,34.80903934166044,58.627956223835376,42.445049318889005,1,-1.2542894231692494,0.0
64.04657592845604,5.528185708972843,46.68230890065079,38.27157058952862,151.22486503856135,40.34806387764972,41.06719010475509,45.15390447888534,27.478558352208022,1,0.2935579321666293,2.599947089051606
92.63713798178217,7.118743392617356,69.37356010801446,35.167788940662305,34.64561602707384,62.72107136789668,43.79450667258492,55.045369526999345,28.18157374683858,0,-1.356581804623405,21.81626647539318
45.33934008952021,3.2524683624502284,48.81083615825638,55.84292914006949,250.71613088427551,30.17061113727161,23.44698174275697,25.830813377509468,23.682796411149184,0,0.46642998243352635,1.6884949005427359
96.3612384511565,7.598130777300651,59.74467888852264,5.0,34.22188627749574,56.290956480874186,40.906359907328785,61.169352203718184,45.60840752244956,0,-0.03564148229748357,30.766199558337863
75.50310988069566,5.451767734070669,40.068650628463715,8.661927930214151,133.89756035420837,38.01158657907671,29.60854229509677,39.51667902403703,37.05940389699726,0,-1.6151318159055095,10.124956496472974
71.06080171704717,6.595136091334681,40.788281592682594,38.569760253991845,127.40211697998004,46.996165112031,29.88441145182123,49.5789707841885,40.921010555303184,0,1.1647393544571714,26.95138959595051
64.68048908706297,4.891241831357675,31.91065735779487,38.57634954664192,177.18924601651472,25.204201661010664,13.816760107826163,26.752647439195783,17.62326879573106,0,-0.7345915767980492,8.948247742167617
55.02942763851101,4.818162604171082,51.887172924547535,37.82371708334827,212.17042150663053,37.87191903897591,25.95127585148056,38.039404776369594,27.366974340279175,0,-0.810252437014381,14.542588428227507
84.01063316947744,6.825585695382082,74.29383616887458,40.26008436559198,74.9515414336275,55.10949412182615,45.07560277049478,64.7009828579375,50.9566889285088,0,0.20056919723094285,34.2974010076207
62.80719739696094,4.53230876651589,47.16720395736095,55.19974437218997,171.9803967092086,37.877665285383856,33.63038794299058,37.98360968180915,32.66384743407215,0,1.1486373494287152,17.15303513847002
20.658605928256954,1.6497111196541916,26.67397360663135,89.00277952449629,336.42019065617745,5.8303038390130935,1.866509689851222,12.783795801482144,10.216621191227784,0,-1.015821818978397,0.0
37.65627076585995,3.40450305092417,27.698973341904317,88.71564416419045,273.8938755579156,11.64281975736787,13.710582399634006,30.856885575497003,27.80032657360099,0,0.06167984984797165,4.654580759538699
56.28308495614505,4.408516128948452,38.44704299229387,61.6673474446383,226.21687274402188,31.38208232607104,18.841676207628833,23.63567567432651,15.467458580870876,0,0.42881650033057295,3.016934488634657
66.1999796633111,5.892554845990402,43.00960957378015,33.92574951846771,152.89575323713763,36.343671880388236,23.89435111773431,41.15019953431163,25.263511102166166,0,0.6931056072631441,19.86620557429706
58.86823022200208,5.220216114151098,38.103851241625804,38.661127810108724,209.35097385706945,27.72458508316877,14.232793251626124,37.309510417818046,26.917379891669267,0,0.1764415552772252,18.428883475458257
84.37941579587326,7.209810690999025,43.58757549402097,35.43636273757308,83.45077914433833,50.92726542038888,31.649561412002903,55.8173448146423,42.46237368884452,1,-0.3670278390833223,6.565572296808729
20.977962719227506,1.448408631401702,17.327121539532644,93.77844075838071,336.1533695653745,10.645052305357655,17.649924554879917,11.835935588287281,1.8851645109003776,0,-0.8275902206487197,0.0
62.8717587301032,4.489819474517512,43.6068920089318,49.16521448554474,173.34137250380064,35.55365681945737,23.849246111361182,31.918352289130283,16.593756228665683,0,0.08614388304637476,10.600234733508348
23.640415492256906,1.5844394366991552,24.001898085358594,76.20161087331621,334.813975246881,4.138562574801039,3.772325742039219,15.688847886438968,13.021811765768131,0,-1.072139011985607,0.0
75.19424590968336,6.11366014310803,53.57120710116445,42.101124894385684,114.35544202753044,42.59994607092301,16.112222712036292,46.356447319933174,32.22023318052791,0,-2.9213504834946074,9.088613877194403
58.11082571115995,4.9217594136589735,39.05054098212104,42.82318769123266,178.48280210454766,28.715474295811873,16.19110703121588,41.99859084551913,29.996639397030744,0,0.4365598041576678,15.787455212316553
68.39219944048236,4.385590252858365,39.16260930826134,40.38396070439351,143.53413231979695,31.77913600437334,18.72591917288484,29.954425016507624,20.07675417587691,0,0.9039348410861953,13.722449033123011
42.722340788204676,3.413730662250499,30.627170919960882,84.64098896843907,242.07707688861515,22.534754927908615,8.01444281959336,23.413880858806618,24.355262403753244,0,-2.3629324355418384,0.0
85.58929863315502,6.926188503313995,67.29488135137014,16.480690537123227,62.604820330103145,50.545334769645116,33.02779089389783,55.5961475693641,47.64692352986625,0,-1.0097307047099375,22.595267052874743
80.83449328117703,6.327987334336387,45.15075538598531,10.289635633948635,91.24935588517687,43.687805788640006,24.96361544079477,52.96525255708007,33.08712265343259,0,0.6191542610051978,23.125863073501243
71.67088606023775,6.3793078043269595,51.04435777897382,25.698547637320928,126.27012812768068,43.28472452342849,28.775037782177172,47.66088402257448,32.534804879876816,1,2.0574954697116987,7.110820809438115
57.40965506273118,4.80366244214393,42.51718805920667,64.52193085752029,230.8304749101831,27.173779352632316,18.63498065776248,36.05538100874221,30.506145802843253,0,0.020793707675407894,4.734493686697568
71.59714570590265,6.382867610512661,42.93735415794921,41.459627942659864,128.71465915482918,41.532155119896245,19.349865965351405,48.985808396082476,39.19581724184282,0,-0.7280029412291344,20.969069518133054
45.862148640253025,3.560991631045126,26.224940999097115,62.59132281548193,255.74360475467034,18.70349376078993,8.96765668464794,26.97365282737541,19.18772358006954,0,-0.18289644110484016,0.2501254544397413
77.11111318041424,6.637627800686602,56.283887713952105,26.77976115584693,111.2443121392781,49.646689858928845,32.88934267039042,56.105561104707974,35.88430989186991,1,1.3748764191481848,10.747891721523462
92.98961788647841,8.256702628182033,53.75852233760865,22.834701004159868,53.79731062953894,53.97315945107272,44.55694909245107,62.68261041066504,43.27148124290596,0,-0.6459641791245353,30.484469986425758
81.41221119958372,7.168823620603029,60.48778499220253,18.398530588533596,84.09394973919919,57.32446589398253,39.31465621345457,55.541965781122805,38.64410760873939,0,-0.7991920066502536,24.656955908096723
45.40795060385181,3.086565251593778,22.832021686104266,68.26003621985933,286.20011165999335,26.075859744638965,11.653827394675904,19.415600138660764,15.053112964084274,1,-0.4827435221820324,0.0
67.22834634546206,5.251429668865773,57.688379372155595,33.99659882878246,152.7451632153464,44.59173030353951,32.1766627712515,44.33353217562487,41.15572666411007,1,-0.9533286082587124,0.0
34.13716912482705,2.5583911772612655,47.27429584126193,65.09091825187231,312.2194094065645,10.625757147039895,20.567133260150015,24.912745015586992,14.308707731528365,1,0.12267031599479553,0.0
71.44780622351351,5.960451765419244,41.405896339441256,30.90234455858635,129.00325867941652,46.74377789245254,37.71710741080631,43.98038085805272,27.301145251733754,0,1.6246784584695606,27.845983679715893
69.01206825725077,5.864142238087329,53.65052640382228,36.48304238494168,132.26122082981885,50.19128061763035,37.00454464494469,46.85014659409465,34.03236113415687,0,0.3230792731160291,19.02573442136908
22.60367320935672,1.3888475197356698,10.0,86.81036875943884,347.4640479682147,2.5466323271018414,7.460032416474769,0.4235512381536548,4.472512130445873,0,-0.2523535021262876,0.0
36.764323121752724,2.9750651066986866,36.144567923204804,76.06114641958065,265.7456411098847,12.984401651883358,19.95949340515323,25.752896437833,11.225582604937625,0,-0.2918112689155441,8.899264350356253
54.33722206512466,3.3370140991319044,25.383471354735107,11.40239443773401,204.6819717816699,20.01980784253512,21.61788944978911,26.52228186714622,26.4291318419032,0,-1.563190808696657,0.0
53.98280505718348,5.039596907475623,42.59383112430555,46.325388249855344,197.55594210111977,28.48834954261733,23.051510251642526,42.57725146760171,30.357404230392348,0,0.883109777147159,13.371042152260072
35.810461291623895,2.6086497829915647,16.337433235243196,69.49069898010363,289.33974418956836,12.399158939279982,16.608591067252668,16.262364087383343,7.625745660369434,1,-0.07783719701280203,0.0
67.77957458704367,5.450297936885742,45.37585631994688,60.28116987625629,212.9943744194915,45.64925123043379,21.01880452966948,34.078102893401216,16.809216337055517,0,-0.18047991359062565,9.04611072799343
65.02947217881024,5.047532917310789,35.21037777369409,32.01049652060418,159.36367867838348,28.09608438408718,6.244332830934418,36.053482364031346,29.943854349805445,0,3.193107567844861,20.906645733018017
56.11461736042961,5.062183176341076,47.50373686125826,55.83894205676934,218.33851814061973,37.39061407120015,25.560688351430738,38.65736647804889,27.377543496786462,0,0.29875290836568624,17.848559298208027
44.88416999683274,2.1719803790479295,23.049115453387046,83.05619371999731,245.66324629845997,15.555033896886709,10.660217710180667,17.612964673368868,13.247936042400417,0,-0.7517910500951843,0.0
80.97414252833127,6.469626231103547,62.20154236315016,13.270235112301455,93.60583463436711,47.75752331770371,26.69110972840135,45.42353704374017,29.10660796065143,0,-0.4263575962055433,17.25589864964477
93.1081422617659,7.395742002192423,61.734719300612795,21.619560448606922,82.25236878648764,52.62963648208698,40.81608507197821,58.89187188367313,42.15055040424046,0,1.1484457091967548,33.45797489310615
50.32877032306926,3.7994834320496995,34.085415508159855,50.043967669716494,252.75845818704522,27.10842840267577,2.717569770129362,30.87075694902556,19.890798447987457,0,0.11327041053776446,0.0
47.75666165690359,4.683646205370104,34.90722223383379,56.187733435625596,250.23896689534013,29.25493496313145,14.737529677573015,31.373344577771707,22.202650053969833,0,-1.4382779783173667,0.0
69.82415330823993,5.142267535231309,41.25866059917946,30.5385166843203,133.76536160118764,30.86109240388828,16.180065703506465,39.93985656623409,26.040986080461945,0,0.9192289345752035,16.600658990970615
52.83941240506027,4.613051081022652,39.09125981895105,48.3782998939491,213.82399502472313,33.51475220651764,8.694174653440792,32.52406040957685,15.97197840432293,0,-0.668144085538994,0.0
57.212055986735315,4.755090873291867,55.35178483425883,85.4508897881426,184.77877158091295,42.744148828074714,39.741544796403,35.17765522602722,39.338493704063595,1,1.8732977762175456,7.4710029354966405
74.79306303449343,6.614204669027233,44.57419626581825,45.34040743036656,117.60587870106151,48.51464931019037,20.66091190231716,46.928077308574366,27.85497956733261,0,1.0800480657146485,23.96517101669791
21.812878249854144,1.4114357175995789,26.987116207636348,100.0,341.62714168889005,6.848695440007447,0.0,7.372625387638517,5.443070058058677,0,-0.4473218956587512,0.0
86.36604649705339,6.5427992702023925,75.43720888281521,29.537875344984563,92.89562418580951,49.14744995275562,39.209680531732225,59.37367732241425,35.215216260180995,1,1.281016361735113,15.890518320362816
61.453610486586825,5.464323792665645,34.855977450330336,29.271308052589678,207.1675791673671,34.55046217250653,27.6261631595591,37.09656420860546,17.10112408854596,0,0.0678555105274033,10.235877903838222
51.770137108756394,4.354271622865567,21.688549925223956,62.96935853512329,213.27530767468548,32.414922091333324,12.20430178748869,24.787659263551514,18.33087038206327,1,0.8527736751222195,0.0
58.21531691557102,3.884756679907303,43.77033084261736,64.65983845851713,175.85292982420722,33.27272197905196,27.087182960468866,38.08984553453044,28.772091246476872,0,0.48473281729447476,15.816276062238792
59.248587100410376,4.470234460801195,35.99993574261853,40.510619211120286,210.73321604137902,33.85068313467185,24.321219866802476,37.63881978720193,33.79297268894136,1,-0.8463566549908735,0.0
25.37597393110149,2.22326924141215,36.44921394340106,96.20794607483202,317.2508684005983,14.261694225377985,27.93438574338743,10.195468187944764,8.693811653528144,0,-0.643549832317462,0.0
89.89876454906472,7.6107832746984725,63.27721058934362,28.553269969184225,61.87616623926494,57.822641821401064,40.81624051245713,56.99726563765739,41.64241553264035,1,1.0299608175811612,11.245823129314049
60.82651264541237,4.526505685036513,34.55656477143687,71.39796789235167,165.03440614368964,31.698436001794153,19.474048832617946,33.19812879535156,19.508401808075703,0,-0.33477533210654087,10.917031480304248
68.86004260894751,4.051675413807331,36.73043471614614,36.12656124088907,140.9878894551254,32.32939542492669,14.162091369246966,32.981353368762036,31.646782829271647,1,-0.4036484632419967,0.0
79.03099541148086,6.5840912257869855,66.2207463789449,17.79767280121042,173.38714724784637,48.75580249625953,25.737324686924122,49.20787884645004,40.88866300890356,0,-0.955122579349353,14.666046053155
39.57675084879399,2.5559797229315318,21.991885853313924,66.08371183873547,255.90027604842732,10.645990896019814,0.31374131866761434,22.163926180270185,9.555764054087268,0,0.42359906559346105,0.0
69.46943798070457,4.54888563939516,49.06689458109748,57.75741393725891,139.25066123923105,38.772947764401614,36.17120655815643,39.97306446150889,29.589654886310424,1,2.062524919243145,1.5844071016539791
54.64717818202413,2.9556112920698596,47.81105217854169,33.41195124787232,197.82068526641635,32.04762680803745,20.97471674535611,29.943439762822322,22.461888370980212,0,-1.0675329142542729,0.0
76.93541550432988,6.5618236704452615,49.012207333722614,8.244075910497731,143.96738353172623,41.41895779477526,31.44429955840176,56.63870402342582,40.159089499627385,0,0.02421945667275807,26.169404468435474
17.455451592970093,1.4607448526400906,11.75952782767746,93.61729175420926,387.3902548181977,0.0,12.113980799847097,8.83264645533312,9.412192133788256,0,1.4122205554154292,0.13242841855813436
58.01811399517462,4.528620929257844,40.44699569839703,46.6708144915355,181.7521906949621,39.592145863811716,6.867181673817896,36.74425729257694,31.03638856074721,0,-0.07964139124571515,6.833563977278397
47.943586884320766,4.529999132227042,40.39375593418546,62.14914783378745,220.33040540530462,32.57579393193298,31.405256173359437,40.401693472508214,28.585065778282726,0,0.4523717962497339,16.971812804088273
68.64525901268311,5.810283062526185,53.95912466398143,52.69848224214727,151.42087130355742,40.287953262612504,26.6303449149648,50.12143375195594,35.57686550438373,0,-1.0623935281468797,17.306091097713853
69.40088374736405,6.360220721150082,46.37948131060655,33.968284099209725,136.71685971541535,44.64371143143074,32.498799403553534,44.69175061394552,40.43999819881839,1,0.4283070972076486,4.910095569489645
45.84748210355948,2.97143083220126,32.729728087456806,41.67644792527307,249.7405550077594,20.090452087722777,6.431568083033796,26.45997533349577,23.685768689844178,0,-0.18714426500454878,0.0
45.756522716479125,3.6432465053413483,28.3117757863005,88.7772559699202,228.47554287688718,22.00331006624147,8.261156355468806,21.841488720292876,15.962324711382486,0,0.985729995679863,6.103438251432466
57.78669262885341,3.8145787228342654,25.674560771002938,40.24656792188128,180.15942870124204,26.611598311559614,21.208306021017652,29.310402337463376,13.159870681422154,1,1.1873860515647512,0.0
42.06715545369583,3.250681270367933,32.023017391568374,55.224399082158996,266.5089161138984,16.950981454849327,30.094920348303816,26.655076044071,20.85516064084201,1,2.589563642018614,0.0
76.83967390904255,6.022865985840065,72.70968934466046,46.40496625562861,102.04792307271182,44.87762812395562,37.196964783090365,46.460500688600135,37.85450625586221,0,0.5796331732135757,26.760829121136346
52.61585599105108,4.522575297915622,27.993907786825126,52.77027455645071,237.9939795803226,28.783768213292515,28.833632709988457,31.008032561133337,8.683469972674931,0,0.32579631658216646,9.451244632689107
5.0,0.5,10.0,100.0,400.20754941105685,0.0,0.0,1.561028094321609,1.3374397544726289,0,0.19438430157733602,0.0
52.503558867563875,4.511988278545068,28.045213490857297,63.28992262115994,204.33876756781024,30.27655472002472,14.878126771331043,29.1735761489501,19.066707290956735,0,-0.35316629281068834,7.342419884262301
39.229123583120554,3.4900499532190916,34.70630429541561,83.77387365419939,386.1033757380877,11.496543105044122,1.2263134056467315,26.687021880021522,17.841587045528758,0,0.33848384346169114,0.0
27.37448369078109,3.267423033954058,23.646993125511166,78.62398799103765,316.3777725785685,7.265987481215908,0.8167020652168362,24.808678193554535,13.120650597098692,0,-0.29540141013902943,0.0
35.251467235548546,2.6624690512008216,23.090650140719415,92.98795683542305,296.2219883287176,7.773301116045538,0.0,16.97570674369061,11.078630323946491,0,0.1684609762696143,0.0
62.1881694366594,4.504542204599563,34.35152798927193,22.182232378522933,162.84376525095632,27.15914651208161,11.85409048972023,35.40442151282225,32.87620873652862,0,1.3175975356079597,15.120822649860354
86.57281656496463,7.048867132855374,61.52473951187448,32.5446302784723,75.21961081770066,55.74454042543583,31.751126028054543,61.58085247540116,43.55285406905041,1,-1.0065425652796411,1.7855787288173475
66.26368947729961,4.8999551446141965,30.738361360751675,33.661979826488505,167.5927913629037,29.812915734916,17.975529832536672,37.29400854944957,32.15022580288974,1,1.1398785611290454,5.033862529362013
47.869932235685205,4.570574963073085,34.943218233554575,78.5973235636107,226.49773855441964,31.395577159340935,21.461126031549945,33.032685317344516,19.966325500916476,0,1.3171150673398653,5.460116153716143
69.11808390341406,5.387837692800509,57.09790259326918,42.58644984255248,165.01385198700774,41.84982418679407,30.101992670421033,40.639861794427276,33.63153173125715,0,-0.11806852699107874,19.95659203510909
50.81819379562016,3.7826673197126177,23.060744290597327,51.106942220267015,225.06101379448148,27.747403565269032,17.91640933788119,28.589946925467082,20.677166269063267,0,-2.1218548990085946,0.0
46.10799261673711,3.4529815487634097,16.950412063419336,71.84610049952248,236.20362431259755,14.81782968492765,4.980044604460917,22.683787081026924,17.97663424957857,1,-0.6078219870944325,0.0
36.91274663534031,3.312228442563046,41.633301561686814,83.8055135311467,281.27919731530034,16.8784398002683,0.0,31.226378104048273,22.571241310339143,0,1.2969945465611092,6.121825377087973
24.96342386496562,1.918200417581507,11.356800310430083,92.73930560933803,332.34997751127975,4.091656231076789,0.0,9.898951475842907,9.654925562945927,0,-0.022868062298882122,0.0
52.201525868811096,3.8552886594396965,47.900546567605986,45.442119255592175,204.37288792696114,33.44932118329337,13.962453667644649,25.56969663522409,5.609258863957896,1,-0.9993022322949108,0.0
63.161069798402636,5.885561542683976,42.67277220690353,41.03072471813235,165.03130633395108,41.05524428285919,30.414442770087305,37.129542596610065,20.105844049403444,1,-0.5047749212282174,0.0
58.067526599702205,4.217317207645301,39.02772045037827,51.88359935484058,184.53092549064306,35.79522457125368,30.541195144864442,35.40937644576328,27.955741618268995,1,0.840620026504553,0.0
51.68066144105283,4.152235952300724,40.560590003703425,57.82422272714645,213.1878478346008,32.54529308204609,28.663009039809474,29.881577687580265,11.444669277810782,0,0.5467335682013793,6.768877174904229
41.08507878606438,3.6129593786902654,19.919566582780657,77.9118669191958,276.0777600477878,19.228501548918054,18.5541478958193,24.509125576318954,14.854482082309808,0,-0.23893209916969432,8.313280696973138
72.16492383369938,4.957526351487414,51.84041811854601,13.656261376221323,130.0837193769378,29.52825347391964,18.12515887442786,42.47938014775935,31.031087576264806,0,-0.36682441181468756,20.263721636768917
33.6573616010683,2.932719178788427,19.745258972506882,80.35456305357374,335.01295864985747,10.438227151843389,2.609203124891029,17.847542992402914,8.262850885903259,1,-0.3917581490438219,0.0
75.52055827686951,5.514090824409336,39.65945635975834,30.999665469890815,109.76729140663744,42.23952131991053,21.478866828605312,41.063980620548165,26.837367158786044,1,-0.9224101844985025,0.0
39.9556596214655,3.607844160134241,31.34378248228984,59.98233298192707,262.93316665974095,12.227926298942052,0.0,23.022335912100644,17.775426774912756,0,1.6153756894694418,10.149603523049462
44.9512952529393,3.1147781142756563,28.832828608278348,56.138863413825504,262.1297672601204,21.871370121662018,22.151220183143174,23.026821911433565,21.468912923772383,0,-0.3223204692113399,5.351051092248671
30.66429618768646,2.7995282109393473,19.89475904693344,76.76125183809798,307.0042010660784,9.036608637572622,4.4761073109824085,15.594822704286951,5.971887432724828,0,1.2171585208254965,0.0
49.97195706228727,4.550673098130338,22.878760509459504,16.81502168419852,225.95628611472875,23.33360388063867,5.196120173448145,30.69395155143416,19.369754623206845,1,1.5213160519224513,0.0
79.50624916955958,6.791218196381169,71.56837809631975,22.078275980941818,87.17006250711205,56.778701654570845,30.294225069789174,56.240893724483215,38.08649897772886,1,0.9983108981479604,6.771923675462524
70.31256176887914,5.750663265629382,57.98593510207655,29.177660335365346,134.85712952271876,51.149189082852295,26.311185252393578,46.634807272932285,22.300294030984094,0,-0.4316203127180484,12.42179983151804
79.5684422405607,6.249824907780006,65.33946841011227,36.82495627131079,92.12686985386283,48.97383252659195,32.17718702240578,55.68126256167092,42.0168657540482,0,0.40373009033660945,20.428445823374034
70.44285091867872,5.347218285326875,46.25554861865828,29.89082889119504,270.458190997815,33.57626876258248,30.3643175042441,41.63349210524729,35.03497117776518,0,-0.024195606390916165,12.400028955041138
37.926603429392614,3.7696456197599613,10.0,69.49203096856151,268.0819168545412,6.373357192988918,1.3587657786781318,25.738081516492088,23.527601906408236,1,-0.9037018607301281,0.0
53.38421551344885,3.9209896309920866,56.898124684309295,75.12310401848677,238.95538979722687,25.46589254491048,0.0,40.14573356141143,24.95358464871976,1,0.324359281721603,0.0
44.39601741765075,3.033148356627062,30.466237112296838,77.53620082013434,256.0913954053294,23.22747343207167,13.584415049575224,25.35841798105446,11.924415695482624,1,-1.1790397911598025,0.0
86.6114980807808,7.2616043139788795,53.14005069634602,34.21575871854063,64.56980621262512,53.13445603932958,33.28784522478666,57.2817247623068,42.70360953404373,0,1.1876793884615637,32.716690332230705
36.064227071473766,2.4870697641246533,29.412974694862772,67.937303763596,284.21508410739136,7.690024501600753,3.199154078556316,20.18612590821789,18.396127772039534,0,-0.4646172972983931,0.0
77.87395378778221,5.7548845542895135,66.18297553148052,38.642433563693615,129.64812078576279,46.347053995888864,25.10589576552215,52.60436436662281,39.671901524526845,0,0.2011596558728393,21.246363750147825
77.85907740217539,5.506924061089149,54.27084862066811,29.334148992381486,135.9665580207203,43.892515551324905,30.269647754167927,45.49999202646781,34.999800974973894,0,0.28328787154614216,24.088549946821544
96.59240403432175,7.48593740301548,80.40043450341896,11.054477437555,17.808350974429562,57.72934072960369,38.05320039543441,68.40128855589867,56.84127322755638,1,-0.25890497370407733,20.560603341254463
51.80626814741005,4.103143939844557,47.09438708835572,63.109955977548545,210.7110517263344,31.102154559349916,20.01775795056427,35.69338583343758,22.330766402610163,1,0.5866938014752747,0.0
74.24644319160325,6.06126131915861,41.208698360101685,28.589633747345562,116.33101667525474,35.17194466045193,26.162894920837477,43.80089897448825,31.230182553558706,1,-0.47490365662252443,0.0
100.0,8.475653122149742,63.262098943405235,27.916037253318443,5.0,60.42347834295734,35.836598337739446,68.85704512649507,59.73701556954519,1,0.8712972974572442,20.13887390713733
47.647166461326066,4.075222278738982,42.92838815572592,60.43127186349869,238.11979701746714,29.7280943760322,15.430575986815706,32.52778714210072,22.611584722885155,0,-1.3459796802467485,2.6914773712583906
29.299195049352807,2.2484994941716345,10.0,88.12113174576318,335.5390066354334,4.761156118292516,14.135737793573334,11.160412347292384,1.0505937705646646,0,0.12637957954641182,0.0
22.399799321844725,1.6928861075577182,14.185302593641419,100.0,335.5324101627635,4.2847515059895045,7.259931756616666,6.798845652160715,0.7693346932784477,1,1.9389289990582848,0.0
74.25424057722662,6.195417980635722,37.66965638781192,48.12560471767547,135.0764277249113,41.06121116916499,33.30535574749965,44.84771713638183,28.37542102913571,1,-1.0003313246055747,0.0
22.336995838828322,2.4232447485705504,10.870359072844577,70.75597492888537,345.9457456576833,8.686519603210172,15.45507442475916,17.705109974842113,14.06343339808181,0,-0.6777449705248515,0.0
52.553618941241545,4.267446615040924,33.79933236857704,62.78513179887707,208.69564334889563,28.049051394653752,22.43943685152334,34.47101621481809,20.634212540144684,0,0.513907849658915,12.36790239877566
68.74626374077921,5.2651356721571325,44.53994083947037,51.46236899274855,134.30681178197648,38.46514071764133,32.42945089955624,41.56625598300879,31.962344679233215,0,0.17958178193959795,20.52938802410396
63.70351073659828,4.59984785838509,39.06984499449271,56.9988455293307,177.15616545982192,33.008069624430405,8.82048395931768,36.915180685367325,23.335966519470617,1,0.3506300992735592,0.0
68.50889728368344,4.758109150488563,36.984791602290265,28.13156470694099,170.82317519272078,36.10361960918679,25.10058372193963,41.47506173424713,19.833787933263906,0,0.4891871301476635,14.401535411425629
64.44579711601708,5.488798605303128,68.0311706493988,37.669780039775034,172.48563212103338,45.53128369285459,28.133586705840866,47.457230127496274,36.466584988476114,0,0.6347214685617699,19.760051232180867
85.57731626626787,7.1351745631212085,78.57874142800102,36.357382562631585,60.936076380431906,56.9620168639724,50.44678368878054,56.17618359347511,42.52123556548404,0,1.1096998419562232,37.5243616486004
40.95367238522406,3.5649755533712555,17.04691246709401,59.9052031665842,252.8674432207535,19.81138635033574,20.298565382144634,27.860840687386116,22.65484201646066,0,0.40981865692851255,0.0
46.460097230829376,3.6524780552903224,48.34323557461623,59.94355008919885,226.30782549181885,27.68206467230792,12.949780510654708,28.884386712813175,17.522212274190164,0,-0.24125765461854246,9.559344977287635
44.54681109458352,4.267212260512556,27.18811286147993,84.36369861944011,249.80076099564542,25.66896395702175,19.667179840297784,25.42076435409769,14.344324521112604,0,0.6725737012027313,0.0
76.60383623725221,5.886247651687768,54.91456009939365,32.82257275813031,126.51482125662528,52.54953462059089,35.498648170978,40.22020627573029,31.624961295440073,0,1.8998819348952156,23.41950481835704
78.00797176790127,6.718272360035705,53.97284063856173,23.270738578092615,94.71021457655893,44.92343915686177,32.83488691717798,54.92443960360722,48.328214072939694,0,-0.13263374638257355,24.443178162901717
69.02450638637016,5.502589063414842,41.71966805791945,30.444085331274977,166.5420018441597,37.11933530548118,15.976828193565552,35.43743663019628,25.98821047775452,0,-0.9745293046706415,11.528840133004113
83.66987333779855,6.389414484684215,68.40743477252045,30.322758617223705,84.80304044318923,49.800276276484034,35.25031130162043,50.92117243960727,39.883111516979824,0,1.1070806692869728,16.860647029310343
36.43918265247238,3.2113997658566715,26.76629316249724,57.56304124580111,290.377093372927,8.684547327632202,3.8197449686550575,25.434767001534517,16.566776028643115,1,-0.12038116395359824,0.0
93.34448223102274,7.672376637823816,60.575623329523495,13.687486202220244,99.04143862793092,53.962109194996344,37.334969089192434,63.38147635884624,39.345226559469964,0,-2.172669546014036,21.19803683386967
90.46477243424516,7.415668174373076,50.27944626596688,23.5339939856351,41.795769952839045,52.59716929417624,28.3930787202372,53.2803543205755,44.515703881085464,0,0.8474216771504216,35.10902124361272
74.71243994491493,6.017634406621294,43.36275782424924,50.87735790165708,152.5057692581962,34.568695559528116,17.78914674252048,43.8660146927376,36.82910065391901,1,-0.5353281859539227,0.0
95.6359781754212,7.63193171317528,50.53138356677387,22.374598789018748,21.02473989043414,57.04617812145834,46.470751941881545,53.8153281256696,43.728831519846835,0,-0.09053328230416077,30.8973162460421
26.867535846444525,3.343588864150781,18.92951057666286,74.56368273776933,317.1395219722289,9.701061468385955,0.0,18.872139540937205,12.294053950316734,0,0.33198033056901455,0.0
49.51103727474696,4.5530113045778435,22.69107016947891,74.62999453601768,250.18879517819755,22.214412854697734,6.61733314721714,30.324196683647532,24.90413433503415,0,0.1904996797790664,4.594064403489972
45.29393078636095,3.984927910401632,29.05014642526725,61.11188876306931,277.10886683775186,16.999921737136795,10.637299071414292,26.10992291538731,23.174832730349685,0,0.7094518171390395,2.3584285732884034
74.42958647514686,6.010266497113443,65.8017290687065,20.741977260260228,121.51518521574798,44.444063541892255,22.71351830074233,50.498072226141595,45.43990681750374,0,-0.43548637056984335,15.491656477083135
38.99718520795709,3.623353416934902,39.29102537478582,68.93831848085725,274.2450197733972,13.61593852478497,1.7701309830078404,22.257134194792734,20.764508545703592,0,0.5131057981760827,4.5737648294940065
75.14990298674971,6.270989627135703,52.28216314969862,52.10812742699871,129.00053094755947,55.859753060639235,37.14944725908187,52.62289683811348,39.23232162778833,0,-0.2595466775839172,22.146586576498365
87.41072287993427,7.005960206781759,60.316658754522486,24.57215772084483,88.64131211688951,54.14353547199708,23.15277120156847,57.9265844159632,36.46138627129458,0,0.738810480887503,27.310687377372453
73.90405800167999,5.760542477501441,70.53158609538607,36.246204370277454,112.19399810823212,41.370545614424906,18.827156770067088,53.5554626576901,40.43543676551119,0,0.6153674840130534,22.203371232644816
65.67502047323002,5.213542969027057,51.18007553484812,63.971519263204215,177.3868350829128,36.78719263377725,40.344439875344364,46.03940203318162,35.14182223404627,0,-0.9354387020445953,17.504464553027734
40.24253318198502,1.6341897866197737,24.89170862862428,52.58120865336187,264.1090330223168,12.946944216407235,12.091314212416776,10.098153942023753,10.267251479949294,0,1.0859821161750323,5.032515848140198
43.0629806774927,3.550338873848237,15.88390530304037,51.50982995387403,251.11490403152067,21.138941511874226,7.767805164558958,21.26394013904372,21.89129133445037,0,-0.535963445114048,0.0
84.99237810593334,6.5551522084194875,63.433396855800765,5.617464242464674,74.06148379023722,45.52893252611729,32.939526768105814,47.32905178201504,34.623957476957216,0,0.8080577982811451,23.47553450570922
75.58698007810665,6.843293405389974,61.204123780503274,38.88479815965401,116.76952709684741,50.63783146521183,37.45323426828073,66.9782431098919,60.21680038767154,1,0.36728731340134063,11.093458081741714
59.21960961244912,4.747240804401807,35.13721148357794,52.77830791293238,229.3044730088862,29.16159158494538,26.910349890936406,34.0304910403892,15.94414139332284,0,1.8381836767951225,16.155225550531142
51.64180908468219,3.5368630170070943,39.06129391065785,76.87102732267513,218.9948823556016,22.81359771976009,13.811590282190215,31.29786181323292,24.809111018330736,0,-0.22346598237185214,2.4638447751347736
19.48384253777246,1.533767325957738,10.00295682729043,93.43785838786879,399.3957061324789,2.6022600831842952,9.503450676252907,2.0788056658337597,0.0,0,-0.3493167961181975,0.0
38.58295162631123,2.5635755875736463,25.167742146427834,66.56716245993714,261.9276995526145,13.288316988437606,0.0,22.330584641624014,6.364542323881707,0,-0.01941960588773261,3.7650667074305177
98.22838174279447,8.09497424727979,43.881646644332804,11.793156731742817,33.1977409122627,56.42310551645506,28.22455354188976,66.38096281477345,48.53150005381456,0,-0.30317978283427544,29.745178268199776
34.39088857995067,2.8967447685657963,21.855807968804115,77.02160044158083,309.0100333661384,11.964432663789042,9.087852445354523,18.75221758540484,5.842668264902539,1,0.7999419019420501,0.0
63.78959642442161,5.582087529507863,54.34641052117567,26.149268295640386,174.81800662011685,40.36801771951713,28.876279780148465,41.72813840620067,29.824191955969308,1,-1.616310608436588,0.0
80.14887946390397,6.016469461265035,49.790190069067194,62.37510026811475,102.04966478014421,46.60369523470785,22.99814360121097,44.872423667669125,33.34687247743669,0,-1.053682419146354,7.541866849654674
34.90154663995415,2.8091277793104052,24.956346330121065,81.3369055772688,290.05308315571875,11.089314288570078,9.283414217675825,10.119961879700353,12.28192124773244,1,-1.067802921579193,0.0
63.694209495621664,4.413025861936416,37.02643958001596,48.825890200649404,191.9399470291753,31.726453936214874,15.631473069041583,33.14192375250265,16.615411669865992,0,0.9503075919735757,15.315204460251705
78.7583107502131,6.651412250979405,58.735234288076896,38.62365706112986,123.69486060554144,46.973333549343764,28.31699405325612,55.94496778209115,45.96077944166588,0,1.7106133725819253,27.480422278244806
60.24998643814501,5.079434505271662,40.00975853133977,58.262945328894254,169.5588085405922,33.595012569633354,30.03494857558177,37.42286882052615,27.90485408359841,0,-0.1044492185374715,9.640438006997922
100.0,8.247902510513786,60.60758459317993,8.313358173970819,37.75496831492379,59.082221389405184,45.674943878222166,63.08708508392329,52.19452306081389,1,-0.16882172319001063,15.140990343078672
26.628014822436093,2.1310507014733577,31.96512505235654,75.7970915426755,318.8533896314258,9.337615024968098,0.0,19.098003359243638,11.211345041614265,0,0.07005216311318138,0.0
81.17457059767759,6.701352093208603,66.11151955369645,36.01883763818286,84.9192708342862,53.4250408935774,26.268264884664486,57.3511499535648,35.92109215248406,0,1.1618783026081905,23.456708843246396
56.54396525207071,5.325686774319955,33.53170803716775,58.08456483430672,223.2841892460957,32.03940036317841,17.536223071639437,30.793197163475604,16.237498195651654,0,-0.9273531341905741,13.14998279969581
75.43840309673351,5.892525119217674,57.78476526189123,24.842915714193595,114.47225744454285,42.087921845592355,27.143178790251632,48.91448809418433,29.711194972190853,0,0.23836898273478513,17.615725100049488
68.82614303398492,5.575414034573836,53.552420151993246,58.20228430242225,163.97342208045353,40.20026758383336,20.866986020893755,53.67441552723719,42.00516918235076,0,0.9751976297824297,16.452475340001875
45.33687605780007,3.0838869350333007,38.15882559057181,68.18334837807573,235.69942412792844,33.28738697308245,29.961941074900935,19.293795606346873,21.059646954277184,0,0.5010941699398452,8.574005914262024
64.5799278491868,4.732263747135778,28.263390534479985,54.177904498024766,148.84304426317067,28.88418095905769,21.553836357055943,32.40885956020115,20.87827431968203,0,0.1895816165987434,16.386996876305265
22.841970972034254,1.876264324309394,26.055445090750254,100.0,337.7458530422849,7.402727822532018,8.060453963641244,20.538431706750735,17.562595451684913,0,1.0010460925671412,0.0
72.06495001142787,6.317162774265182,44.748475378742185,38.19771584255015,119.43949327833353,42.08440126949749,17.222550193613593,51.59691032432383,30.551528049526883,0,-2.703232292999237,8.541007974204181
65.96316931981052,5.148913133459056,42.59593918945469,47.840254763998864,171.03375258767437,37.73944952139987,33.86896792798015,37.096864136813814,28.0681538776409,0,0.6778753195309076,15.069359425326349
72.77320337286204,5.703898005172901,77.32005988360542,46.94712348921136,120.81389925564423,53.44881037950808,12.18037616875473,52.03058834596861,41.83316631832295,0,-0.6540756831274238,20.712399590639933
81.16236650174301,6.289546697887253,59.83239035843022,20.139300492656364,90.84505792237827,45.935534174456386,36.530540828191604,51.67996603235896,31.07049981187882,0,-1.830632896856457,17.389811731141403
67.35239680419421,5.120813408913375,43.28345300846419,43.2962231499578,138.94105667399526,34.443585149803894,29.8628242487387,36.38864533081174,25.69287857598568,1,0.5112025995249807,4.030741789422179
62.96178839596553,5.184428799531653,22.020308149616802,48.54479464384825,162.31640994325303,37.4008313493831,20.85133087887532,33.88740167242938,28.359310328852864,0,1.3736585451629577,20.673606153431326
42.37863326677416,2.6416618387526105,43.56268462620547,56.148664113025106,272.42823252284,27.6824202917237,28.1768549275998,22.813344452189657,1.573649032765875,0,-0.13744851462769186,3.0860372610691247
45.755584727018984,4.300916566494882,18.57681260082726,92.05605673706756,231.11432031215526,27.982706493163974,17.683978796921814,26.29789546462973,25.614696277640554,0,0.9528745472029388,8.336283285518874
83.73469240354662,6.366064243218999,48.57989564748759,9.377786274544555,89.1490786803474,48.39447949097454,31.955865295752997,46.87893733469453,36.48379571893338,0,1.6122782579886454,27.337568907357713
88.72670811411957,7.459088391848637,58.795172689005206,5.696045041634532,97.22899862858,55.54081654046619,38.81776105053675,54.06204847028275,43.66265615413927,0,1.3149144535840473,38.17068047604958
55.237791273758916,3.7840240032037755,52.83057180863416,70.53292763468403,210.7797624002356,40.72373900735932,51.963029649272,32.2200174960775,21.357681073061126,0,1.639964529371393,26.59982556148618
60.92005494506548,5.208024460878348,50.37643832820343,57.63914006449303,197.45822980407792,39.30658681178398,36.30475269232362,47.82077221681141,26.536801513952376,0,0.7421274910718922,13.46627813626004
41.907712500124674,3.688589303917223,27.75702365168467,55.780709690105994,246.29518771164655,26.71868380672314,22.976194080073384,26.610567956970392,21.81166813537517,0,0.0754336389015928,7.783622369519915
83.4551369053489,6.86851198843086,61.50151647013243,33.83233127587142,75.26159133405523,45.95999346483987,22.571559859336357,53.56845936859851,39.36246591000191,0,-1.6019658118971685,14.981727027837579
73.30833647383557,5.367452657006949,45.31197860297384,54.30586886613215,157.0932400414214,35.40803405597333,24.163940740218603,43.833760369632536,32.412427278820864,0,-0.24606248812994858,11.994073486185698
98.82434872927499,8.030721993141038,70.573581006146,10.812494579561184,30.050470166876938,55.98107353375012,29.88270504616649,64.65382403102316,53.69728588222316,0,-0.8432465953161917,29.341795765441958
42.43353845640522,2.8031549841452232,30.43684436726502,98.75233634448978,262.1873913579843,25.777053073136603,23.331971275801294,26.962655879299547,23.18452118771449,0,2.1709427174978138,17.669735406127117
52.439842019635655,4.068805734022759,46.39558837055849,36.87141624994792,221.551665960679,21.860736519568448,15.333214543598345,34.15251064709847,34.454256940876775,0,-0.1758858124323366,10.33614576992081
64.62891845051145,5.685020026518579,54.9120241397475,53.696962995797776,159.2540983243371,41.549931220977975,18.011281856724523,47.95526629689112,36.10711905989135,0,0.12320480678448567,15.038325730848655
72.92979075451541,6.232734223896604,55.99062735021724,51.06854928013663,114.60647455404629,34.60432447012925,23.141807572932034,45.82221718735401,30.394604212422223,0,0.5514853760404675,22.853878046604716
55.686647249047354,4.462523251194005,35.357177498872126,65.0094795702156,216.8065443486271,27.43577683414403,11.037915184463175,34.37631691671793,24.083730520104613,0,0.043602446372453724,6.011618960522696
42.54077819092599,2.9158589673126585,37.19676767754946,65.00695308932623,264.0371557885884,21.2963339982956,15.052346869592517,24.644371976572018,19.71022204298827,0,1.695051040430753,10.651406850243358
77.62815057847142,6.533045902364811,53.42002074289953,28.88655163739479,106.7654428387864,52.915884376661424,27.522706313907875,50.88292851940717,42.74696374688905,0,-0.622649361734452,25.944673458222677
74.42270725091163,5.963507198921944,41.27675138850681,40.907034802135456,153.42831217203758,42.092330125833236,27.579915648678107,42.0478482558727,23.586014529442828,0,0.1946074552372427,8.492859130332233
41.6745179887255,2.1738036399828284,25.139284672998457,78.11453585109933,253.16129680206467,12.67194664271058,14.240524213242637,12.869795552982119,8.86487887334314,1,-0.7424705856980482,0.0
87.10885602210992,7.360023394927052,61.821469053320186,30.12082521327844,61.11472218188806,58.72065417596153,37.74400927897414,59.23887702814705,52.12302456247912,1,-1.3200225112207058,0.8125549397045342
83.40397418393208,6.66020151777972,67.4849397653999,39.0767205055886,110.94262317965658,52.26718071950823,30.846561330301242,57.394364461534764,41.33869427429887,0,-0.6117690909052854,25.7859837078499
62.68592994495586,5.616100019588005,42.044869239897565,35.08763057024332,188.6088639870714,38.885999322998686,26.902109328408848,41.94478471381374,35.41788932008768,0,-0.03703679704841202,13.455595581707373
61.591957247520725,4.379721320380256,31.02238296086844,45.67479100299566,175.78507478805037,24.530586121763395,21.522341945489032,32.89925582883203,26.473053128794113,1,-0.42930222451725997,0.0
71.08115542231815,4.098140527187452,50.324225628590895,27.6386533921968,124.26128627147884,30.165721138143038,10.750252580738891,35.636308188131515,30.964879167288366,0,-0.692420979873856,11.580248941980772
42.76593859487484,3.56081701676258,31.070717416977907,62.60070809209146,245.2263101374658,21.47166717033187,16.041832898357335,26.396650149836933,14.934240408187556,0,-1.4063174636718339,0.0
60.600629583281645,4.993832205003518,44.27881699732468,61.58202111849002,186.83288783320512,36.49334787445707,34.2610026705363,37.15181649271887,23.145033799831765,0,-0.08310557262869477,9.66638628839103
16.952329107816396,0.5108505148220858,21.06534553501578,94.34347794088634,358.524219083628,0.5762012788713284,4.963786537480085,3.6861558931153735,1.843078323050794,0,-1.5047203740310022,0.0
77.52911291005871,5.713079259871394,64.45961143794008,63.753197047738524,130.5932925125521,52.565689640853186,34.629731439892396,57.99788039359616,35.279250504360824,0,0.7600559636896026,22.474521112884627
28.770135551162813,3.679219715952976,14.196986161997302,83.55074085511379,359.06208798086476,13.25027946912905,13.73058170852504,22.693564988691193,14.647652177540436,0,0.08243975293450329,0.0
90.06839656857998,7.052666418409498,56.88644301751655,20.64790599837685,74.47328140851263,40.477191755134356,29.93014628965879,58.086401798641454,44.430782601009064,0,-1.4575514994649306,15.922489469057831
53.39759812067099,4.637287337841788,26.97633157491496,57.8765969126116,205.21178033264542,30.25254487321027,25.692963040865187,33.426071496461276,33.26084702576391,0,-0.30920907704986345,12.082512329189862
55.76666036137646,4.136002915225925,46.02481895576828,46.579635324304306,216.86826910820017,26.52812353200339,1.0518274079386494,32.941973170894165,25.963518686953627,0,-0.7521564055905832,0.0
47.44532187830988,2.750474300838212,47.69992639819407,61.86063877315899,229.38971488295098,21.952662178025903,1.841581346410715,30.51075231908651,25.2267403339261,0,0.31917451041918043,4.72187954420864
54.239222521558474,4.254008678326725,34.8166364860017,69.29423380378128,195.85210135774247,26.455783806381724,25.23489267001402,29.598844419566344,27.309843308191056,0,1.3404504460231446,22.505256665611252
88.37062690296074,6.936847872093806,59.44513318482258,22.997021114572533,49.522636800803454,49.09647656674997,19.87047635909596,59.55273766881007,39.52937382733257,0,-1.8751724696457446,15.67784877125587
10.24382686929841,0.6195670302096871,21.838504377498648,90.23465637209995,386.721908696345,0.0,3.2123090857536405,3.3284674647619914,0.6005017447621637,1,0.11502607914741717,0.0
85.53930772176375,6.785824199987903,64.9330939373847,13.35967683249263,107.51144768126957,52.90171715261578,31.56971890094193,52.440344766072805,50.96073598056935,0,-0.1601327955666404,33.20913721810267
66.76046962203417,5.472971705585552,51.094685783434464,37.837107677975716,145.06811352297638,35.420495036051605,15.05380780866557,45.18123112841792,32.89593189884262,0,0.6713400764504657,12.668122648046161
35.85956704285569,2.7937068878015516,13.192531870261712,75.02679417007488,274.01618502234845,13.290006864199956,11.43570251890976,11.89036116146257,13.629388116880907,0,0.21319662823768915,5.257511795541022
38.49375213901524,2.4474970871475374,33.73290719010486,85.8292862866999,328.3382779075506,11.735884594645107,9.236593016251884,20.96930590614288,19.575350644654172,0,-0.7519693317388191,0.0
93.52786054416407,7.725321239314096,56.17813897581726,5.0,27.689426240540637,49.651412914365885,49.15615961110885,55.36982755547363,33.91675804515752,0,-0.31905393566661816,33.098702574288495
41.089862401145375,2.3125031144304184,17.42270182145218,65.07222226418955,278.2378137740952,13.080526220861941,3.503852407273148,13.701050906844666,10.949625536785444,0,-0.796025856803489,0.0
36.93298978808081,1.9294604544043648,22.385377083989443,74.79873044514012,272.6350259645793,3.2601746609116784,13.63999449014598,7.706251689067577,5.6455250162927655,0,1.0760071385985983,2.2369521897421754
82.74629084729459,6.989293515134351,52.06447635861931,5.249239941152197,73.22975245246805,48.3522322612743,34.24833428490281,65.98608622101425,50.74496143101523,0,0.02131164867194222,25.801584687644286
66.77105752571829,5.595194738125142,44.523743324152406,33.225763078684835,189.53417599579302,41.93901632742519,21.972185560484675,36.42497786738945,22.850366489022303,0,1.9011906857530074,24.556588754214257
41.24148846927203,3.2706213950047442,14.459225583241231,60.599849053893735,249.7938900508544,21.18959064522938,20.167205579537058,20.247797274729702,8.777737619898986,0,-0.060660813814620775,6.627201419455617
64.33249950809238,4.448875708269855,54.620912720341394,36.11585600570164,165.85289201869503,37.15042417262697,28.67368374783914,43.115906726739446,29.31277739783067,0,-0.7084067669104628,15.448556503257175
39.48494632719445,2.8048402358385185,38.916325374200404,72.81772821306532,260.56882408230126,15.717706935388714,10.503255866867057,27.062779982276048,18.963464007424516,0,-1.5137143926128271,0.0
82.0164279684521,6.4299408636329165,37.938074836508335,26.056856717526326,76.87930206253837,52.670536630359116,36.36621166125841,50.166689543740816,43.14386377781471,0,-1.803139676255945,15.609387973101835
81.22741929746267,5.700246559509957,66.64377156488936,22.10914747132489,79.86907302420906,54.27049571655309,30.499925967395257,48.488051321829936,45.0371141989913,1,-1.5841359430054898,0.0
70.64012397643886,5.281695589103492,41.34280048529094,44.495427542192765,125.7674167016551,35.24665653467461,16.30402974550244,45.205458064182054,40.34149813422541,0,0.2671266510114834,21.699226760403622
67.23322122494034,5.704822867083568,55.63301022728609,63.44367538681466,139.10130448758008,37.82725402669382,30.66325250793165,48.618570353190925,40.18526502967629,0,0.5087250232299338,26.147604314545116
95.22376249734748,8.331553681932407,65.97216882147907,34.44731570355354,48.64908841322378,59.066371521903115,36.60162609473083,65.60919698242846,43.87661763028587,0,-1.5811907020321334,22.769325255912293
59.9937265477645,4.589780747491885,42.28336422424513,26.933012187487464,181.32011660010053,29.941038012709587,18.82101072226849,37.725197962544584,25.569918555359735,0,0.8950383140761154,15.646587527319417
36.36251749158397,3.287245576484767,23.602785749896594,80.5623487144377,275.67556712458895,8.77807311684454,7.944320293503169,20.380361870199373,15.46120591955615,0,-0.4830610516834395,0.0
68.98947825664614,4.562128225237958,60.41392682198716,38.8742422625878,141.08256929078652,34.61195456434236,24.620077225093002,36.89393084046299,23.92372500556234,0,0.14679301198554937,17.716686584941126
100.0,8.329725620556806,57.60411987474971,11.861864114384275,52.88650960000191,57.834471787129786,26.157794893841846,68.7348943882239,54.112763681568275,0,1.6122206282554243,33.913750058317
39.70481013628296,2.7744106035388962,33.871770482748154,65.51579346120646,301.566480814016,11.796149657331544,17.957513968904372,27.087448543266216,22.995974117738193,0,0.8968393158655319,8.405238293593984
52.77074466612029,4.375332381643608,47.952822915179695,58.64031889252614,223.51572309563718,33.6543339789893,22.844774301548473,31.771747509910572,25.739878989528407,0,-0.2685306479058323,3.8556255964931303
68.32892076202906,5.3424374518424695,54.99364533882444,43.487967990835166,176.21983324529043,37.55775026118335,22.791311567191983,43.013496985634404,36.71783011702747,0,-0.8911922254152874,16.0988046347921
58.921903019885214,5.373959246482734,64.49232125715382,44.13067589192771,180.23090748118668,49.01982238672727,35.3096525927307,45.58660913275276,28.989953783637823,0,-2.151815401329305,9.078682623765568
40.35392839245371,2.7910964472263378,22.958282247470606,58.88966103364412,260.1100335323736,10.87470710699883,8.960897168468144,19.411042578582233,18.378672089595973,0,-0.7191533192424201,0.0
82.43715712460941,6.908775718749669,67.2790582131619,22.178494683956778,92.7873909667633,52.224591417213844,40.08248593710662,57.42067364594097,39.13269347424118,0,-0.21113023882769444,27.869996250109693
100.0,7.860246268351733,68.9390936465858,12.811111173481187,19.54343618161641,59.4157565075097,42.924111107088834,67.54314130966752,45.7741418595911,0,-0.987179527151184,26.36824080694874
63.92262918047815,5.03465759543342,57.079901189861395,53.26532691973302,164.66897226699265,40.58016226453892,32.11987530392043,38.82578529013225,31.138579649963518,0,-0.13125696709230472,18.60743957237522
41.91863420527999,3.2615637898427945,29.266153986482298,78.32155352280176,254.180189124441,23.396583409550725,26.015730462028102,19.584455593486613,19.93555058413595,1,0.07685188295876821,0.0
29.020789498930498,1.8988266076673834,16.43579483062665,75.04893022426656,383.7459042756773,4.28354129012877,9.853298230351477,16.695940811019533,13.896537631330178,0,-0.22485598180807856,0.0
65.15951962442362,5.205712087000554,58.67238577581283,48.246615183209215,180.75122478644954,41.587888186383616,25.74823755852085,41.63945923927088,30.655395467391433,0,-0.6500025808234597,7.932426502508003
82.07754686632515,6.534879638245102,52.5386634162383,39.47248423711443,86.69219317071641,45.827299265026895,20.804535273652817,45.318178057366204,35.10297804720328,0,0.16865467196672768,19.73653406695054
69.50335492990763,5.680888518595975,34.52509086192977,54.48378381182191,154.07301736033895,35.431887654281915,36.37311043931937,38.05189486806771,28.604805350959047,0,0.44194064956940904,25.434958194106024
59.951923181622924,4.838406427376265,36.797877395397755,49.34208256879881,174.48413273353736,30.9309503237667,18.203330723671456,34.44259284369108,19.538179848886536,0,-1.090399077442846,9.48872787226815
48.21456696421387,4.256162631943228,39.940526340835035,59.13425233651078,219.60979222274426,34.234801707203495,18.467761802798094,38.78524567094565,22.11355747762326,0,1.41093237974627,19.9833725993346
38.1567273456382,3.5142924956747406,40.63009665781765,74.1367634603985,268.43234448509713,14.620775653865618,0.0,31.23574581498988,22.17283102145354,0,-0.09858813228426173,6.9460457512186915
76.69502652649764,5.610290461205911,54.79781232151346,19.50848379873349,108.19674070261121,46.550730689742934,32.9657597908298,50.97585412420612,38.132692449446,0,0.018849622944847662,19.048797015778266
78.2754324277117,6.696420844512322,67.97477337173845,29.401253439862195,91.5766915887733,52.76961530616897,35.49134278063999,58.98205030740258,43.84218333623546,0,0.7082144232565571,27.67538950283971
29.085404266185336,1.7336641277398999,10.0,89.84963251549222,331.56681748185116,6.907382409492598,0.0,12.194477827126045,11.550334810355675,1,0.23321613126350166,0.0
91.79677956361368,7.637670309157962,59.82511104635054,25.90658598971073,43.35407758050168,57.90984740113529,41.267593147803346,56.734641810728604,41.185633095981316,0,0.9531366339132451,31.158326878301466
71.48142441788002,6.028383345781836,47.151245920975,35.27536432975331,137.1479513746274,39.81071460292152,21.891429126287477,45.39993471703316,36.29015534691362,0,0.2871241652018242,11.989683354680261
87.99189290291586,6.083692986402017,60.4487307573159,24.620725510130136,51.97087561893631,50.31148837791757,54.22498750395597,46.42364308014038,33.7737450722909,0,-0.6124373746404379,25.179557092666837
33.157445030297694,2.6990852256885205,24.05115540371035,66.94675088621406,284.58609184707285,15.820574448543539,5.728483854826355,18.018010538599874,21.739770862038814,1,0.36150352520610163,0.0
32.68351689169123,2.3804332946551403,29.787571398105786,85.75838888700908,326.8191183951216,8.372975819240084,1.9608876249237088,20.1779931368458,14.569441501386493,0,-1.1437262073206618,0.0
57.02061380465406,4.182266475404638,35.46636128155294,52.045528961708264,199.2783995550764,31.630649991532266,13.561712700461033,31.896245863979633,34.906684040372085,0,0.10855970577652314,18.984398378130876
70.05568853790388,6.279881248381813,50.42926884606397,36.63289404174247,185.79469764562407,46.77681552105388,40.6279422570208,53.700883275560926,41.34620934057482,1,-0.0332299906444608,1.3525045625571162
95.92721645853928,7.347337746364433,66.69782261773697,9.732097508340082,150.79847569613432,59.70175767935724,35.82393613586418,55.70621408829496,40.1029164300075,1,-0.2081168572725397,5.794735571479942
74.12157827630263,5.526537797545185,42.62620575450033,35.123695320899074,117.98921906019551,42.875007202415055,22.06944145144581,44.060546860644195,28.023088844595467,1,-0.12853751143893075,1.4644563893722142
55.14637446375933,4.449557427103293,37.465795233817175,49.47909379705717,195.48455716651864,33.44469107542456,27.394689278390302,28.596627473743915,13.522160123152517,0,-1.881849045497639,2.856871433727474
39.47261584668216,3.500604140883781,26.19423579370633,78.4251005853486,293.3037894628931,10.16717349865334,0.0,24.007634641156407,12.141713832880601,0,-0.5487249077409615,0.0
84.60001145438301,6.697176623345577,57.56920236803764,20.656585969422824,196.2695259886246,58.53742046407859,43.05020767164267,56.50386472383764,37.26728806347723,0,0.09284490114111471,20.52884122398229
40.7058914849857,3.8396565916334824,28.811718605304492,88.40967766734288,268.90091788163585,19.71727080156725,27.067423753825572,24.962375050463,19.835132194290754,1,0.15985639199740037,0.0
92.56937109544643,7.6710375186177595,65.55529517294636,35.01315494633015,62.91728113582505,60.91078050534743,44.124869991156544,62.868897573974465,44.16077940586957,0,-1.0276751409259581,22.5317710187526
54.31230700786981,3.2558789007638698,33.69566311443557,44.98917111387613,222.33021276578634,25.916031981523172,21.94860731806946,21.870801288166568,16.56980850851762,0,1.2657078408647007,13.769243855230137
91.81164145235701,7.080197834435056,76.99529635636254,19.024809780794353,43.17174150691723,53.105403400786955,41.47899394577139,54.124010693875725,46.71566242660808,0,-0.8661748482145009,19.641791263754932
73.57862580118557,5.605369014418996,39.81023176879973,28.613494742780095,128.04878822814774,37.979459774549525,38.364313082861344,44.382215781526114,32.296118780528396,0,0.9694572005267368,27.983055028025788
57.26009021115083,4.820487693606778,32.872362063106614,48.82013903058583,215.30967092039373,31.500738823464438,30.15463191540472,41.67605066219096,40.89953638921204,0,0.42719436187168486,11.333406119826932
49.61207256347747,2.656557276891142,62.52808703666978,84.41705704826009,234.93163814965854,34.97989590369293,26.254290115584595,23.366332807421728,10.851940279769137,0,-0.646227309843803,4.602614963798086
53.1818424530784,5.529052250605133,26.84737616726258,53.12730054153201,197.06408126346565,30.826956585707592,27.268652985797946,42.11856923879702,30.121700818172084,0,1.775310892609512,20.339585477054968
68.56633384750475,5.750819755247486,34.45888694615574,45.756378597424394,140.23212682034617,36.45264377352946,16.606739049073266,41.00551497341827,27.47516034610092,0,-1.19363683175648,5.0067122371577195
61.54312992435433,4.997888795907192,50.42495839706021,54.95272560374501,164.63966987033106,28.99214419464166,25.055242452495655,34.50317000774865,29.918639024792256,0,0.9191541736100015,20.398778367217282
48.1237718386259,4.440685605299645,12.915441749299383,49.86867569157521,223.18480325592014,30.814006509694124,11.984656461831202,22.853519079135307,5.171483744807018,0,1.0005823180429783,11.102606534165142
56.68737179364736,5.706816769898101,37.32842115582876,43.05148251344218,229.09392049434456,33.20696121886364,18.648345443208353,41.48357087611628,23.115240994342678,0,-0.6706202090766449,6.167798578811898
61.571540594382995,5.361096569844841,64.55832766683298,33.95619094871958,162.151350748055,45.71899579761817,5.05684986730591,44.990502636644905,32.57070425867664,0,1.3924653000643288,20.213953329937038
17.42531811170376,1.8684319971721108,10.0,81.94303308152291,351.7777818197984,4.799911114735989,6.331379499518089,4.361788421923562,10.016924586351756,0,-0.2500465145989528,0.0
69.16336229577398,5.598413995894109,28.59470874965465,6.6362763924198305,136.92267333547403,34.61352046076189,17.347812210628405,33.6311902182557,25.77847680977746,0,0.28869362927985703,10.217568220583455
40.40557550566386,3.1616831637696348,13.292090834387718,76.12941330385968,269.4849359050168,20.52161328434838,22.22821035646215,15.09977371431573,3.7052226439536753,0,0.2603218387712207,6.941578568381561
36.9333519358851,2.7167704328683575,34.83694203858943,97.71697415918774,280.155679624045,10.890843513108605,10.200589168363816,20.899245432222585,8.806413582834878,0,-0.1343087414705478,0.0
26.253113057785797,1.6871930487655928,29.62494634030818,85.52073581065252,314.6618292584384,9.246649226369438,15.003089154753138,13.227755076725423,17.33990300793927,0,0.8108082731597821,0.0
24.122150042642197,1.5862649535616273,11.759617060064448,68.88262364527051,322.2752711289629,5.101122678695539,0.0,7.008410974122037,1.1911066966558512,0,0.793488720552213,0.0
32.89104993775422,1.956006012848846,29.85585899643864,69.3956334674464,287.2622419341652,11.468672854052148,15.76172565241096,16.537767929996345,6.792962087930305,0,-1.7485319732381808,0.0
45.81958084739019,3.627630742448704,45.97625986829303,58.67389701230984,241.52214594727795,33.67285234334084,38.734204778078166,34.486261450600736,32.4445182045995,0,1.3043402428781525,16.383634289162732
99.06518275053136,7.082880831429316,87.2190920696702,5.0,10.252741505031429,59.47345579114824,44.77101266370151,65.62856404773004,54.155673833442044,1,-1.6624919880356743,7.408017414712802
49.482406482095925,4.054050780639529,32.174331725668665,70.83978517864595,271.15182136320004,31.69936336166195,26.92737825461858,28.34066367076373,26.760730911178232,0,1.0325462043416573,12.845562273029694
63.55500212536063,5.0662348660076795,21.47378431105257,56.168118407143375,165.53638501272758,34.42801741652393,23.734992731900036,36.66973738009481,22.108728776151604,1,1.1267051368275833,0.0
68.00962773012657,5.514237867603469,39.39795018699173,28.12495074406152,135.57147132991582,42.166590721820015,23.210933724660094,37.689266006300485,20.070702418822382,0,-1.0909664302151982,15.337035409994083
62.621303724316974,4.748638512935362,39.5668706576693,56.07966880905312,183.12292413742972,31.054479880735105,26.274950904089888,34.679887143355444,25.992203162215016,0,-0.4108142879545848,12.680728120694855
58.451130785480125,6.214520647928661,38.32640358405218,69.87062117744705,182.4803626929696,39.98370535719658,13.94074519896123,42.57084198231119,32.92165761862365,0,-1.1057046684859357,11.910175122486118
36.0941247280151,3.5675879283313647,23.387293299523375,96.73657373473961,289.60148651734613,6.937658423730345,1.1674369760581933,17.46770917436067,14.023875410332364,0,-0.21492103028873533,2.390323247670142
89.01855096558424,6.499212827204378,73.50193165521566,55.36399331144731,52.68090297123529,48.26136245773125,17.201431178827857,52.92306356232038,46.75953935069552,0,-0.30803428418574125,20.896171503002734
96.1439328727577,7.8079486735340655,80.0450372778062,5.0,33.1095059298746,68.85359087525458,39.125583050394816,58.30911263707474,34.81804032424343,0,0.7796605322693398,27.151374140444215
26.346826117546286,1.8037430179350409,16.726041743034564,100.0,338.9249053975599,5.18542204756428,8.506885066065271,17.6526807340207,16.549015289699582,0,1.3103087461196083,5.130786174128087
39.51942818227241,2.6543143912280858,38.64844848810887,66.23009515562214,306.64261325191137,16.254878378647938,14.608817955884865,18.52683855786937,7.4806797740446545,1,1.395683810789956,0.0
54.403793152459876,3.682267416634823,41.6592688730328,48.48662138297395,197.55665720240103,26.578294268114302,17.68320083855808,36.428547174603686,30.88470787183875,1,-0.5621680265783021,0.0
40.70924410179617,3.4728478735233206,29.141530599883037,73.21562439673797,257.17623777604945,18.36624723026407,13.301268652167732,24.614026694151754,15.247706127359052,1,-0.20922187374452778,0.0
70.1193110691173,5.268854767994598,58.14895931948175,32.89595292176655,137.98125939481312,39.79942422684208,10.782708804533677,46.765027320373534,30.427127360865878,0,-1.6834381922209503,4.059252291978471
45.434555951867736,4.118677488162021,32.52670964868657,69.35397373589058,281.568739962216,28.63595379126331,15.632871719753833,27.420844460945514,16.631265202454113,0,-0.8058700664961888,3.5908418513756106
100.0,8.496891107265219,90.57811177097761,5.0,46.33101456381175,71.61864432320259,41.10130595860001,74.2075933541824,48.12797327122508,1,0.9648516330974576,22.784427202883258
83.81097188687193,7.391834943555479,44.28356865286475,23.323996888366864,69.87745668083582,49.91416082802199,27.171727014097968,56.85766054008446,42.46192706636414,0,1.6155828235482317,35.51292735314951
64.2514806126443,4.713925065974493,39.82432743793083,61.17550619969585,152.9734358605718,35.21259529059536,27.684815961397014,37.8390666029216,23.902325204705452,0,-1.234348871879922,11.86079186500882
80.53972526639464,6.680860826657577,55.112618716936744,28.775539236431488,95.41726648707696,47.37461320926314,23.909439973978557,55.523636237655495,45.11194649419676,0,-0.5924642591528942,23.255569399894597
82.11800848714617,6.885667787292845,61.87713284558222,29.581140953732422,77.35921320844301,53.927103560131094,30.215170513065924,53.830902047309294,43.165862284795104,0,-0.02640575695892703,25.773641498297096
48.72105023883513,3.6605949315548285,46.78434003821548,66.9820530177726,223.85173432394924,36.061896589626066,6.743678817580815,28.389113258028786,28.961543591873806,1,0.2801611588196068,0.0
43.6756551091607,3.1081664300364182,30.32897290405092,80.37228444265122,239.77467206817923,25.14218171763859,13.989432673455727,15.835922283028262,12.905047016610819,0,-0.8096035199216461,3.6071232354386065
61.562861259392946,5.729789233639422,28.871706386512987,28.57444219433386,181.65022837531757,38.64125466869738,16.41411515294434,42.260815933455824,33.618759755525936,0,0.4240610444640897,14.401505009854827
77.23272248995889,6.292365737062738,62.48804470752126,39.781566132090326,155.33639526580222,49.674838574171474,32.92226850272861,55.716642137945996,48.16870332355812,0,-0.47383934707091613,22.174029495990055
62.781207973068355,5.340480513201337,51.49643324256749,44.001122356030486,270.80130560325364,33.616245035470826,14.241694899116322,49.18086199172009,32.88293908655117,0,-0.014452270878279104,5.999974524075922
28.460070356180054,1.8657676225804407,10.0,83.539584387562,309.8754948177517,1.1075867112157454,1.5562693266839642,10.738317054426577,0.0,0,0.5462842480036996,0.0
43.94351112098315,2.905838656417555,30.722416447980212,78.77589091616537,253.7137606153442,23.155455948557684,13.893560280623749,18.11092241305784,13.75241974242581,1,0.0064222698109378164,0.0
58.52054272811244,4.39691853100294,25.062961602875724,37.14921745494543,213.00976882133043,27.32741824014431,31.13915604043237,24.00140614083148,10.139440405353584,0,-0.4363858905265686,3.5678685292949237
58.486687913483394,4.616924339383673,34.29417056441775,39.361578789199534,176.85498104530788,33.260260502230615,25.59691317007545,38.4736766702799,40.45554173581611,0,-0.10960980392583083,18.123108504343225
99.45084353579617,7.423957479455019,60.58750120542932,5.0,25.70203399224363,61.516501870479615,25.268623235313328,52.2555139109773,46.2586997544307,0,-0.08836295920533532,22.379709354167638
32.28024115202004,2.5774968878364115,30.688815788833885,71.12985154681465,294.9364824573223,9.633391554857122,0.0,18.21827638591114,23.573762936928894,1,-0.3700110298821277,0.0
70.11178483671749,4.764690192903149,50.246551127424084,55.85340329582831,130.14762199853385,42.42261887919052,28.016366343412503,37.459881462708914,27.85023856958035,0,-0.25879606266710237,14.991644625163831
89.7822621665658,6.622557262090329,49.99167350903578,18.770691571752565,53.22300993663967,47.681333404722125,23.554083125928177,51.016906819809215,40.68987571404443,1,1.598647170504717,5.116376263449736
100.0,8.335455624138438,78.80065962957342,5.0,5.0,61.93435483394646,16.51038320017838,69.60610905236734,49.82840879538017,0,0.5609194479412387,30.21825215705911
51.912051536320774,4.454859383044609,22.000377836140395,52.25980352877866,225.74496969891115,26.42218033622746,27.970787729217797,30.168850806334117,26.266279261570546,0,-0.29548031802916036,10.568210256366374
69.82858905440399,5.390348741658886,52.18115024279223,22.317070503708532,132.54683930931478,37.857302974564945,30.369039068710478,34.610073437151826,19.316794310351174,0,0.6969544045107356,19.918720177976727
71.39520714397294,5.202734416979359,41.836538307865496,25.10255963525312,127.6021885146959,43.30820988233447,32.31815141145158,40.47903673656038,17.093465206815388,0,-0.33381948975600995,13.031197823599577
63.90963463106581,4.59906899472226,41.079973416440865,50.756192292098746,154.1607920503504,36.78049871616319,19.04873980173875,26.408295411391336,15.236207449657426,0,1.1731246375866413,17.288747125979164
58.02309597521388,4.455213555046453,45.65887466303355,37.89042410911378,216.3021689223093,35.900455905538884,26.756710506679713,39.18035108294539,21.35252933146355,0,0.3696421921980939,10.9214920606774
68.71950779000092,5.819819869022719,53.31814944359593,54.632103872438705,144.98048628312446,48.40944598897275,25.831257299065236,43.29635075819891,39.26773185835806,0,-0.10730214400422888,18.48562119048843
9.35507829560629,1.2125291093206656,19.918245542484005,99.79147821442967,397.68817745236544,3.264077995069564,3.7605090985367426,0.0,7.989841083194714,1,0.4477169258102776,0.0
73.64138980125263,5.643045316359226,50.726435864162305,37.38574664608168,127.55919479916065,44.29645697244608,21.428031225398136,41.41377482235034,23.495450622729695,0,-1.5708761520684993,12.592913117040274
62.52355807323934,4.425138432866756,46.83099928090095,44.13596631546593,167.97043367050605,29.126761212207466,31.062702392382967,33.77148074491386,31.13816429125814,0,-1.1267674689098053,7.361690970340144
55.550502064434696,4.577961984087942,34.50797822106104,63.72367199808998,190.96487676045024,31.237860632832085,7.7427161786860985,37.67138133010843,32.30950072618023,1,-1.1939250063990554,0.0
100.0,7.588232514687075,71.81989882622797,19.39791865332413,27.340249034408252,57.733624221249734,47.38512637989898,63.30102482901421,39.408510290487236,0,0.14294309476370676,29.33776881421303
46.50131962418895,3.460979250504515,36.945784217017376,67.5193325987571,227.41214109442822,28.803344795786145,19.03350074139964,28.004134704745898,18.273351516229745,0,1.732514999485092,10.888112442130414
51.93848021869938,4.817716462714469,35.373837678545804,64.83898905219239,204.0518634187243,33.54434980759484,17.888091412200723,39.232695280196054,25.79430312693418,1,2.2313001461926323,6.839974913596537
99.83106604409468,8.40004299781046,51.8442413899413,7.623857916860209,25.477014829827876,62.45170416175525,41.92963107870683,62.595548286807116,50.47731837569069,0,0.6380511014407572,39.10550097638962
43.35877390300287,3.5476890683659557,33.66585069541096,73.14766217990571,242.57817540791092,23.095185363217745,20.878654543516983,29.061965819182802,14.843421552182473,0,0.5008444749444569,2.015685258657827
48.997694341269224,3.2838560467451767,37.94400081244302,56.947772353045096,221.53763203507935,28.447227169509347,29.424671553736253,29.07719232165753,20.547247108133416,0,-1.801057734152739,0.0
57.059491531383,4.67045760624597,33.13990930848859,52.967287934565825,193.24594318336727,31.951346600161433,23.273519475173188,28.513480593592025,17.249465910048215,0,-0.5426737997340217,9.036048260371052
76.81468964259099,6.676503816801043,40.92641238908855,29.88958536501344,109.31146893315318,37.78257535671716,17.433105299767934,54.688081040347036,42.8812092387805,0,-0.7877837519082389,14.26624565262161
64.15605014706627,4.944667178882534,59.668026607986036,40.35732738110338,175.20432440401544,37.089541695156086,24.553243091977766,36.885936235953764,25.91483862948946,0,-0.620847598251116,7.5900271696344035
34.147493056954744,3.407356489549737,28.817700248812336,67.58316537038377,296.1136509335222,9.566472967918653,20.752553322446104,27.93887232889371,17.365922632108525,1,-0.1681438185847896,0.0
49.356628737456205,4.5949029437556,32.25882980700224,66.25565250885042,233.38091896603194,34.82824809318723,33.41978594467269,26.253050341219108,17.83269822940876,0,-0.47209057769712737,5.763201139004956
47.85291133575577,4.660099322932198,22.126709103554163,77.87435961800578,244.05684146052852,29.4480189978058,26.41132017356864,32.003502385188135,33.37072910499016,0,-1.9792998103757877,7.415802865769412
58.455579095539086,4.829067890908804,32.7007570826639,65.59764456449562,181.41010768287074,27.379957592916316,24.1624685963747,41.317373900494715,28.223830877736674,0,0.7479102561175338,20.89192515191894
68.51687317259658,5.775045703710733,60.987715188679914,26.4043427960582,140.01112712003234,45.02069303614062,34.859051198343735,47.72507125343062,30.0069169692675,0,-1.0727430257398065,11.698019488507335
68.36411511775944,6.1762228535863,49.23149999111207,57.10632149912304,144.39570494127418,52.09752090561363,43.13342726472782,45.484473472927085,36.43779716629446,0,0.23924686411114954,19.887999625942122
24.479764919031958,2.1820781620570444,11.6299647733153,81.70233306155289,324.5328357127491,8.894550781174516,2.128427721988194,14.356603509860845,9.086274435899314,0,2.0740826697499735,0.8175856602568603
81.27881975121713,6.251688526202265,61.992066138098544,35.92997643052997,162.54038832533266,46.78217384644239,19.567724473987504,49.89406304636155,29.708024726206382,0,-0.9193845915864234,7.824862110389807
65.05137691993247,4.979838735330667,37.391981969489485,34.074039095501,180.42997330736563,36.18535400571662,24.072508109612293,44.79644076455261,44.07731667030513,0,-2.5302875227463297,6.735428917375844
87.69064095187812,7.13452875303712,76.39187896911847,24.01311801460994,55.297509854502024,60.81418901349936,32.98857016455305,61.473255357606625,44.009316401704254,1,-0.2860042218801108,7.490109890211634
68.88396654581344,4.8654366126919655,61.74678193103665,44.88071164894945,130.79953774305176,39.51091021248133,17.24192559509539,41.10460154358058,28.380524404256242,0,1.100959634998571,19.46954031907168
82.02645915471524,6.490487274695123,52.75278069627289,10.158283342248925,76.36338041436751,49.248674402139365,26.249409748687135,49.46206254354378,37.49128530605504,1,1.9583474542205939,18.095741985577643
69.33090622900254,6.09474605743533,42.24493188999317,47.96829976712773,134.40615056370692,40.286883369613555,46.0689855865183,40.9995004480618,38.832438791110675,0,-1.2295495944524168,22.145272513119792
86.92451512405496,5.8583342843417565,34.66582859991567,39.22670497000482,57.34437942866955,41.717761673584995,28.205542160437,39.344107660499255,20.768776757206496,1,0.4966992232365217,5.161513169660945
70.44501272035558,6.402842068525704,34.495701188735225,37.459211931464885,139.37395254046174,41.45717548157124,29.842426753909212,43.765323537130406,33.62365175762844,0,-0.46531045678005334,10.19850625874858
58.041695071141916,5.204522715042933,27.234488800221776,68.28032249879423,215.262772284838,33.972762389497994,12.303393097139665,32.67118607137901,34.186563715117146,0,-0.10594835430413566,12.446236412336669
100.0,7.770117692084762,71.35190340987386,7.72367807857111,26.693039342899134,56.72117378941943,22.118739292781598,61.439797004500065,46.50823277551753,0,2.6443433470170348,45.66579225499972
77.78074244559784,6.494154809583732,51.184182667504885,42.41427192696157,98.1778365061997,43.30100396854208,21.593231434601904,58.035625849440294,36.87979892206906,0,-1.5029703283951532,2.7018308514189915
71.47488842008826,5.719564937060225,36.579067019909374,11.90227198849854,129.9986366079232,41.844402237374844,38.70442613596364,38.7466624719558,25.411487775049977,0,0.25373966149457344,22.83485600988704
34.47391166923328,3.372908117758004,21.320097743817726,100.0,289.39080227573425,11.92610971390338,10.426175042649366,21.154003493087153,16.00039264835539,0,0.4676931717654332,1.6888360707234646
34.233847650729246,3.2300493834433106,29.01706483198396,93.71165129218625,309.45414411858246,13.034682042637245,13.261304059269346,24.31906398309003,23.956879548746684,0,1.0857863249393471,2.4695350114121384
65.85430964283707,4.568309409835461,51.37641024914181,40.73018430611879,179.9540294635958,35.13400232743349,28.745629826448265,40.73788178832721,28.18030937789037,0,0.09798315347089544,16.920092431526214
62.91042395536481,5.326465123161274,25.040593960166557,23.424507724909372,203.87263196347124,35.67155031602011,18.455712667026848,36.813285539633924,31.014207893166496,0,0.3080505395041023,20.4630348402681
47.71754869983368,3.7145899691650706,32.11964928504526,65.7387917198322,233.8225108173875,23.50150948384411,26.379705836285613,26.06770226287089,11.58242868482316,0,-0.3916485674217911,7.203035055520246
62.8196539922412,5.066988604638346,30.140350024852737,29.85323944287372,179.85882212300123,31.9404588008638,15.698837426784014,38.25054712685759,20.793110501492116,0,0.26912694124510733,9.829753869946192
91.77253856087191,6.977717134384845,73.25806396401308,23.565703889817947,36.926513126064435,59.384649639296256,49.849881139642996,60.06862020273424,42.37593006999186,0,-0.3431922754974105,25.77688758603182
73.90804949100597,6.786712493840895,59.57709880723916,41.030739138965416,126.24766702534752,55.02004578924033,39.30144701208894,52.52717736883684,46.0386929355627,0,0.6215718898560508,28.656344390780593
37.179829804945236,3.4944172943469067,17.04560860021708,61.523332167030475,269.56350157638525,15.565219807796101,0.0,15.904225020886464,11.410520839684867,1,-0.36961033604363397,0.0
57.76982345714113,4.251700294584807,32.77842439599479,65.6817808262314,188.6694523317534,36.97209541865257,18.047786129319892,28.549023935862976,22.164931346264147,0,0.37710039390218647,8.959355461690121
43.90067038294878,2.844748327180786,26.117798763081073,75.7662260507253,255.722383510451,20.888742779902742,0.0,15.223427696488887,11.972784105649199,0,-0.029262813684978354,0.0
52.24600167182878,3.986843818257378,14.044267222966752,69.46387837563398,206.50759914373728,17.889253341187647,20.93427173412564,21.29029759623895,20.779109059821153,0,1.1260502507721681,23.848261831996894
51.72768668740714,4.355466258038224,39.569062415590764,58.3786057566196,203.8156360014735,33.0568023155188,21.289038138668012,33.23902581836389,21.149272944153935,1,-0.05139372358848624,0.0
50.447088347919895,4.155869989806703,32.58451638014262,42.566622849115625,208.3279605857807,26.92331716499428,0.0,32.38796246740656,26.993864586163113,0,-1.7730324682068814,2.885779314161806
34.8972925605321,3.41834981722669,34.12985561805106,86.83717470600156,273.8795461764089,9.992190411931364,9.500898821512655,31.82251507774245,18.842196973987765,0,1.2619215007139917,0.756679325117827
57.446906369636196,4.990712370661322,29.228742279119807,49.30863684073431,178.8906890842886,31.66371818155556,16.284102718904553,32.63640243609591,33.71964337856911,0,-0.9057323008626189,6.374862476821516
48.7878472630538,4.387812293920757,27.96026360163834,44.534791018634174,217.42969821130075,28.461052573674525,6.629237332621857,34.188702654103025,20.881844800824553,0,-0.6537663386488198,3.2643142893004438
5.0,0.5634277003052187,10.0,100.0,404.4752865581177,0.0,13.423726695749577,2.1044062995826587,0.0,0,-0.5956612940434921,0.0
100.0,7.305350634894505,59.95709436505747,35.19289024603011,5.0005726130066295,58.319855575131086,38.76619305260783,62.24572357088904,49.353840497256584,1,1.3744380931708173,25.93402664348207
81.77539308433344,6.444182181173225,45.42295519835122,27.729629367916118,163.08895836571753,39.45453497187862,23.297996513214606,50.939265296613854,37.96575048805061,1,-2.1356742139786955,0.0
52.47398550150008,4.72796371007434,46.69152663951451,83.43546835373942,206.91510320660106,31.122802776004633,17.034423556514877,31.834964793492425,24.774962097812914,0,3.1377485336599937,19.95801320785396
60.37638099481197,4.804349015322635,35.28084820885445,50.71939574852423,169.14523654810318,34.260962360662056,10.163389781168158,28.218152239558286,21.64843904300573,0,1.0560568090660518,20.565155996250066
36.56691305364876,3.1768982286037746,26.838595985000264,68.86761609635502,282.19286488995556,10.608321663338208,0.0,23.57270436172498,11.34153636932474,1,0.22323891412915967,0.0
93.91445755621731,7.353782446874319,61.93248625073407,8.520040993556956,64.5918513914523,53.013386492483384,44.738035499114865,57.06601020265001,50.500515610896734,0,-0.05489400061628639,41.309583927183915
97.94577389546222,7.320755987366056,55.867389066695424,31.699215000450685,31.295574770476236,55.61094640115835,32.35605220246718,52.38516745704526,43.519770637097544,0,0.28555407485765694,30.28581437335678
63.133874564930494,4.989037933171384,42.510707963734916,37.504398858416245,161.85959749746073,40.23235329904767,26.327571251875895,33.616373828908905,31.37227776199715,0,0.5211224283793383,19.432922484049996
80.47061288370689,6.592172752212878,62.32046233723077,38.352618835992956,98.51663398574868,53.67286736538676,18.532719977892796,53.859423146133935,37.28168935654668,0,0.645215585950057,28.587038120362166
63.505735578678475,4.7526149865635565,32.37642097964141,39.78429840061102,178.37112802312802,30.34796481781775,9.181440845217494,40.6514110415146,31.898329516547292,0,0.5556044660034485,17.91929018779998
33.26549122248139,2.5433836753701766,31.376971763050758,71.21082762662625,306.331685857826,5.85161305384337,8.682048643996213,17.909314228828272,13.48807077663581,0,0.08958068125524882,0.0
51.763532620726856,3.6713509886651576,27.737263619731838,70.59946370690795,224.55771756322545,15.635160649959154,13.18454850338412,27.793529895879796,25.71262576362585,1,-0.1973384203073261,0.0
62.63855933543914,5.570707205617179,39.01715227407899,42.800998509088615,197.8475383512917,36.48242959829281,37.740580828684855,40.62941597589802,35.557291721875984,1,-0.1512732836535117,1.3385250526532886
50.909045625131114,3.9254957712164718,40.943163167692255,54.23340982182537,247.00265588991994,34.257613931744366,33.01109970868365,25.919566571717056,19.586949803493603,0,-0.194908280352681,4.446125400356415
55.62693445129928,5.176532528667034,32.304492543714616,67.96672191479841,203.6663106326979,29.010950994232033,17.011430366372238,38.676227586232606,20.688842534212895,0,1.1337700968670645,14.8900824750679
58.17200884981771,5.418134633255871,41.096154788231054,70.99675866884178,186.9149021483809,40.27445793687703,29.96202617667624,34.854240387041415,34.346987308713615,1,0.5935567222808619,0.0
58.38243004269077,4.63007142105439,37.72079274200261,59.35384759672003,195.31424823345958,28.659278791112385,16.09570367099846,34.329440854365245,27.816521852929668,1,-2.9403886346642802,0.0
61.04516980994966,4.379389218522298,44.02529893400295,41.09759288256295,197.70856906934642,33.50493167548312,38.21668413817322,33.86169874048515,21.63837972980229,0,0.655900776529761,15.646758610542657
38.78789867206798,2.0600829548987702,10.0,65.08479933636106,257.2041883459141,2.5437889439499055,10.845580381986636,15.178567500837335,12.578551299933729,1,0.19473619471877485,0.0
45.659677017441275,2.9167556248819064,13.664955760128063,65.29930614743917,324.7881552073834,13.180510651419235,9.924812650284512,13.41920341206875,1.5449252048410456,1,-0.018708756445897416,0.0
34.308314686000614,2.057747762430719,30.175490340668812,79.54284605710728,279.944801737704,5.578318188577626,5.229065101586268,17.476696488103993,17.50249865797641,0,-0.38851845308888583,0.0
79.55631099372401,7.053739693228673,66.06123175209731,18.589298084598724,98.57045716802466,52.18335451947894,45.47798273573977,54.549091563771626,33.08438194297338,0,1.1241127199860135,37.361543708125026
17.887061163193508,1.4888771866689536,10.0,100.0,385.9934900247682,3.871677464304951,7.1532131287089955,4.388842270698581,1.1182339026495647,0,0.9475264621228578,0.0
83.0718068663385,6.840546811353074,55.70998128472561,27.95435308933668,76.19729873710745,50.81868551324872,45.501169720172356,39.03225762467261,30.09255509968173,0,-0.7728776678236091,14.989105318706141
87.72698794525687,5.907948531152986,64.35608409070282,5.0,64.50229763492212,48.14859717105923,13.74740475111751,59.65510649606525,49.57004611817853,0,0.4070522871245351,14.799099302462588
53.95638826034757,3.717527846219175,44.701647798830344,44.89649395012366,196.22785938345672,36.21826133175556,27.231695957631505,33.43798206082138,24.898721763282733,1,-0.971656734541286,0.0
7.937258243454025,1.0785205476994655,10.0,96.01319767272601,396.71657510901866,2.036970656199685,0.0,1.1010734588078344,2.9136697238689666,0,-1.3796181647889305,0.0
52.77378876065419,4.365290157043629,28.08124966267416,56.35191897325315,202.2493607747863,25.433096727252583,30.582536773738116,25.895834655935683,18.555514499376866,0,-0.6267172245899651,5.422136505489394
58.716316774223614,4.623702702595091,37.77562794345778,73.95502877182435,182.43090127204815,32.194640939672155,33.29770610830553,31.505776751326415,22.786409212235984,0,0.8623934723827588,18.460400875376806
39.78803560142173,3.4654640274138,34.883026893355705,73.0700200722538,262.24123827850786,13.86451231187309,9.274619475527961,28.727558023486843,21.125160213281205,0,0.9531250453760867,12.918868177289376
49.695632123835146,4.7935494729747194,59.77124732389955,50.215105197381355,311.00926946892923,39.44125401330995,37.92186293913972,33.62501370661444,23.33421191483292,1,0.513085420097293,0.0
90.60390397726702,7.137791086412837,61.14267551598973,22.043665674418936,144.69571195734468,62.5031644842238,54.891973074685524,56.44389443657616,33.30660524047001,0,0.7250957868479971,30.94185143213854
73.29854324603482,5.898568361011821,37.23920565118449,32.4764037845186,114.58464176845577,40.76648688569678,27.093469851112086,50.15995887949181,33.262414183325305,0,0.5161782871149584,23.505493297255615
41.508717712438,3.4169958763606925,33.078783170719575,72.3883811619645,271.55365030832183,16.337633297177778,30.394931822620414,20.616466648874606,15.820390180512947,0,-0.6414815952229522,0.0
28.04801660809136,3.4398961462843047,32.843569521071046,88.91879563633601,303.2609768740179,10.22360062265006,6.39461118336476,24.72586963121141,16.373649295043332,0,0.43192254467394064,6.447539192965607
53.45965364780458,3.227094159614854,38.50189876325821,71.05111411888268,196.08259829994165,17.944323365145614,9.947642584657379,34.24872320359057,24.19532533319573,0,0.8004095252276823,7.490287849515487
55.73086441299124,4.800080660433704,29.945119637550935,53.97769763896845,188.15646339562235,29.709806297834604,26.238354802267242,36.11648550880462,24.775839090932237,0,0.7542913298135743,13.75889495928467
69.92398374726633,5.536517575401775,58.52672803788663,59.743542583931664,193.646874310278,35.29666646897355,20.112507355694298,45.36730561462755,29.00063677987599,0,1.188913371474643,26.351895365076953
49.293665748646816,4.226879122983835,41.14102220903712,71.60260620178748,269.52475901194714,27.476202633216722,18.54224991795002,34.09294579970893,22.2422652590168,0,0.7083038472010638,10.753953279154276
70.22999150723723,5.289713043581616,38.90018561310981,31.280733955016515,129.34567541927368,30.531913096975593,31.121218905441417,38.29582662697751,26.632865321064745,0,0.3514482075415829,22.063370944601846
98.70308080120458,7.871763948667141,72.90641273618661,37.81518718777699,8.973985579564225,62.5350786320091,40.80155192854408,68.7649526578744,51.48750896591849,0,1.0701502383164274,43.5425533323973
76.31002044888525,6.460506925643568,63.3896699908084,37.61391371035592,105.00073721217075,50.02200820131622,18.95416298705308,51.13244327444487,39.82662952792173,1,-0.026521259249060063,0.0
59.03822985338455,6.279513488792684,53.14566132295812,40.94027609894863,186.53413156280027,46.60998970554774,33.2350484113996,41.0797560236043,29.21590931193842,0,-0.8818746512277178,19.05963904304481
56.336990578934106,4.910977341015765,38.771403652159314,73.49796603583096,200.25030764569001,33.72602936151139,16.351570452563244,33.91860424158102,19.569461206582375,0,-0.16306696394376388,6.3363043922673175
52.86653731640258,3.8052901862969524,33.42578165968861,82.06679370597875,202.97066943750846,21.415542066335245,20.842271601474277,23.217908727898116,9.695942975887753,0,-0.7449026448064491,0.4412923739869865
83.61281824904289,6.477145618912079,70.80171099514264,25.990878586322385,97.08901789093986,54.4500890332995,40.96207559825464,54.138981484152296,53.12430768139865,0,-0.6751782749743815,24.099294188987155
47.45373108097394,3.569591432285988,21.116006726872904,56.502465794518905,228.10265566800518,29.634681839112208,31.033745980755114,22.83509074938569,10.697413770462596,0,-0.14451867071551783,3.2949745654534177
60.904454179999654,3.974534748084965,47.01891083520981,47.0270463305564,215.25592308151118,33.46717601453959,29.01392281579231,38.04027668000405,25.18391023526516,0,-0.7924199209999613,10.297345229749784
61.0239580376217,4.716871547159018,29.016504352690898,57.552822692590695,185.08371069075577,28.65307397666038,27.346452354093767,35.45888514315484,28.491238657638544,1,-0.3079615296390403,0.0
49.96431614376936,4.363559832412421,45.62878402323458,75.3699637165968,221.61635032353553,27.601909685441264,12.588467214435116,34.87311876475492,27.19269475938075,0,-1.8936146669537857,0.0
32.550689042317984,1.9669390638470414,20.205027173510974,84.2951589280449,314.4916819528034,5.201297579250625,9.812735393636926,12.626351584727367,11.128537244621814,0,0.21329370737293857,0.0
66.45949007235336,5.841000531313566,59.20747540712204,44.76118842930788,174.93573398085337,46.92166371602784,46.24669173030041,43.37438058276454,29.65215916122345,0,0.0012054753622242368,18.768434033601284
58.77992056289233,4.9462810555735555,46.06007195757989,69.1962206807608,179.98771077320083,40.94676463014502,21.10619774050013,29.008192338135558,22.272435906288585,1,-0.8170886310681906,0.0
70.0048093887314,5.233268090112993,36.77116427149268,36.24115293465033,134.2814611298802,36.6973892367121,38.251209337679654,39.232982007389744,29.16400052893381,0,0.6592456684324051,21.410037921689263
49.32799387121666,3.8754746910284092,48.7758730306241,73.04303818918622,267.78586010136246,34.70691214526603,18.164692164812276,34.97322930866181,23.81065930111881,0,0.9375701376265584,11.038707244359644
84.41642597626095,7.552474981921393,74.60395084765996,22.126820443523705,69.05128027002631,62.00512488314886,33.48756121364697,62.426161048288805,47.665933185676366,0,-1.6075598643689741,23.70274877294019
42.464524375763105,3.7639358568139816,38.54803198902633,72.70775112036762,242.5102881174435,30.075257432457665,21.918520877936185,26.445818290975286,24.302171270883512,0,-0.7627247785662142,2.567702775417984
94.24080568035785,7.543656281877702,58.352685325888295,14.39644354215673,36.29336877912729,51.97239092260496,39.509337428723704,60.988295506487304,45.37138871797669,0,-0.7691423497872982,30.923598472538806
25.047269803434766,1.8849399257942894,14.472949318830246,84.28250400473149,347.1115825459336,11.652079539560598,14.867852692492509,10.380422881739335,6.704346293657578,1,-0.9399031011088647,0.0
68.69540129113783,5.533936638516856,49.541053077854066,36.77596049931565,161.0184152655904,37.385483977562565,16.606465219230053,50.493061843494715,42.57783053313938,0,0.8294748419317485,17.1619572301761
69.50861365053247,5.3048073130714455,41.61892556205839,56.62963472363587,178.46139567474393,37.19555972599045,27.65343459992812,44.333006901034615,37.38350620434034,0,-0.19382613877280352,9.831155809846212
44.088858641182355,2.4747339384350813,47.785666773459695,57.11602890151522,250.06390974327516,25.64717940831497,11.186230043536689,27.777051106992968,27.928423758342962,0,-0.26451484131061076,5.644496806268728
68.48787875722024,6.500119255844985,49.38477984731454,32.62933421219525,134.45955673039165,52.48596732200317,22.20450071073745,52.74638024312839,30.210728267881976,0,-2.0038623644067535,10.139012885347203
85.59037339520317,6.924892371215955,32.879780905568644,49.86154939493814,78.2885436849279,38.19129016611693,17.394448083713726,42.11555232613516,35.701734618224705,0,0.6354180302092264,24.722641090301448
15.663623212918708,1.4521634895947653,14.358094376605298,100.0,384.35001317534113,7.74011325313934,0.0,9.954479339930314,9.407268240679727,0,-1.2392583948534726,0.0
70.05489614981629,5.575437817046849,45.55685333669827,11.323739465867277,127.72892934425832,45.97855240123609,34.058820343623516,45.780957093748604,29.356781519615208,0,0.05993263026632825,17.054944427645157
10.134583593398446,0.5,10.0,93.08231153607672,381.225476960335,0.0,9.217709304549349,3.2715833367608176,2.650346054886761,0,0.2773769379581917,0.0
40.68670392953584,3.161974073888482,24.79449909281809,47.56942401971951,249.36317981535294,24.199038940373843,3.9437222722408656,24.76243596280165,23.00477519966055,0,1.360658595838651,7.460877641758608
92.5833272980189,6.6069688027443565,72.87879327468009,6.008384380998038,49.16096074128177,56.4852424303014,39.53109617336035,59.37214226747853,40.0727893038238,0,-1.308820399119112,23.164840883119005
48.36435933215892,5.007691995599366,45.051929318045055,23.973464673032602,260.43008489799274,41.29292887075553,17.42681827982384,50.913926947654204,39.5538812284565,0,-3.0195121558208253,0.0
36.52240071182055,2.3045360577344463,28.396212120860923,71.83372435585214,288.8194109277825,7.665753157390006,10.015422824415507,17.029840479021626,16.230692183203313,0,0.18384954475369486,4.9358671712008135
56.04124542030636,3.9673164917009194,35.83575992283286,40.2554527497579,265.01903109718194,22.558961053734627,9.681480036897526,34.495415816743154,19.66319205522349,0,1.8005111815108537,0.4601846130967555
100.0,7.7798703978068,69.5866279519083,10.718863081557261,5.0,59.59574534706546,30.32660233140632,61.655976979684,45.45175843840514,0,1.2389463529394373,39.95142491293277
23.36635505587948,2.5133462668965474,16.55244470489192,67.13218983753022,368.52241851870934,2.796575536969341,8.21509022181067,19.02414562127644,14.733031885591084,1,0.20965941527462578,0.0
38.97380176721311,3.125158641008376,19.257360838400807,72.02114047085138,289.9575487610563,3.777850414127478,0.0,23.72151459303771,12.909899228784491,1,-0.49163618563204736,0.0
89.94863366359253,6.577822795072172,68.75333005022712,15.072370998963542,49.76033429184493,57.62744598212244,34.930128277558005,57.35935504158302,38.310961460961096,0,0.8071225966373103,15.698334354847225
97.15404687075466,8.399492930039044,72.60825604813292,30.869388711508492,84.58526323095546,60.92947976589849,21.84424914738301,73.68253992619806,54.15665260500395,0,-0.9735461997044687,29.85712601558046
57.93137551419432,5.000010354528287,55.95637525770276,69.00490682675317,183.4800216213564,38.38308194060702,32.521414152782356,37.00180645481609,31.07520933048721,0,0.47635776935621926,13.179839175737566
35.218945949467155,3.0867331545655987,37.20675996751176,84.20520128665623,316.0999092626313,15.156264581282848,16.418840147186707,21.662945088265833,18.517425684880642,0,0.5054701591666269,0.5078358281723765
100.0,8.35786712058542,63.1432508240987,6.080634632065449,42.53042433985926,60.25005859063172,39.20620083816113,66.47850404202788,45.267144790107125,0,1.0602099074988798,35.467655364065365
91.88884783498393,8.54828877708994,72.52517722957839,41.93571690813958,62.41491399900241,64.10472575387502,29.447424209172688,70.84746853846416,56.038101661771385,0,2.7596600389110777,44.36539846266081
73.57893975524466,6.978862627937629,41.99572399772654,17.78463691067749,127.54643828696716,48.23681084661,41.02888047697461,52.200593006703265,34.420543758529725,0,0.39241596717876703,28.073128608982707
43.751953021251595,3.1567985701984798,37.58568812428461,49.405343423984455,238.79852723233157,24.059299321170503,10.308437467874498,31.009982427105076,14.40507007021764,0,-0.5089636257074988,3.239865273169315
59.019413183239266,5.533495551064718,36.1474472406664,49.97518961809196,187.3029964006606,40.33575675277861,22.59141428850139,37.092316151785035,25.290655110162245,0,-0.025574312191994436,16.312401917381827
56.79279837910339,4.735007965207721,29.522426631616522,80.25565892795004,190.2961216018122,32.345083783007276,39.520656909830976,27.21555754479874,25.32702870998209,0,-1.7690759048891183,8.7631133876016
66.61702609231156,5.5789099954538,49.43237169159214,40.95490702524739,171.63371386555033,38.46328378179199,19.372042905290957,45.01632089050448,36.38456302250798,0,-0.6947131310890582,14.328630733719503
89.02002876262672,6.275466885188473,35.56834885229729,18.781028318861893,74.50291132798267,46.36619472628442,36.07570627149688,45.29711600380728,33.56648083313015,0,-0.409282438113104,17.499110122441643
77.58834082274807,6.121874383125747,36.80208283187136,15.108734903910225,142.4244587461937,34.6082534598059,26.992102845534777,47.347785142959694,32.83945402325454,0,-0.5240883979345925,13.412620971147154
38.45247846030483,2.669786481656104,25.14181608447055,82.89867656293971,258.7984150416426,5.313884063564741,6.575402184357763,18.049629919441262,10.747213777167484,0,0.152354872033722,2.643419936785772
87.52992900039075,7.416423727477914,62.09536796662194,33.90818605156149,85.49474618276508,58.452945008963184,40.25041859626216,56.966895891451074,42.83629878082089,0,-0.8224199323822006,28.089559300447757
66.26264280026311,5.836551674222451,42.69066225860228,53.20625961653581,197.4589256806267,37.07555944211091,27.11022213248569,42.7319123422636,25.991580074421492,0,1.1210306673244714,21.774427097676842
73.74131591717833,4.862062097866111,35.82455815484884,28.708036008653323,141.43291494144077,34.695033166376334,24.727296285668942,36.808505904648946,25.280444276858898,0,0.00020706491819709385,12.01151692362684
89.33081718557206,7.13544794284363,54.35265360851538,12.188701593951873,47.60028000878838,53.409435365052346,34.30078611707554,54.571490780099715,39.546200893364144,0,-0.009300321138614417,30.741049330643985
37.76839500972898,3.5824023531754445,30.34996977918422,56.71413798541138,263.06819911304336,11.49413707596769,19.56145409226494,25.433671479284442,11.470383502951577,0,-0.32789471651291785,0.0
59.28348842587074,4.649339592912937,47.316259604393146,51.722981595260464,171.43065999285034,35.32005941115275,12.45675413085506,35.52458003086524,21.794180178383215,0,0.15519068385897913,14.221841622844522
49.3709089728157,4.314204540326438,34.39740510501157,47.66420307584228,232.459516898685,28.99742926720441,27.01999385580588,35.52802884389703,27.909823241430015,0,0.8250982646676347,12.572901677839635
28.642811492690882,2.4670076532288125,31.618305855253503,67.22819044431765,319.56755052627983,0.5275155341795532,6.921623486717122,20.121296878993565,14.183849584711208,1,-0.8671302157109003,0.0
66.93419955209839,5.525566080144185,50.82790992106121,37.9815118449735,225.60017156179265,49.86313470401644,37.99823052824589,52.98830825755681,37.42273765971293,1,-0.6581164890752567,0.0
100.0,7.864342510965852,62.525443460417875,5.0,10.15139108052098,54.7736769190393,44.538725418496576,63.210234136013426,42.730024667167214,0,-0.30372602877666466,38.61509146441105
23.198445109884943,1.2475852067229407,13.433891042803285,80.3458125442516,330.63306700280106,2.2478697764347624,0.720320192535452,4.623263492511237,10.377315255251435,0,-1.345870923473215,0.0
59.354387779010594,4.187585948608334,27.519409873228867,56.24294738307254,190.2975093312754,25.652063437732554,1.722048627911148,39.87592229025586,25.01755627716282,0,-0.8192578597214978,1.316244042047478
72.81085870149548,6.179544953347296,49.886211187132666,38.13771492430787,149.12346338221656,39.855727582696275,25.327881651036694,49.29644228150889,37.62600096616609,0,-0.47622087354465903,17.859399676610234
62.46156403312362,5.006654250409332,54.84410101539992,44.08056360074296,212.88220849418067,39.766345769994295,17.918571009499857,45.50742172384009,30.943042953762255,1,0.8743891807127275,0.0
57.73743894968519,4.549738993671203,47.26910811188931,54.45871619005259,210.00639709392487,37.414584440247545,18.464606207296395,38.761187113306875,28.51018963874013,0,0.26256132900192497,10.85511058359119
34.01567273108351,2.5093087973255046,37.831064170949674,64.0860027756609,288.26018962569225,10.554608372298194,0.0,23.801362805098393,19.24165843541335,0,0.19358991136754436,0.0
64.65573485880327,5.019864365963886,42.23016196317236,46.607608628112864,168.59837321809454,42.207060752952984,23.615830621868767,40.48896246058065,22.864959896050443,0,0.8508979621679722,13.191289631542976
44.86472045968147,4.112633534018587,44.866302266919604,66.94250945445413,270.36863008062744,43.28439816986186,23.361869258542615,28.136913039014452,20.2060385528638,0,-0.13737178839939665,7.522160074698064
16.201565900428932,1.1285032311003012,10.0,75.76187178728131,365.4442379318525,1.7870008535139978,0.0,6.95304198748339,10.133725982011045,0,0.3904648499288896,0.0
83.89184441027462,6.040815196171185,73.44014191289116,38.05648064216973,72.53870274564397,48.58059298523203,37.179160730659135,47.40265740774046,43.96734267537591,0,-0.10322175293249623,21.92371901197171
79.16771639684085,6.705243199517355,55.19883400336735,20.255079140435207,91.21551970464739,50.71970839773488,50.73038532256673,52.32096239527407,38.140703752894936,0,0.26536234939962844,23.10636782455403
61.033219537021594,4.78021923102937,49.795567413957876,50.05049805345563,163.66363308493015,36.00180108073526,28.251068250448228,35.72521251073976,26.36332761779886,1,-0.5827586576115821,0.0
64.58149376411406,5.182217433895513,59.9581692779784,59.39144712230919,174.09157655487897,45.75094204019244,28.114720673851266,44.543155310147114,43.800918064440616,1,-2.438817158276429,0.0
81.48636025431122,7.322697973544653,55.1061758922058,39.62176083825521,80.11263484650141,46.881308520141815,30.034879372682457,57.068148761759545,48.05949484710271,0,-0.13427916218630415,23.138914188029197
64.48679313556165,5.148663172169679,47.324645070334896,45.92520752726437,154.7454907177991,47.70913304474068,27.643049534976036,42.35146348729933,28.059311957753714,0,1.42274813609994,18.012438497824142
78.08035109522629,6.391019924177466,67.54488001872143,27.569660870188887,99.13543989104504,54.394423552900754,36.07670798032116,55.00304279723205,37.68436759157077,0,0.9262154022415924,28.049386761984028
54.050355982523,3.7345667329526773,36.50521754846546,67.3197869203838,209.42538974213375,20.78125670749768,13.211752107287623,25.740414071667644,23.347193245100726,0,0.9653974845911707,8.782311149864254
86.23967477147893,6.789339255542835,47.15884951497363,31.856664962224507,67.94190332467238,44.30001294272751,22.066620969586527,49.888900706482474,31.984435595080328,0,1.2361307218062179,35.52835431165562
66.41571451865367,5.618020184096595,67.92107070890667,36.16390524081677,163.51254898076039,49.95877875115947,45.93631329983631,52.56177816478334,44.22133356863165,0,0.08865759096143744,22.431586287797092
63.88103887211748,4.332796242848778,40.019082567110864,36.58023736386224,152.84456493594428,36.68485532790466,11.94792207745986,38.44396293985486,29.891174438350884,0,0.1973157074055956,13.049765405913805
34.59877822575936,2.868324804618604,25.80670526740698,50.53295959388866,277.33152700210223,11.504525791520145,13.224594110042064,16.547844770362737,14.122646495268548,0,-0.6176518954343502,1.4173042076751288
65.73911708603417,5.309524903205137,57.577448654735186,46.10926501416888,157.7271368341385,44.94511863767474,28.404746095948326,37.82233780215559,26.458105792139996,0,-0.31607285602704976,17.716554750005603
43.360901650110975,3.489515859802598,24.267692117765662,65.64672540966824,246.10275666693337,14.57939925889617,24.68326403880847,20.81412438495474,11.645279507516515,0,0.6157711497711416,7.796865087506942
47.23434546943012,4.297327086883531,22.985362696379774,76.39995102628039,228.62998599301923,25.784306428065012,19.48671597222803,31.89113597221111,30.44740580209156,1,1.2038844371688162,0.0
43.69248743367758,3.662618252118467,33.122114171322636,70.61617368808683,237.87915625893615,30.394247069445665,16.8770162976737,31.58496549186926,21.655322999062278,0,-0.13944627568099954,13.054867156019714
38.6753013620155,3.8330600581394623,10.0,87.33544896805678,302.7770898023187,14.20341756856,7.250563832088022,17.432740378829248,10.095617979854474,0,-0.4501892648514116,0.0
100.0,7.503205242202982,67.1209392313208,5.0,23.541333266341326,51.16831744485065,33.57865989531101,62.77870367599345,46.48371513821222,1,0.0005279588565972928,10.312583578169425
86.62678123976806,6.9981047827906195,63.0891335109917,37.03102273184336,58.760996368424706,53.63649293175457,25.721394845669266,63.247086270459825,48.054824561401574,0,0.6012067489291149,26.22244463479881
98.40735004288523,7.9148213966257925,66.18562606176802,5.245653407858911,8.034287891112548,56.795921950388866,30.78239306680947,65.43429813376514,43.816863484866346,1,-1.4438548161335418,0.0
35.54209960888872,2.3087407218335576,10.0,83.78905313261855,344.3990565532797,10.120857334354213,0.0,17.84900481530279,9.563872327230852,0,-2.296180953137238,0.0
61.42507499821785,5.392153500903102,58.93933206079261,31.069824291413827,184.8767896677011,39.170237364400926,18.07683909986785,49.52916908637846,33.36925129170762,0,-0.5505368494915835,2.0840325070436148
34.129847495918085,3.8927244525998557,24.926274786634412,78.69177609647618,287.4616541562333,18.63219413759525,12.86217804272051,22.01253178252228,19.83988041091801,0,-1.2207124259141586,0.0
46.08610245605872,3.678385159242782,46.57179289685851,40.09764224659036,250.63356271912767,21.890007042258482,16.629904971744182,30.94845137335349,17.956353104165643,0,-0.5081401976473109,1.39667609722764
41.63746033166851,3.583507370670364,26.545859730363507,65.15688983703043,273.3616218007118,24.021935739731543,0.0,25.01868257792893,9.11588445318754,0,-0.14778031881747153,6.424466253605669
84.79168012883123,6.825593648214163,50.55405627327422,30.49256779770373,94.1540622601735,47.44647981047667,29.742518252456232,52.48398111980371,29.068922907242364,0,-0.4532484090230134,12.507714487014546
52.0754064379648,3.809240180083596,39.14459370912695,51.67297094726205,214.28034640208745,23.89483832126262,20.03892451539776,33.723256774174494,17.189419602609448,0,1.4524675344707454,8.69839231763069
81.36758667388033,5.599026795009419,54.799439408434026,16.027161781048065,89.4944010057836,44.04810451120372,27.327970385272533,48.127401582214254,42.458407381678285,0,0.32674476460232005,22.33814632686034
72.08241779177035,5.413706681793946,38.68007787432566,48.07100383978085,117.47563216245388,41.37500586634917,21.823444646904555,28.00390559224359,20.560253322086034,1,0.30047435961082836,0.0
100.0,7.304020809524134,84.69784258787496,8.75844652183692,52.22494503207392,60.27013682629776,35.878299776707834,59.30930208565079,46.66622779774128,1,0.6222071440434019,11.318599545588565
30.411115537205518,3.2849402820060005,15.0650786471039,73.71403669842643,310.7652109732348,8.08088850007289,0.9264706852296021,11.040685858986484,10.024136577477357,0,-1.1388331177807691,0.0
85.18466479573598,6.757218336697259,41.2266015090595,25.318086258115333,66.76628315053131,46.30073120578276,25.001630810894337,50.285517047164,37.621931323840016,0,1.0391117874202687,22.486694008522246
82.92881740801455,6.461345728117579,71.3318327251835,58.71121229533251,122.11463956271925,47.4444928405963,32.22950854834638,54.627422533105765,40.06063930642304,0,-0.07576428653545988,23.621849814518193
40.532423239459305,3.6871707715506474,23.32971610949528,83.30961095791922,299.0498861463135,30.957212424609004,38.58369389787946,24.92287294322462,22.99736847056232,0,0.6704806172412126,1.1245396715916467
80.1426667294632,5.850537786929113,50.02162778446799,43.808217288790885,173.93567886358488,40.5254782515417,20.39196152826064,41.58250973239367,31.25410466142833,1,-1.0718572330401555,0.0
66.72289926052457,4.9543999218396895,29.05215361206746,48.5036565673838,181.20227083827768,34.20803331414882,19.69008059290532,37.260831126165776,34.261876710732224,0,-1.5537587660160643,4.8346386297572295
55.45047480093184,4.470074118698858,56.22474722662219,56.54734846999392,309.35253652543537,39.52588140376467,25.278239397445184,40.91431408122312,32.8536317673256,0,0.8178896580250287,15.529131412461116
43.52129026056001,3.996087716556541,17.57009731029513,37.725722279474994,242.8230203300415,22.356010898831165,9.032571609373909,21.462168244118644,12.197998826599816,0,0.3764095260975166,11.052251094029453
45.61781097101628,3.9002674002656965,32.516962486767895,56.23442487142613,265.3400168833795,29.196856967434826,27.76384345702005,22.854970973919357,13.801666186879725,0,-0.9020515543575104,0.5676211615446949
100.0,8.12416257125794,79.12620322540441,5.0,34.635309917975604,64.74404409524124,23.116545675455303,68.275999488991,47.31800485868831,0,-0.8696630812746944,31.03407424409253
60.01365637914965,4.84015137794998,46.226728795435726,27.48763885227995,173.1943783316494,30.553440421822927,15.6112629111555,46.39033761839825,40.219432333858116,1,1.1254347844147694,0.0
75.64260003062918,6.251525930213722,52.353276901518505,20.468410486785615,104.37359915529355,44.34037534507667,35.36775386485954,56.37302525111725,39.7666761466698,0,-1.1894118928673278,14.732840232535896
44.182012366648934,3.635387441896542,13.91075007378009,42.04794998227946,312.1047582386064,17.11396397795844,8.771322118563917,25.44123211250251,14.147317687226638,0,1.6426729532559634,12.924618857173272
44.40294107556723,3.03724914865691,22.98481039522422,65.1371728960643,240.52788343764297,17.91311719608302,5.076814506651633,17.79285215962399,14.138483666382347,0,-0.9006207346478687,0.0
81.63969618499884,6.554215305616483,59.0257907099244,38.18549546518695,118.05536387624154,43.852116150608275,32.02992953340549,55.719835375874986,40.77878298370543,1,0.638391925608383,7.519280352478285
33.008475768969355,2.103833732058672,15.234192338408583,90.27281845452258,281.4471156679967,6.3973238500818415,11.409006385730413,10.108212494991884,8.169376674471957,1,-0.3286184757489846,0.0
51.69572464189457,4.176199242801977,38.22060184931388,63.28168890305632,203.30293602641356,36.69133336078584,25.534450246231266,28.37823332729227,30.00495223401189,0,0.6031874310823431,14.837771405446084
60.68054822144464,4.614119886971451,49.29381784316266,37.75869568417254,177.68406695205132,39.89263406637253,19.52044926463908,29.544371671922764,26.05234252285119,0,-0.5441140021141926,8.782101813136064
62.22745203680105,6.247886974335515,53.18424528376175,24.58776606095944,164.09964282204731,50.500406599725835,36.474890843035745,49.96352365729617,36.96768687556745,0,-0.1627929060722942,14.663392845988614
56.41813429967687,4.493503552098294,27.230900431646972,32.49944130750511,206.45725841352328,27.172071731737972,14.445452223431364,29.624304958576754,14.44156520561658,0,0.04091917539572113,5.587650006403065
67.91639562191847,4.731191866622683,69.50793748513247,26.85581345102755,151.42528619338256,40.2840882571857,32.14615242232133,44.80706641658185,30.495613076998954,1,-1.0021874557814727,0.0
73.85711511635623,5.841479103970036,59.37477402699066,25.476568507215678,111.41316666067073,42.55083432630324,39.524113390949836,39.421308920258845,32.61389082232075,0,0.7408243454201259,24.126244063100625
74.6927509091866,6.235099445553872,52.26778409973998,33.39026711491436,109.84019051438334,48.09086326246087,10.414447075091307,49.48733603284725,30.757285202304473,0,-0.5132135664715852,17.867386504646767
40.283923826643466,4.05939587920774,39.09411250941683,57.54610555583291,260.62959005493826,30.477701472276152,20.699045742544563,21.52811346892249,26.00617240955349,0,-0.22859991534001858,7.654872220744641
54.316898041424054,4.050625643344565,61.67590634899657,59.75081268259508,195.97520069242742,36.43555611763025,9.797239980878643,41.08695082626099,30.17535834068503,0,-0.9943493746085122,0.7668201525290925
83.89525723753876,5.920406591991281,44.33947905570843,23.31746072886757,99.06565456591026,46.836753590845774,49.97819851668792,47.52900121597175,35.418195431031506,0,-2.5623336587953105,9.4314433243803
77.89294375147745,6.639854005833687,52.272434201120674,32.23360478941486,103.60912763869163,49.21326161786663,28.243623781243787,50.180893260113194,33.816752970203375,0,-0.19102776260016902,20.154593206287796
32.542810970378724,1.9131255246804726,10.0,91.14019566167573,285.28197574301856,7.48149667705649,10.833958774689698,11.672622805327366,10.346318130670893,0,2.412615421612916,4.204575294745634
67.02959800704403,5.144290119809781,48.84723393141107,28.80762118255153,151.7219538442499,35.9704582373211,23.098262977499548,37.724871091929664,21.893053409742812,0,0.7846042878980238,17.70166975337688
20.435495012503793,1.5060293582448065,17.95878892800406,94.58895992700462,336.07556458775986,3.283986704309357,0.0,9.085927447579195,16.65493499828994,0,-0.01926037973439464,0.0
60.938698041207395,4.8402791166465375,42.26546747441758,48.89362321707973,166.81829472132614,39.250998263287585,18.136724493717516,40.34245656147097,36.197249378950524,0,-0.2628908292082677,10.36148859912106
97.95534033491954,8.18100945533073,62.02340252446057,8.042824293444117,14.066042563845379,61.40059615926669,52.59582088832943,51.81260915206175,43.6343760680694,0,0.02246589281204638,39.34755904101525
41.04214565462027,2.941554511226428,10.0,79.58093019577126,286.877888251125,22.668945161880444,22.382318836648775,14.381383118859908,2.939064444534523,0,0.54711911517521,2.2535584838569482
43.31353909016836,3.3282185011300887,34.05481419723554,77.23463076451573,289.7854204032026,30.752578216943952,35.53784854003408,24.530706497318132,18.52483784318597,0,-1.1808128153088449,0.0
75.28059563145719,6.015312474041881,67.25076178117328,23.361514816681673,138.82514396570312,50.43578649391545,33.226887902306636,50.95131507772746,43.68002018495623,0,1.114321694668872,26.386854820523777
29.14396969580708,2.4063165544239604,14.490594229730634,78.67010329789784,305.72695842225806,6.416576313549107,6.4741315737749225,19.95545002399115,17.002460185422795,0,0.7153813154412441,5.656043357568849
47.34489940229922,3.836505539537899,37.5420288718409,66.02964078870957,227.51277575389093,22.972261720858324,12.794437593315607,24.6074539160606,12.666426396313542,0,0.7181857257079345,7.7125625027766205
71.92882275163505,5.972308707742094,34.66873279194403,34.795096272093936,133.83160867261643,37.17249323021943,21.865462974722558,40.27664365705296,26.390701041238394,0,0.4384757388097273,20.368292064711152
47.31428304621194,4.207062398517824,37.692128769273495,69.70597294124164,246.87213331028158,32.991515998861296,13.109389939440897,23.51663183112944,14.560073415424057,1,0.019616657693989903,0.0
55.28060025578057,4.61876507828793,34.76259720159983,58.093703959142736,288.1529009300107,38.19464495386208,25.498600747405163,39.539701177262984,25.740374754181744,0,0.6728612359668199,14.756331672098494
74.8837142063007,6.217489898258665,44.79442043838134,57.107020677971455,108.30978263381586,44.867443556853125,22.849865552864955,44.663032894813554,40.642374109365214,0,0.591814133741378,32.44070200043145
68.43092167073122,4.68336215028526,40.298008757350544,23.205728698111326,133.60109513839953,38.642818805355084,28.653103600794427,35.260753103996805,16.27477166608056,0,-0.3540407109410238,8.426222134594028
65.33636792590804,5.2520232836554825,41.79934172780552,43.194400197123194,169.2939325074494,36.00309398530387,24.762092842289192,39.59232439478526,32.3217511708422,0,-0.573601772896901,8.127075080563708
53.21755441459923,4.497158127168743,41.076621247144814,45.88041544725448,232.18899451702094,35.034900763713,25.074141845819227,37.50302661615724,20.877571594316525,0,0.1018562952619867,10.006693318072337
67.40122230537911,5.756568381715553,34.059223601810196,49.848067159889425,174.3762673062909,40.44045701813404,39.68733657930893,41.9512664468159,25.993428418298485,0,1.5490201514951873,27.37233987605935
57.52534639800487,4.2558523247234925,36.29658916292488,33.068590921448596,201.08643240948373,22.201823588402764,14.129441734337068,43.547368547228096,21.88883856823069,0,-1.2391070756539009,2.3499164227645384
69.1561121985157,5.202969338436934,47.99456075896951,44.99964032418294,191.13347895292202,36.78291910997407,29.96271344431057,42.782217757769935,28.64005971405457,0,-1.46752526575244,4.398227503249605
50.06135949764044,3.7178584221694355,24.052559403029715,52.37805932617947,224.0503407290039,27.394778993406728,34.218682058399025,23.840405700788747,24.662475519790892,0,0.16476084123651674,10.47464144864121
56.34862051240918,4.776096590938406,57.4106863754366,44.841437094138655,232.3609296575665,39.93543556032188,36.41096966856961,38.52175233468686,29.42690383463661,0,0.05088770185601806,16.021250594749286
40.20084414895972,3.7330080593788817,19.605636103658384,52.441177408552036,319.87977102813943,16.926273490209073,20.227435356274654,23.106362702093048,10.382722486504802,0,0.1733416643704082,0.0
59.29984779987528,4.540257770344222,34.81552432357779,45.119240845712646,208.507579605476,21.32479891270362,11.407613569093353,27.68211796215479,25.10841204760969,0,0.24395319790850026,11.448250342463698
43.7799827274231,3.956379775007373,20.86290841097119,79.234023636068,243.5383492302956,22.235754843262267,16.29038509266285,25.15176140094998,24.209266146672533,0,-0.22320225463480511,10.037189951090419
37.71907099676014,3.0792655843231085,44.38815056911327,71.97866480088611,265.948387186207,12.797286075201436,0.0,29.107570333008333,21.495844089270353,0,1.4898634386020821,6.740140756542125
65.17322295710777,5.151714947987403,51.15030835597025,52.358942057385924,162.15923887868104,35.806286651021,27.265401530878965,38.62646527155474,38.50813759085658,0,-1.6009039784765156,10.456361166155444
64.25479551715321,5.034691526463273,35.61243679957082,65.72090634644209,162.1965276856339,34.667556061243815,24.729592860719215,32.595692816213784,27.919045411037462,0,-0.828497024780246,14.114637201636672
75.65747469897146,6.425903658218796,64.0225478778797,37.507592318899455,144.2737140993377,51.73852118027629,33.81711976842903,58.74945988801466,46.88293217310333,0,-0.10325476014904739,19.383446790425445
51.37748860849802,4.272987997073377,37.971228968837394,51.916916526753894,206.32246197134086,33.35383409102208,29.897550465107233,26.828956771827258,15.370565240684847,1,-1.6431888111541673,0.0
68.16105693673512,6.590797268762628,50.2852740668296,47.445969645458355,139.6846763753221,37.028903045630784,14.40658840026484,41.472530141101046,33.66034403593855,0,-0.17585440443207118,15.437887212308823
71.01595144547326,5.255163794139199,46.266393924306755,32.45249479875523,149.60332700255617,33.23354061826274,34.680704211153554,36.86334873138459,28.126007170819026,0,1.6614701657280182,21.765899628224876
68.8954761566319,5.77068894354554,40.732673440072595,35.05145164380207,132.63511171134496,38.324264523742634,32.124889443954984,36.8929985706041,29.70562428101014,0,0.020886488295961788,15.472254215652253
43.48692634395716,3.2143536026108164,33.81850943131602,48.27436006061503,245.0906543833106,26.153680750509,16.43482065061506,26.871935226881476,15.916849181740542,0,0.23070090571868349,11.340092519230161
62.98726964542378,4.60433807813958,38.640216451840736,58.12782024758893,165.24634494567945,34.785592375672785,21.42079834164816,32.93687356761993,24.700461329648242,0,-1.2601647651725802,15.470388069998108
67.28280592109323,5.377190905169972,65.2655204405163,38.0851631711135,156.90087930904866,46.63158751014963,34.155421603586014,45.79651920249787,29.640069801231668,0,-0.6163614080394775,13.357179117761293
60.14356933815884,4.880161786756226,29.407587484280143,52.0416096116315,170.83966505240872,29.86223017433545,31.577259469828277,38.64252381892491,17.590578717030034,1,-0.375196380323937,0.0
18.27044683257831,2.920722524136311,28.150880511354266,79.29801002414203,382.67292316621837,6.988753107479761,5.35555126938193,17.831815326798225,17.301687434317124,0,-0.31771509675623405,0.0
63.2097924794696,4.964710490515967,43.13366624765071,52.02157907711607,166.38643744212953,33.05662392703204,22.63905276840464,41.07095819813524,22.645928652561096,1,1.2816437950037687,3.887531908027598
100.0,7.434910635257658,72.99085734021106,5.0,49.78352588656513,61.37380773635044,40.03792284963476,68.65246934341152,51.712408046741615,0,0.5576910607251245,38.68189290458867
52.79921462486035,4.36044252873602,45.29102790369659,55.50028071471776,210.86064450132534,29.59034153850084,33.48991490163733,32.887748120549745,25.586914862447372,0,-1.111457956937032,0.5469382077292506
45.43845804289358,2.5977566246583024,25.50442767998114,75.09545433197593,235.5912593247012,21.75212315854854,11.18781522956036,21.155965373571558,16.704698253390355,0,0.24650477843200488,4.240427886909221
67.46697119422797,5.351379304236104,55.86936368294594,52.022140552562384,139.69775496479676,42.76202474936408,27.559255298134083,42.50723806840907,29.88395454414733,1,0.49822174849678513,0.0
66.24756420933143,5.307817777894095,19.297856392720227,43.48807492046529,141.83527282354893,30.544213917027307,31.561224280155706,38.19335953488452,29.414679941201836,0,1.1401490385212665,28.73109027270392
83.85470330832828,7.105676456138868,51.498396983610405,5.0,83.00271702648763,47.24867141251655,31.887723087038665,48.97270123243072,38.659177540789386,1,1.5805406865683735,15.08377922389893
34.842636881822244,3.2742220752597033,15.149217743864916,100.0,275.92780881605245,7.278168350606364,13.827280308258315,11.85058790702306,11.68858969540583,0,-1.0150941918278686,0.0
74.62760505149984,5.718423594666129,39.70426341233227,56.32270259177779,116.50671358457555,36.51508048272014,16.44456185854442,39.85540143186079,38.0376448687655,0,-0.8108575112103382,13.464304394818454
71.80844122502927,5.669368290687375,48.116360476730975,46.86365667363031,136.20101690973547,39.902542143165384,24.294312220029386,40.14641779338639,30.708476566298483,1,-1.2575778589146163,0.0
57.15706926118908,4.189505125589791,43.867448164649296,43.80448535971927,186.39091183545588,22.689581929599427,26.623700561761456,31.846832088995566,23.514530488650646,0,-0.23401985910698136,12.115392322959105
66.7737463584338,4.777868431270857,53.76822243589672,41.86314770114263,143.4031412774853,37.613942754169834,19.03834506410203,39.13800248175363,24.229579229668726,0,0.4663583744463345,18.5062799846917
80.58914963196715,6.602079360247689,58.82117231438107,22.88980521071465,111.33393971918188,53.00020713579663,33.23974232011015,56.053333106890676,43.71262655643789,0,0.9873345165891019,23.49778380550728
77.44630760056901,5.558911833747222,47.55548067146284,47.719963668587646,153.39612731449313,42.63558081345109,29.766609375875042,41.225700672655925,33.6415664862661,1,-0.07595102364252276,6.714827656421311
37.13961375852543,2.7638556503961027,29.68789400921947,76.01042093169657,266.13062198639585,11.813845931341724,0.0,16.909141115604307,10.864922349578752,1,-0.31984752325484395,0.0
76.40316373510969,5.614666118859157,54.72507156308528,24.18686996457232,102.48906240264763,43.400852026698445,24.900072868378814,44.753867598662055,35.80592938985782,0,0.15175799224874037,16.376707891890515
58.70622789934963,4.9713398250931,50.4549212089049,45.64471091115299,237.817688947954,35.465268098222424,23.9535177184497,37.08295258800071,25.55004274902225,0,-0.835142901630023,7.281319756691577
61.45748196031031,5.817313606458069,50.78960440153239,61.99677575052854,162.64890680305297,43.15308136696019,28.422956761819815,40.76542194335423,33.29242193493328,1,2.0895387216947734,14.673135743380998
61.46393982003389,4.266321194201046,43.32952201323001,67.73723434181184,237.85423193811698,38.18739702186731,35.06462423091084,26.59137869711531,23.706881152105737,0,-1.6076610271180587,9.273804425718424
56.9951402240348,3.6331019764739994,30.924068095211787,71.34483853780014,180.7135171032347,29.416244875573508,31.452216727780808,26.240299420641254,23.49522971435529,0,0.18474057889572446,10.419142752637146
83.8341499421413,6.6442885526962705,52.154403401178094,35.25023483850644,109.27351237568044,49.61455956386512,25.40078474050504,48.866997598158605,36.73801687258102,1,2.0236062192296393,14.697181068172586
58.32564080301576,4.673900162220139,35.330054965730696,48.6428607713526,182.3762011583889,30.08427385429027,20.44492615862859,38.30888663312456,22.849953321027726,0,0.006799844559997769,22.727720719152533
37.609077432336626,3.118055847965579,23.17369086347308,33.492756663713934,317.84515473180545,10.022223586714475,11.908431798762534,17.03753560224029,8.766994811692738,0,-0.19003903500149447,0.0
52.129402880605426,3.9471919728312614,39.17108629232133,61.436517405093234,208.68011426411408,22.637903595984646,26.8454170637836,28.23576331962172,23.41332751413513,0,-0.3574454228104272,5.638553593679919
63.57389433620951,4.985591897484045,51.65346993662724,46.404160557661285,174.2336881560494,37.562068290028705,30.163266767055696,47.75833972381301,47.39937803214818,1,-0.18039168176240783,0.4824779098828569
84.58429568594102,6.950498860145582,58.69782005000493,27.09548946991523,66.41429834875194,53.75359604578338,37.267144642497854,51.264235631487566,36.372628308677704,1,1.3728484746765302,14.449982657271597
72.06189369897668,6.285166942240553,50.60457346828839,38.5848744654218,122.89018837400279,48.118009746454405,36.60904659105641,47.48676828885983,37.356203526517604,1,-2.211861911329507,0.0
42.98929442505912,2.4616191688455884,31.525569147541418,51.095559631551,269.1610127026896,21.933542398421515,19.646953233664064,15.23295338707986,7.783203617307679,0,1.5334337012963255,7.543064276220111
100.0,7.815530280484269,64.8409468686766,16.688902682214227,15.044608599377922,59.375726894016665,31.172508142835888,56.875263214840125,37.634013856349796,1,-1.423957152450145,0.07714776811997481
65.2955062195596,5.3305448945353,36.45293177726216,52.291089548822605,198.372064974998,34.77705764446227,24.147477808950626,44.67119176643692,29.404665232723616,1,-0.2666523292344148,0.0
85.50781475998029,6.381637128493056,42.3010913588791,32.68025062473562,72.06579405097395,45.751842530244346,41.41198559816836,47.91524104998992,25.133447050079287,0,-0.42924442029866183,24.50573044802123
56.96571132845542,5.422841722160084,32.92450434915006,64.39321271442522,221.51958300543708,30.988529881808724,18.483690273623633,38.08323113747725,34.563352121684034,1,0.5885532697707198,0.0
70.66718489410898,5.33566985141435,54.19848395855415,46.58143484495049,135.11661539233046,38.008705511884315,25.74123172310436,36.449303415412224,15.616757079881797,0,-1.5981243518837476,10.758445808176832
76.7893700903681,6.122503263725806,46.72344468286199,28.290276971164975,174.98716725294884,43.01836591818915,26.02180625061477,48.436332456945294,34.34294995125336,0,0.46217266608194285,11.119236279212243
84.36389423508513,7.0271225872279555,56.67665559030019,24.786063589921792,129.9665223722036,51.3225293872396,14.84876813685074,59.722284025421985,38.34463122100093,0,2.0243096232868525,20.666204328780253
81.1473661075645,6.196146894204213,61.467469149418314,29.946132299476027,87.16486028482457,40.977715818427804,26.800236699855507,55.64435028092017,36.87351086392739,0,-1.3631740045928105,14.19183789917724
77.44394000145955,5.272228676214556,59.417652965248365,33.84845338781987,138.15320193175157,44.43223470592645,31.29528800407517,47.46869554763307,41.90691966817762,0,0.18970616761039566,21.565050851328596
53.69826537611783,4.08153396663116,26.79345724162209,68.28034649554293,232.09371086982105,29.27231843995772,14.9270598589253,23.25560847503372,17.65905389733596,0,-0.6619821777966091,8.049667951044848
48.565079160878774,4.399926610833822,43.966148977151555,69.15894587539111,220.75834686552133,32.694025506797495,12.014020988340548,35.185643284293235,20.79758609966901,0,0.42588720619303577,8.46588064205923
66.65215020648395,5.163724453126147,57.930006038093616,68.27597106835549,159.63974466298887,50.953005521137534,26.0746019104862,44.72138951676894,29.963941784525325,0,0.01914777741575206,14.239944538094093
78.66256144682139,5.869787765016222,43.76529444058937,57.81506631179468,91.12642333326943,38.56993694879221,31.18395994579945,36.09152254429934,22.791551377168535,0,-0.6414869090443096,18.641998217057242
55.54558598446786,4.9064829835087895,30.64354149271596,55.41020900689924,222.9531774809131,30.079624246493537,35.33195394459604,29.844154457959622,21.396169454566746,0,0.487872284871074,10.70835740522617
81.30343931428773,6.338887697131492,68.82331435146332,5.0,82.36198687695415,49.664740557268956,43.34154808946828,58.541784057628554,44.34758508088843,0,1.804348109786743,34.696175629788755
89.05233490972358,6.869106385952779,60.8680992242535,35.78965468380362,47.44913537441423,51.55591349098767,22.756575730497573,58.14636349427758,52.78365722938429,0,-0.19090379172729868,21.38689375017473
41.67358161853161,3.4086145743141834,10.0,61.841902313623734,255.19477419585144,16.308369297694306,17.437458527906923,13.665260195718343,0.0,0,0.7197579421481819,3.306323722470074
43.2615859240744,3.846301978735346,16.28629509952522,57.12060701395351,255.50532006629118,16.06829104155659,5.139090170537464,27.473441133672395,19.596260059270314,0,-1.2932729578711637,0.0
57.192498821893274,5.766256671617735,37.541052923600475,48.02615787823432,218.40048496612027,35.737467061128555,18.571217089663346,41.96270896330929,29.134438527683592,1,-0.9564363768180087,0.0
66.15225336378393,5.705798322931426,34.676150851802724,38.48803007444079,215.3411443319544,36.39273754044048,19.95947461751604,44.10346196524581,37.056987946722366,0,0.47240627788037737,16.751031043104824
49.50865972465898,4.540612761166891,30.521824100896875,67.83857799660572,223.6418827179404,34.56763676884082,28.11749949858998,28.944118398659512,22.711536566257287,0,1.484116028535965,16.872020153368048
87.04405357734288,6.710541186693503,61.2547996409758,5.0,55.6619943104519,59.90470425426811,46.61208477686658,57.907681016328574,46.04802528619007,0,0.35561334878566,35.85089405807944
68.48133723036902,4.965572925444784,62.5594821016056,28.58601382013176,160.0336420346064,47.192112672462414,29.890624666862266,47.379322485006014,36.629476598551584,1,-0.31305803052315434,0.0
60.78894096481479,4.894280951994745,39.64771951309246,53.328961685554205,181.3426002958183,31.35909521959004,19.73484596466933,35.20582776414103,21.064865601609007,0,-0.0007085945766459172,10.387770196317673
31.281809522629448,2.556129719440154,32.6226846615682,86.19351884233025,300.4966082654648,9.736221597155538,10.042653984037445,19.253783724609605,19.576586528111037,1,-1.2504077339697175,0.0
33.683683671449856,2.1554383230336898,37.8661801903826,84.01481606778229,285.92862150817143,11.672009888550404,12.130762743751697,15.604347664390062,14.802735151678618,0,0.6045153263553668,4.15754090295322
65.62018500563613,5.161967535498884,60.27722619746605,34.93537964716428,158.35433855728323,49.29859054147226,41.453889506025206,50.90089857474513,42.12685439556917,1,0.8823330623234091,9.250890819087484
17.348087476903274,1.5875057990118273,14.991207167687973,80.91272473190185,355.40836946076354,2.46264423671513,0.0,8.746112592094802,11.862280407861357,0,-0.45209033283308037,0.0
80.25274819288143,6.600416552939555,36.54403225662725,23.66763380166354,111.23331109591258,37.302148409686836,24.406615184728686,43.86702839100223,34.481816959547594,1,-0.4700421477595015,0.0
56.83692311255359,4.799097775696424,44.39409483282616,56.04154991486311,196.9855104254696,33.29029846697131,13.094498996401931,34.22772921114293,32.361621453390825,0,0.2658782296520485,15.41539447470119
100.0,8.145482365068721,80.48399887813541,27.825728431270594,41.88668160625366,67.21783161228144,43.28405231547572,68.1096898929511,52.688388829448144,0,-0.4367197360405955,25.94258303573636
100.0,7.746495670364972,69.18932894564583,5.0,15.685255642987881,61.9056272039159,38.42925538109925,66.53963094571414,48.65296562544691,0,-0.06613261462582246,25.076252043445287
56.371018615049664,4.252731175879552,56.90555173128725,50.980236301449935,188.6847849581483,35.575674010468404,22.750192475582846,31.850455792424537,23.15889577706777,0,2.0997217891665154,13.43529176102166
57.873259949373704,4.030385096952958,49.109617579236165,36.13459875832385,215.02082466313743,35.47209065062148,16.658915818019707,42.04362505038039,30.660821346796933,0,-0.24702570074599667,7.801882596052139
79.9116302800406,7.285317941995796,61.62087496755626,10.261457591717527,100.66475460989096,44.558381726780354,17.0646297767478,59.83875469050043,41.80474754609722,1,-0.3583401520212222,5.585218160033244
94.06345219836075,7.531801358178507,76.70822365091091,27.54002754577705,29.568133189338482,60.551553073784746,22.603009284240862,64.85668657638757,56.57307508793458,1,-0.6475418056351592,0.0
27.239418851279666,2.0667269802049475,22.401291708504544,89.2960760427124,325.13160033528465,4.849071938964583,2.1024555262082556,13.147122830926456,10.377197836628113,0,0.7441919714999368,1.891859833084676
24.272490692906267,1.4774032147062721,10.0,91.12071149846088,326.9100570193857,4.401023585690791,0.0,6.885419582719091,4.669973543682565,0,-0.181224173218103,0.0
47.55930388891237,5.272573262276879,28.300123207535,73.49300618785955,257.4609783986363,29.072722766660494,13.489768479898705,34.442687514442426,26.934799952288174,0,-0.649373038321426,0.0
71.65475166347728,5.195716116966736,62.13000643691263,32.588621575329086,131.12713491389252,35.633499648952075,33.74216247447214,49.14855110840596,51.20126744902863,0,1.321304032273012,27.824036832328296
69.93747181015195,5.38057378200912,40.8803168661234,34.87087799384571,152.18740374402736,43.84140979254457,21.62141087079148,40.7282636590798,24.27586271743591,0,1.4196030045136372,23.901619808670848
81.395429099677,6.719552746117191,54.742075317404506,54.83333830099389,80.14745789140039,46.06406630084236,41.27631575265796,54.32936926497542,36.10548771012065,0,-0.6004235657387051,25.705637667404307
36.006049432693835,3.1805904374876457,14.755871463854973,71.03509791619128,278.85902018883235,4.533772974424342,15.937702387529878,17.48536550166977,5.331433629076607,0,-1.8665399513606162,0.0
13.677122740622465,1.5731358468576393,27.413211870453413,100.0,444.33300240895335,8.211854144355563,0.0,12.074680162008452,6.729567482877015,0,1.0075136898369221,0.0
77.1602839060429,7.076626966368064,70.8271233084102,32.91629458551687,128.9800101187027,61.1786991521668,40.50520612090018,55.30504651907741,42.15247285427885,0,-0.684629825760004,21.131049079430195
43.43607454069531,3.7279647909859808,21.56656322707942,44.38482309836372,241.05414525418382,22.16905583215231,11.212314364211075,30.4063013279657,19.67201136983993,0,0.7906255991627686,3.4543623931717544
19.630242712227243,1.0424040169948459,15.21414990244991,65.83420924215754,344.06104845262917,3.1563905575577236,0.0,3.4312621525972125,0.0,0,-1.9701038177118355,0.0
62.901274919187635,4.90362943097412,37.22595196579086,40.15091444153351,163.81869918388918,34.60391403083715,10.935414095496837,35.420801078170456,26.638274156832395,0,0.8925973382993092,16.897089272202276
75.86351376437355,6.222997287406827,59.25390602537526,46.80970125566632,122.3905847673117,52.580728950539246,40.37696267471831,48.55113351818248,33.366063477052215,1,-1.2111719292807812,10.842327053182728
57.55885735757445,5.638821609358868,45.388030922725406,61.900642522057595,206.54624449794605,39.04302100767354,41.53155767667792,40.66909971003661,31.317967382361708,0,0.7307641190665245,18.638316793205007
50.843032276350215,3.368539842895869,43.7071783095778,70.12589369433819,234.14731617703558,23.857068390706253,22.728519595553053,30.521722027824502,27.670299868725106,0,0.014273067836434106,4.609346356182462
56.81275535708187,5.146308681179163,43.088113227036175,41.34269049568235,195.6482853594036,30.485838355054845,22.40485471088947,38.316114810103336,31.41101367200766,0,-0.9539394193966448,8.842795392594432
52.588344751984344,4.297024764931956,66.16590339027371,76.80212512948341,232.4301356256266,34.18310621747275,22.04835998830859,44.05921630285028,36.66080642973513,0,-0.4070363129267805,14.923961022430667
33.03905776119666,3.062039888510473,12.84810278273027,65.38222263656672,292.72824442240363,7.31454802396216,18.215759532760316,15.041253550396398,15.804799553501923,1,0.6863184569567008,0.0
45.70638646019137,3.6055135584973432,14.888436977768812,66.84750632384825,230.6782339942469,18.956974326632526,29.507946927972267,22.69032515900468,17.646784221321134,0,0.10589445311523424,8.336172191172206
70.42559810027629,5.21283153295894,45.36701666317878,39.45017442083087,140.83502693397733,35.64805188809805,18.476492291070247,37.54309068525639,26.780200530288447,0,0.5844129804724842,16.56801528626774
66.43357082753,5.690122055903067,30.823616923668325,41.47994332869496,201.8360607000942,32.780447364095394,5.30739830417968,41.45653053002659,26.506495532836738,0,1.9764405845154855,17.73332983407635
63.361196119336405,5.396111203099723,29.42821458347555,62.70190954021088,185.3830926305006,34.21447951352338,5.453911977620585,36.53482647954961,24.756634891986426,1,-1.5642416117110514,0.0
40.097030362932415,3.6937909119044545,18.05477471207302,61.441643395076056,268.8807054229683,20.417635777286378,23.846511192514562,22.984108800897264,13.75894356218365,1,1.617212574968624,0.0
56.36993675728666,4.502942622893616,30.237066675784387,37.434800174170206,204.0610023450799,28.42410670780213,18.099201033876295,37.45908226361337,31.023254007705532,0,0.10435593752321293,10.364949504987822
16.458699071142902,1.0167849140315075,10.0,93.78124676333412,404.2198919059317,0.6498009488325946,1.8883059004109346,1.2942796618019248,1.6053841892576952,0,-0.8987840483231282,0.0
63.5695332777078,4.306169164704704,49.680862798849574,41.632545910853885,164.19227539801045,40.81004915717965,12.201324008513065,38.52166402286993,31.734811949263413,0,-1.3303136257389898,9.284687274699163
88.57715415627135,7.4958589665714115,56.94211729853658,61.951440872720404,56.027163321068215,47.28460510539852,24.709482016201306,53.037271429727426,33.64040762771948,1,-0.1891203907770335,12.706639904474086
30.517357359157884,2.653333329954624,19.567004402685715,87.60073235812182,367.4834877533782,8.356034669250397,3.0675760238064997,16.882455263134577,18.782429679307835,0,0.9216501119244593,0.0
48.281446533644896,3.379624406259612,42.73934031856078,56.80646656373161,257.03820749454553,24.180448782899926,17.379998775797517,23.3399568761175,14.532305327841481,1,-0.12754912037753421,0.0
66.5821355742026,5.057284009287896,38.94426965412755,30.744525595552364,148.15799833224654,34.32291709579948,19.121159800959592,35.89247660425468,20.81732992961765,0,1.5111549302473475,14.920518158766022
85.05685268854967,6.571168809108253,56.89433789493754,5.0,75.22545607576116,50.132235236508066,24.287343317319504,53.07202514609244,37.20711855514813,0,-1.4511756900515589,17.375915138362444
51.03550767399701,3.3413483979285523,39.38245523272706,46.66186329715379,216.37640765979012,25.514756841440207,10.308056006115953,34.819207700187704,37.77771359297304,0,-0.01208894784605456,5.443040787855172
46.154993414682075,3.283558274871999,12.892817384075236,65.22430784642751,229.37813941035202,18.961751894993718,21.99172501932378,20.066554084768526,12.328888662508827,0,-1.252393444413119,0.2057272670119198
20.62153715167834,1.08280779373109,10.0,100.0,396.7054054245489,4.050311757153352,4.590979598977677,10.615520025853364,5.249226285893618,0,0.3636318826249679,0.0
62.06876258616213,4.759261500949002,46.90930709829071,61.3915071224929,169.67197639453246,37.22897474388869,29.096088039172066,38.09461359090571,26.957475664670344,0,0.8868873900973003,7.386579504055954
100.0,7.630651250835219,74.92014280566899,12.749137979756552,41.64155348659236,57.36175039774388,30.094147271514885,62.32814932954098,45.721925249399916,0,-0.42076179368105326,29.042927250068256
65.54716923929352,4.430271078710107,66.52521981602958,40.57481877227666,148.90042052187488,37.932546888732546,1.025567594471159,47.34161657805698,30.99507978913816,0,-2.6042138566271342,0.0
59.55442041632573,5.7756487485907995,43.26904305009611,53.67132786062012,185.74718070770314,34.1627521091453,18.020954415868474,44.535657349331494,33.428403167240894,0,0.19894814679649453,17.04876344461888
66.44164621533972,5.941602062741794,54.70654952331875,37.33469781484537,141.43014847417,41.10344854359701,19.784677117934088,44.88862849100733,38.45905435398661,0,0.4367385517335095,16.035820936834163
59.77815992102796,4.3927430829222445,39.88998550885983,70.84220802813854,197.82889161593263,39.75422799187921,28.632346343746125,34.669130310942684,26.857323881727666,1,0.40429475496169764,0.3724875193762358
43.73971255479741,3.6353877027105974,33.590071004209044,63.99000526990163,253.6867850043559,22.67615941506576,41.02529332924748,25.839964704190326,12.992957699875554,1,1.235782191822154,0.0
76.46559831355411,6.325980409994977,70.19848723698321,32.49834738748517,118.4925413398056,46.501593329576664,35.78736380517088,45.92445011515622,32.19518384071964,1,-1.0710536796490489,1.4979625711502114
64.51523046223508,5.756761364365545,23.920733142308197,18.894900437516903,150.09815990616218,35.57082880713708,45.00871999970701,43.319899086956944,29.125625757412763,1,0.6802161054504494,8.23023277695075
60.352265038673146,4.418878689763813,46.382748102788,47.30251680305369,171.26123763882026,33.73742057789337,26.47948093834628,40.12356954669491,29.700750577973423,0,1.192507512477975,15.010902358461962
40.492679454435006,3.7854677483460133,49.70074291887816,79.54513020114429,251.4755147262618,30.66012535715258,14.889991581567458,38.512503829707505,34.70980156117607,0,-1.7785875840065168,0.0
86.07015863869518,6.611660038992147,63.06945323918005,11.117170436842281,65.32458060165999,56.68308880749087,39.627336349836135,56.570039790686835,41.31484510737199,0,0.31965182591897723,31.08712525230535
73.2940549066622,5.195593190448669,67.81156806699201,27.69730107942405,131.91205972801978,46.9932965943862,44.790751582172696,45.74669240913868,33.307819693563246,0,-0.5041798310076715,15.6467823518186
48.941583252653956,4.277394939869565,27.966986781563342,70.57094896015002,231.14813777930766,25.399258378766127,31.146018716767898,32.46752659611507,32.452809408500116,0,-0.08152267310164589,17.485079487846193
80.03649707363874,7.048298977952314,55.70507300990998,12.243616244144619,102.78943533288225,48.97474768968466,27.230887053950397,59.00316276925978,48.150020181529996,1,0.34767648353833636,7.157543638714634
50.048583232295854,5.29784114534901,35.36925528649297,72.64502885820717,225.73285517407592,32.86895438837626,23.390289918038963,43.55023398335263,34.758123980712,0,-0.4872285641135523,13.254714166473459
44.35993014977926,2.948931779437234,10.0,59.254343168143514,240.06566159374148,18.925149761772285,0.8672123077828253,17.052363025950456,21.7758132766402,0,-0.6757080791616118,6.518007972383327
44.805937650394256,3.933934854571935,19.682378076773976,60.53124370371131,237.4227702884266,22.041226066605194,20.924145940824815,24.83532557116916,20.276756670312537,0,0.0341524174880246,3.922855673514069
24.578628938238175,1.7613896931622874,10.0,71.93483020025468,319.71795342943597,5.185605279398969,15.797481024056484,6.60941896992688,0.0,0,-1.0872459388628026,0.0
69.43084760836412,5.946147163931145,56.822254106180154,45.10570751677048,166.20933849642466,44.7917586613561,29.433038762809595,49.77700948119419,40.85115303720378,0,-1.0858251288851855,19.17419129101647
23.377102433233,1.1349234190430146,25.085502760103648,100.0,340.9834064952465,0.0,0.0,1.8878695313606588,0.0,0,0.6793732829565033,0.0
35.431123374684745,2.203104982125498,28.042150789344653,83.94684349884284,275.3177396184174,5.277808925952245,6.31162341208946,19.136174906597265,15.73914288987563,1,-1.148794035158656,0.0
18.488239818429335,1.091121773891105,21.182796841457595,81.14033703828423,346.2504631855625,2.3232828552705262,4.84980610683117,10.136753489259974,0.0,0,0.6663125009092119,0.0
58.27860614418214,4.701770514368614,39.153530173709754,65.34884088171557,216.50682537043406,32.45070101288737,21.742106313173753,37.07184439538683,24.713810904418324,0,0.4625912928539512,10.952272898673879
56.99359079456256,4.2389466302958265,51.91483025158922,49.20625465422645,207.77956904946285,35.70647228282276,24.638927978522418,36.50497555796831,24.82244327333356,1,-1.7258067287905967,0.0
53.46607573627272,4.606813230858528,37.514137441711625,73.02774404085798,216.9833580949284,30.97360137497661,18.74232208997983,39.499939533660516,25.01756610703755,1,-0.6775646523356551,0.0
39.14844610658847,3.6453229976560353,27.982552748879495,80.5316707193839,266.0231612574988,14.622571597997231,17.472310964509447,28.328966498894346,18.64725458437473,1,1.1941094030473725,0.0
36.5553249312672,3.2242147651240542,22.932801119262926,38.12697628307201,272.54320217259965,7.541318713229457,10.791676724920162,20.74383129090366,19.85295635632109,1,-0.9811655311396816,0.0
69.28739727093148,6.3523856015049525,55.345682866016304,28.663647133608194,206.69156092555525,52.38266289407876,26.183905703998,48.16083577006279,31.815815618219006,0,-0.46440426230938764,17.001630240377494
48.98896136583025,4.127030223994092,30.08028478995204,72.34366130819443,246.16096565188212,30.36975412147778,11.6556153536918,25.146374222384296,20.76917948121666,0,0.4620608932518965,7.362924512236803
66.3271664307229,4.697724959287748,56.19333027348671,45.492720835017316,148.61029953096636,44.60336752228879,26.957193553275218,42.16517961344965,26.192590290856156,0,0.7833905092825955,13.20082150026058
42.29502627751555,4.0652903589704135,18.285026987100814,55.419902349990245,279.9812029715751,19.043459801979573,18.272945864128154,22.19144809813834,14.814230352536185,0,-0.2515388860444957,0.0
63.62125485542165,4.787122270630733,33.54571585151321,38.7756709586526,181.2442498963731,33.364390684483695,22.87131325604092,39.50394761306349,30.567828600873064,0,-0.5975101946916416,2.627839871800745
86.06556074632127,7.340454109548486,67.12016007368993,5.0,65.57490434410235,56.524572371648944,31.595768760590573,65.86465790909557,44.046734513013945,0,1.4223698616985077,29.550606510345347
71.72331600785567,6.524732388906007,49.32087905966884,37.21620454182757,129.88386291699834,47.31609185176537,32.84760847745413,46.10173879546007,27.461471978052955,0,1.7388996637975789,30.047308221952502
51.751723635670395,4.368481896218832,31.68729238343799,84.77655307651878,206.75751517459844,34.765224940381735,19.950912055069953,29.15169268097513,23.587972894237637,0,0.9788580507817954,18.384914530491496
65.14397940711855,4.463438945987159,54.50136290973758,54.515221281669355,148.74962724529541,36.126047631786825,30.525822642454486,37.74669726472353,33.32203956059807,0,0.08531814256502405,18.829971265901847
55.18669650939574,3.9558296374967634,32.55807341571617,81.09830750486535,213.87345574809203,25.78620165428372,19.4254985558208,31.355513445545025,22.371043777812172,0,-0.8082657216409264,6.701495427795459
60.157603693894565,5.473980528954133,40.10831004272249,60.4311613835852,173.56422700035773,39.690786047686814,23.27678543137928,46.28677611766566,31.766609927863115,0,-0.8304444065565653,11.186189225401577
53.48777895702993,4.194460973740986,51.43372477063254,68.84197316320237,229.65389422432463,27.04199767095845,19.429448662494686,27.84112880546962,20.87621672542135,0,0.5225141052657575,12.453613896811175
56.71329588229218,4.576850438054457,55.09073057571103,76.9756483706481,290.3668090998247,35.81536247589552,33.8003700855257,36.112279983615366,26.46026793536903,1,0.4183982208886837,0.0
64.2418670614835,5.518761573000485,60.69328904574172,50.28529205062321,151.7784428761646,43.583038375761284,23.771934331873815,44.707560314665784,34.134455672207906,0,1.4015985929464294,29.371853691504946
40.132826008360986,3.558787511709041,25.271720436513576,67.62044613355646,264.2545584383792,19.21439571220874,15.71061306611297,18.686953453158623,0.5221952534161343,0,0.6504500925361392,2.001973463226297
39.68242346020043,3.313993783008765,40.084725471985,82.70946673926372,285.72990655370654,15.818252132737612,9.718181162551481,23.82923065186941,11.633723856867865,0,-1.503080301759818,0.0
32.229148923375774,2.473997728259829,13.07087596867626,95.21693392208684,315.7508636171538,9.384823855906237,9.516004977235852,15.061934443026141,6.122475690454206,1,1.0519476177229186,0.0
27.994577909925802,2.083232009927886,10.527175789727451,76.2458463775277,330.9648630867639,5.576760188214874,0.0,10.204178076764563,7.432503640393688,0,-0.9980606273144129,0.0
35.65434615559042,3.281297105092905,10.0,65.68682485632922,278.83650328511334,13.13929585138111,9.423225768672728,12.724956713311315,9.593414165201786,0,-0.3839712719523516,0.0
63.189250136082585,5.331924776420504,60.96115711424311,48.47702225308798,166.70250096576933,48.565681512681756,40.43027924257755,56.30431761646905,44.7630603185177,0,0.2502002062516945,25.751976497626906
42.14424969016232,3.242889974904091,20.861176292352837,77.83373671301761,261.06995299944884,19.971909367020903,5.485685238594729,21.845658547678596,16.82653237785698,0,1.9956674897839644,7.978063396619813
70.27228928462192,6.162839299266325,47.92527670176474,49.304803299316816,197.8039070242732,46.91181636392685,19.857439809951803,46.939891326499996,27.98532696907496,1,3.109918556005361,6.646043919648952
60.694274975051236,4.791024940439207,33.38274906325302,32.21571382269757,173.02051433148583,34.92885146389735,12.372108935637566,31.08934576504543,29.89136967210542,0,0.6067230591361827,7.609165101000653
20.629915731238924,1.2245621713319172,21.39259349516865,100.0,384.6707594672158,7.096230965094941,0.0,8.738346049668767,11.84632564955487,0,-0.18319661872038787,0.0
73.09951168443379,5.468475585303031,47.41332157193025,29.206509162804004,119.2586548980781,35.78758622455389,28.024517349101345,42.54700331049457,25.090802286968117,1,0.5345056484805503,1.0618978830920032
76.2159729118342,5.607907414791853,40.30301213395445,30.603247125502847,190.22596601640308,32.42215066976481,9.827520448423405,34.638941515102964,26.94340103887937,1,0.8876554258738361,0.0
40.122746503302935,3.0736147119623913,32.50254819417266,59.04540117684323,273.6737045846421,23.003692932718067,12.569237648318499,19.334033501417682,10.653519691524265,0,-0.3206676255571917,0.0
68.40383085789983,6.089168607800084,33.5453813524276,73.97611517334522,145.15811271198723,36.70840225146185,28.806775889935867,44.40225529693592,33.40140986109171,1,1.7952113559123222,9.940973201487925
42.87003525181602,3.0270552296300273,21.6349674231163,70.03481279163958,258.9526510071258,22.85811814514833,18.191049278735164,27.845403193979028,25.30910505069437,0,0.23007075919140207,8.803138845872049
61.95340753496671,5.050510483306388,22.298494128215886,37.83489149685451,166.1593708510567,33.13352925930115,18.45232217884587,35.45460347722175,36.596657415430165,0,0.49774308909139425,17.21654604748098
34.710031860900685,2.4484578760583484,10.05744118065441,85.65705073864866,280.62676150405525,8.437101247335134,7.011505664808684,17.334588127754728,15.87425235353906,0,0.6659242520544614,5.516032502579332
24.137870949308464,1.8008751553089584,18.681801361720705,95.09175840241193,321.03165566368386,5.110930896559037,4.179267720663921,10.098092117830491,8.090938551664705,0,0.4215866106144557,0.0
52.34365620774063,3.4324718906266245,16.995198964389193,55.40361950930076,202.5785459156431,22.245197582951434,12.665450784532942,21.727265466669593,13.870108009218896,0,0.8389405004696122,7.207270607655532
57.52542107450328,4.491764571381994,25.456337505935135,62.56185947889732,186.93737908201078,24.077861471899965,13.963932207498337,34.55049494130874,26.13149321633239,1,-0.6172531865469232,0.0
52.04640612770792,4.066859800314153,36.40879512806746,48.05009034232171,230.18680477947862,25.9718184967093,34.76510150091673,37.751962223503575,34.32873464483058,1,-0.5583017539460305,0.0
36.31938883554881,3.1756950788617524,19.987503223953638,67.76559186506016,286.1869646877148,12.104730883373003,14.342562305642858,25.867153459768403,18.283287143815205,0,-1.100154232971695,4.447113063658085
52.00201875737726,4.271801957217866,56.32177948975717,33.87538138782999,203.7562488329652,35.63450535620472,43.00763582163022,33.75203524481571,20.154697656913648,1,0.4395012306202264,1.3090217803057893
65.38589505161468,4.631675541653152,64.10909199637403,28.726691937750566,183.6220892899755,45.15003365549646,25.371816812708687,42.11315609086392,22.801755764099607,0,0.7789365035121141,9.098877772563485
59.10213939754926,5.270270273825712,32.69227295077294,72.58943027049898,190.16532768464853,34.16934277010585,21.530340025463623,37.275317105027746,29.822529360587883,0,0.4577728661518858,15.65860041340845
63.65002061198427,5.19715316906974,50.126390612423805,66.0471229206835,217.47985969570132,37.0872761987362,13.44972340696535,39.373448667460096,30.008695579830764,0,1.6744924333475373,16.684580236646134
46.59769599091534,3.827012437861971,40.11121276243525,64.19176779287221,246.47417293762834,22.704346412993267,8.281290751729045,31.33171960179941,19.452320225841483,0,-0.005596018829046555,2.223426185764555
83.43435829432319,6.670157486853286,52.429262225782196,46.52081907195486,73.42737258621005,50.27632053729691,47.894913538542994,54.08452677064332,45.2984302771697,1,0.6687416555925126,12.080784064511004
36.47653326890439,2.6592439379012416,10.578157923251034,71.60257289179596,279.6394061166931,7.3199208867536125,0.5816742576557976,19.031113471450972,11.28323903563976,1,-1.0917008761393143,0.0
69.75120594173437,5.688997645213113,48.702859666133484,37.32787042745073,147.95570970263927,41.87371813503925,42.57216718893119,51.18678787532561,37.11541939041183,0,-0.387099702474401,23.12158751017755
83.63782185919924,6.92881996670023,56.81801855329835,27.040305922387443,69.29458494720943,49.30109356022973,22.0988127287102,53.107644723507256,39.36587221017484,0,0.6955377575657775,27.770509229665027
69.61816185497791,4.696005102725455,44.37506832877834,38.882779001139305,127.90417100066702,38.65318454374277,16.696817680846586,31.8695260891331,21.596253359740388,0,0.849102110743144,14.84879251899743
55.9495154587034,4.206580818023224,43.58782950273723,51.46812865857443,187.7835570025816,31.52808045254488,17.763402525966807,34.99597422695275,26.732375794237555,0,-0.29396694766418224,7.996200361762849
49.43405906674042,3.827251240137439,27.096545276662305,74.28671821905422,218.17502762681974,24.861143656543472,15.649744003319835,33.5585519737767,30.167205657219114,1,-0.07159925185806683,0.0
80.72175302092512,6.585825544521149,44.985251638856155,31.079874826549315,92.19520170153282,47.18119703606301,38.052476413041994,47.29936899569723,29.30927572937945,0,-1.5178737466808094,18.73847821520629
31.540501494766538,3.119895622544886,23.169180749834894,87.00927967843911,300.8966622410391,8.018825637347469,8.818400001765982,22.908592847060962,18.703231829699686,0,-0.3570292008066094,0.0
40.597514792407125,2.861930776094179,32.277961280373745,81.77905151092085,252.46107862712321,25.14519994302121,13.013857904211566,23.93510557100304,17.983345097659928,0,0.8903831635197862,5.24278647115644
52.04884469016557,3.914926651804325,24.66774184411537,62.609384857691225,223.77471860729224,24.41335156009635,14.802152061917777,27.291794318348664,20.466747453646892,0,0.5752050161065663,9.614546565305314
84.75307515023997,6.523978956695922,68.60805871507878,13.60366893886117,82.17072829497114,52.12046263204956,31.325797352554613,55.64340385617703,45.6691542908034,0,0.5006657213812097,25.289387241551644
67.59535272081791,5.0068644226131624,29.61193552681176,26.17025661161362,143.07547100146252,30.20460576325328,12.315763863508794,32.44194076391566,23.988474520639553,0,0.04977368718096008,15.036807699954176
40.639084829795095,3.0775335388274767,22.66622479370013,71.14628278789257,249.59092447593335,16.00506741651683,3.2995903279229664,11.447795002312956,10.163881328324036,0,0.007063158628176452,0.0
53.793845892301924,4.68890878137814,35.07560676263525,54.15107844979886,195.6824124077313,29.74686969322636,27.558536432064408,29.747397629781595,25.178572152593926,0,-0.6603211394734471,7.810832186418979
47.713537118074115,3.2901652217637567,27.037238856132582,63.335160028967344,229.54471428449648,19.226536223361723,0.0,21.772326446720516,13.02463538719069,1,0.6988284202025348,0.0
45.8042201553293,3.8782448100027955,26.412349373218582,64.00313137368768,230.96638738890553,27.67180464410246,30.925542598227032,31.06209038432786,24.00679636234817,0,0.4209729443893898,6.656662440704876
79.57779117113559,5.51527217868168,74.41519864287605,61.425092750863215,95.23166198849688,44.40242538509008,26.1176226954907,48.21166584586042,34.44307924319395,0,0.49201884799279927,15.009459486933611
32.56513741472989,2.324541994957288,14.286755299921934,61.47214751757406,303.0134712094529,2.235086616418979,0.0,12.369230543172915,7.688819206084958,1,-0.5260348426675804,0.0
92.17561711468747,7.2093047190660045,88.93514920500037,5.0,48.71015640338437,64.97614571157088,48.15256903809923,61.67567384783239,44.33763725598897,0,-2.1533429198712444,15.569040143543418
76.56459380369246,6.9625973407524295,57.96648345989524,37.42392819854285,103.68656707108698,50.99676103427044,45.029627345452724,57.02323181359916,44.636917094321134,1,1.0971527117536957,8.904437517423492
81.81723341207396,6.407977520589573,58.19261476157169,23.665695932867695,84.79409835025449,48.379957153684856,40.38803168272682,57.2461626830094,42.91217951374494,0,-0.47883745600840416,27.195259996455434
50.741209759494836,2.9586750440341274,40.28125036552304,63.05160467726458,225.9268937657282,22.426607175646936,18.592111059049635,28.92352550919213,22.89000676535679,0,-0.8627757640431206,0.9064538157249874
57.001185618417814,3.5606503960428,65.200107425412,60.0054106489902,220.03979891552584,36.26229436647042,32.26539925598046,37.088257499194164,26.965435065209743,0,0.6934789119139937,18.081739146194522
31.33696370950576,2.5239718899338013,11.999944557339552,94.072292632641,316.369381227552,9.431548737269047,0.0,7.537751861773885,0.0,0,-0.3920126399191296,0.0
49.50675185866394,4.267425576588069,23.450547111700864,42.4065382967288,228.19348218680864,23.32206711580604,10.984699293368742,27.9401663512421,20.331951409852575,0,1.0599363840466218,9.534378080005407
69.87309695286302,5.7775756850426685,41.3625059012849,33.44628827285102,135.5305197206313,33.60925876365238,14.556657716175291,51.12298308749338,38.089311653879534,0,0.6170059495766975,20.72948646640888
85.92126123562792,6.957485951750729,60.46631433458515,29.22387387094124,68.21492351805084,54.779280730892395,45.40364232480146,59.8881025682645,45.75109395556181,0,0.6835693232004776,27.469539791138356
37.85686366395097,3.609678891868911,10.0,81.38869948429574,303.3095634018413,10.138474087743825,3.522184005642393,13.93862550405978,6.560086318786714,0,-1.3659557112005343,0.0
52.68988126029468,3.9453948904550087,37.106309275392356,83.63151334316595,199.50318596993947,24.341335328204703,22.5851204175895,28.545008901622758,14.711808090607152,0,1.2119439853864005,14.260539517961528
56.974015595349556,5.005376525641378,56.817282250881405,64.49443205801686,269.13720201482386,36.62689520888608,28.094337425685055,42.464251844311924,34.110019185894416,1,0.26125053123385605,0.0
32.084215956150295,1.750729833978815,23.973025075552982,77.23432089321437,307.08153374133855,5.449537278071039,0.0,9.587285375995538,4.890307710406653,1,-0.36927713924620315,0.0
71.826984835168,5.293684870344407,47.35203479486483,27.487786129520053,141.1865822507503,36.17699062126779,18.81937822401379,32.98891252867125,25.013118173113213,1,0.14338846734225108,0.0
45.52019336514782,2.7380947717459176,25.682530868767195,57.70832840222395,229.58995947027896,17.853326411678832,21.95520369410905,20.359081107621833,13.07913441307326,0,-1.77623523289832,0.0
56.09219297645952,4.349952787781866,48.24965212903731,46.7953731480552,203.01699647951332,33.096688648187076,15.308986431846293,32.67132807106601,23.74600898732951,0,0.40865281148067084,4.105376424105787
50.961012561762445,4.053750396307824,27.414381060853234,66.90179098040268,219.22689763800872,23.71420831566946,16.413176286748982,24.695641137701383,15.51382576823518,0,-1.0293715081820716,2.720174423153485
44.21322988560651,3.5941091369617806,49.413220125917036,68.87073946142345,236.54047901364027,27.46727311158641,11.59339723191961,29.055701440455735,16.154346726220595,0,-1.3526702858435344,6.7104385627621
59.85910029038891,4.81966969967468,61.23496768041581,34.25710485950494,175.10422133232424,39.69470893587606,23.289943312992555,41.979201216557534,33.1876340461306,0,-1.5223591862178911,6.293312876378696
55.687808428639556,3.991248008885301,41.548973886665564,49.08137394227525,230.3139585978626,30.839564561302556,19.676421413086885,31.84433165148169,20.08329195861044,0,1.1126883749899252,17.449598573294097
52.56284235442669,4.109906966147528,36.67883876733223,67.96772828699035,215.2057011919879,28.140329848978233,12.028282319455922,26.894805478680702,20.237794684675066,0,-0.6292633936927887,0.538592423624709
45.43076756639314,2.885738071008577,42.10813537889079,68.78918069329556,239.85958380487477,29.37872477729399,11.412595473370041,23.521165117573073,18.889472112850758,0,1.5337277099164992,9.234599686772127
66.39049341565911,5.992853960818854,57.42133041323462,50.43324197649414,142.6691056187516,47.612370584991545,33.23822757446405,40.76110078778605,27.04829893633469,0,-0.5358014630522978,19.27913327034268
93.07234536984569,7.293974593138655,57.09072444829782,21.522715150841464,54.13991903572554,46.41631121606919,23.412703020115565,58.204549174836615,37.30495649847822,0,-1.7073579575929467,17.702797834309795
62.79774465678255,4.779376513020758,38.69286992838076,66.71942415852376,180.51989220453402,35.70059957318442,16.720129276980494,23.58840369892893,29.14403270292448,0,-1.1165244399486591,5.85374937852159
79.92236429822258,7.188259308079848,42.72218066192285,32.91015246766987,103.3666876940766,49.89473220797227,24.91915078556621,51.00663306884182,35.13110662623167,1,1.2358116200069387,12.09965915618546
32.19556149693075,1.9545216529798455,26.627542431192097,73.17216492862087,299.0563625984674,10.528019519995528,6.219948317346546,18.402151893953867,16.001269406589103,0,-0.15589817793666752,3.333260096138339
63.15522878587539,4.489624745854046,50.87493898468168,35.855710720521884,166.12364626893591,29.938087314085916,27.009369829354576,33.62633493616929,34.27233561153449,0,-0.5482872964906009,13.599843241722589
38.05263362057867,2.496100527212011,13.137587155792337,74.94267987793788,278.17110662565716,4.292681849344355,14.842472292571966,17.379586772952855,16.1057961716871,0,0.1600182258527877,0.0
30.461501449361972,2.4029844250992167,16.771061966391787,50.25005037333702,297.3773777728638,5.178817229209288,0.0,20.721100372009964,13.124274831134594,0,0.501782736167545,0.0
45.21257185081927,3.8328215628843405,18.17626111976,62.57596012718818,286.79956666127316,17.504520765870396,28.580424844465448,11.180596840897078,7.155184415493229,0,1.1173988159024608,17.889208157500832
83.83798668827146,7.076876669120634,49.69859257935164,23.691934992672415,85.65370111739784,43.36216630086773,20.147769209909658,53.095859795625124,35.22557845644983,0,1.4484992298929262,28.13590021174147
79.00031657339291,7.606022984618917,60.81039220363803,14.62603318319972,95.65453752456392,54.705532589483376,44.226984369787154,48.604340588949924,40.398776370695174,0,-0.35976864578908574,24.49428723888351
64.860094441088,4.064091328186658,38.0672454419788,34.000715495040055,159.5327049635138,29.066655742821297,13.119754600710301,31.72848977257886,25.99845946985065,0,-1.3260476860820383,0.0
29.345988802201383,2.6520468987383192,17.53393260121798,90.3699015595775,329.51231980823354,2.454764484595435,0.0,15.748584620830227,8.266910944925344,0,-0.413465161123276,0.0
56.074386972241264,4.207385671493186,22.978953601095725,56.69415401665829,188.01315715667184,25.64307401369569,10.709948854627086,18.224168784756777,7.762813397900948,0,0.26028050658288615,7.084256628941409
66.03400017803472,4.98951243979839,48.09370222187094,45.187459826453214,149.5870420533203,33.29963810768892,21.225183172804847,47.400480651254874,28.33877057940712,1,-0.9637589262106109,0.0
63.51072459157196,4.770971903198817,44.01477401565388,50.165445815612316,176.01291741287872,33.45426900816902,26.385052223578747,38.265315862864256,32.96406197351084,0,-0.9571509148950429,8.955861569859408
23.124128330385084,1.3955454310268203,10.0,87.987402725002,330.45967833054,2.275256183794805,6.837860822705199,3.077808721582681,1.936147313739374,0,0.34378788154988543,0.0
42.19364303960256,4.217753860469931,27.64540715089705,82.72070771469721,274.23934012768314,25.437669071906285,8.98260477395598,33.94335727480306,25.661478836948284,1,-0.04865235157045115,0.0
58.71844471702567,5.118624240869005,42.90586010695241,52.762705463418115,176.17820124570164,29.910022852648446,11.524240554131342,31.617622316211964,18.930602651610968,0,0.03279699541158651,9.943990914014755
70.7258181903438,5.669663444506192,41.35939124414722,21.775624443831195,151.7190003704944,37.18386117358616,16.83640021592263,38.35236312180913,20.83617307985738,0,-0.7584953347000695,11.69708147681683
16.077443578001073,1.9617033624835862,10.0,100.0,353.89073521179677,2.3779248211269404,0.6548159146484214,0.07239808022192307,3.852420821120042,0,-0.23040071420576733,0.0
56.75752049040283,3.7843371565827892,57.78600867015013,57.68656271754332,181.87186537200185,35.417033830195706,21.339827156100213,41.47237775731443,30.633739604733666,0,-0.9242331442683044,13.753391151722422
62.86097539757905,4.36352546614086,37.6699557312026,40.06797983288014,201.6834279570218,32.341671653555025,13.420682878252407,34.92462822388982,30.005336299280817,1,0.8901984111247868,0.0
76.99223977032426,5.0703953155285975,52.926966807358085,17.966939610135515,114.04647844269994,33.21798910983929,23.74852247390149,45.39337377389832,31.60088246376247,0,1.0352493347237526,21.923716235852936
73.85715168474873,5.558864864718255,61.80840352952724,40.893818966747816,118.47191260762612,47.95872998628854,49.2737249577701,47.96460405802785,34.26299459736266,1,-1.8461878622380938,1.094714566024067
71.6514263761761,5.812963373446465,85.44655033902811,36.94250956413139,124.35881147233819,48.78703921580998,27.67385179559528,56.68736339180758,45.540103393108055,0,-0.92951086019241,17.2671638843729
44.001189865961315,3.5715244782430724,18.35596840728426,84.88857156642759,254.38344492755954,27.18672554754822,14.203277036278077,22.086021248542078,19.393698213778716,0,-1.496529255090079,0.0
21.839957257533847,1.8218675361326482,19.786242217538792,84.00915537446421,342.49849148474124,2.958879956798934,6.400564534514256,12.760993373287143,12.563359198914979,0,-0.6500239344068982,0.0
52.13894485877198,3.465587173168717,29.421738548199322,47.81248566503842,296.6016073997981,18.480498491928707,7.5417936858593,26.188747137702016,17.252649572953562,0,-0.08343796979036086,5.121612805811772
80.0326365041712,6.804188291640706,50.63494250715272,40.71691811465995,165.6094953255071,42.855635735771855,33.20787908199716,49.01365224862231,39.1894400442089,0,-1.44964521969853,14.985306910037837
87.86909055048864,7.14934100315859,54.30624317527415,33.23429216211334,71.10832433119285,52.4416903281477,28.338757059063685,54.624393143805726,46.12629056611887,1,-0.9218598131253132,6.809381005344024
74.2109820459557,6.303405704409456,40.69113775416314,37.81283436536664,120.01302703749866,40.73215088875361,41.132854938308256,47.19695523977589,34.34338947309833,0,-1.0039573720814985,21.576591672714855
68.58681645603468,4.5405642276877485,47.597857901377665,49.529468116064216,145.44705596272425,34.96302426950821,25.484165555918693,37.108572913876216,24.66867644392321,1,0.20726732939894396,0.0
67.5927929677193,5.563168866816439,32.569928206921155,41.95496158337384,159.05450012979168,42.29993410235713,22.534773573918443,33.512658742446966,31.220103092742736,0,0.06934433703625043,15.00239599275359
48.87762506478439,3.316327385223988,43.68241321046777,63.928756147326574,216.8562055559829,24.730197405260927,11.36509471766541,22.242183132160903,12.65288179453977,1,-0.7217375533372533,0.0
57.3987941289276,4.393241904038527,40.729185250583065,66.58109646183948,186.8854845607817,32.47912985410737,17.001036383505514,37.54405864945052,30.613489404159974,0,0.17682087213939798,7.0724624087746975
93.38139051652662,7.737693690640321,69.59132309058302,24.122429491731417,29.363277818333067,64.71260406518762,53.04518997236294,61.3898952583675,45.522378587119356,0,-0.5466800845872654,40.33932194112376
41.14883988416247,3.337453993860954,24.142301799451495,66.81986685584603,248.69869164660852,22.635494513932343,4.5630633732457575,25.058207458380053,8.764483008072238,1,-0.2716551103260533,0.0
92.29557581419704,6.957876075246103,60.93486372782044,33.93277473691677,36.7177032183193,46.02057942713413,24.569843263961147,50.915854007696296,43.56921754709772,0,1.673452090298537,28.050594718603318
53.55943691015883,4.287891530904916,40.36724488878446,28.06229861634302,208.33197009257253,33.47176804441916,17.263364773469046,28.523461970222336,6.86478699479119,0,1.340461051790348,10.959214901674507
86.50864218190156,6.154923716930304,48.91554320327283,48.11623755516165,87.38506548324345,39.65445478958652,25.649891879175733,43.37822977451509,22.174517874803136,0,-1.2995812369275976,22.01439487497574
31.863699810049233,3.1242296827530867,18.724685522901105,57.664791051261936,299.46349555114836,10.379767054556899,4.577971044287629,19.653049641595047,16.458258136238275,0,0.8297324178791745,0.0
71.71808402329299,5.634804712115314,41.60652367752055,30.75680207943946,126.95775116005537,35.880176846782945,11.392292299285211,40.0120578909624,32.0957223712388,1,0.8113965544915921,0.0
45.26459728104756,4.180442754611468,22.779529990823143,64.24439229661161,231.60754108705694,37.35312991265741,21.080952974463575,32.74105350296687,20.580894208676412,0,-1.1482632887526183,4.740960216384406
31.69465616151625,2.272306649373278,10.0,76.54757578974582,302.86573672435867,3.706526100586274,1.6128364999013307,13.024554312902225,9.58310191134018,0,0.8187776437548606,0.0
64.37068084821891,4.8878664736542214,58.45274248855323,57.70625163209975,155.9721413624969,37.07434126955511,19.073539144572557,48.45082635670609,23.06017273018363,0,1.5379319184125528,19.643004021422055
80.18943577191938,6.033061468434627,49.26721750880587,17.11652480475781,102.29118961510828,43.74950992021997,33.9313853605243,49.276979563857005,40.01063735002057,0,-1.1225448062444139,15.400568340707151
43.10117122813007,3.886180664096943,41.80458041132655,70.02803058166668,314.58422344608044,32.18538531000129,28.275767881530015,20.61662428665072,15.765373811451353,0,-0.9175028210142636,0.0
30.019680790831977,2.04685888460232,31.701699767525305,73.04177403053097,296.2775741475908,10.993144624590744,6.518450408148841,20.778655973802913,14.443471731204937,0,1.0176614668435024,0.0
58.163104713300896,4.97534609327166,27.854176234145687,55.3785870387481,180.4832869485678,33.10354291170207,23.361635587412184,28.008484776349157,20.432955308655934,0,0.271495310825648,8.05670777950582
58.25129342445638,4.468877275121865,29.891793040391,50.971439457969105,188.15925033159948,34.365600298894904,5.049192215487523,32.65977460677584,26.266338968229203,0,0.5514762752395233,9.70165026892043
70.96639255108997,4.689329754141388,75.28150437931981,40.14883528110577,191.16890052656,43.56242729475187,24.94675556429406,41.85017662496762,30.5417154216224,0,0.3405892164004968,12.636973375319654
78.99189142728977,6.034194280289949,72.80358341837427,24.40901058313808,117.78556967077058,49.13674835371332,39.97745996397696,61.7564551450331,36.42252638770265,0,0.39069592092814415,22.319565987178102
58.81169637455012,4.115381602782585,40.85300232890404,45.067536224296894,218.69151494217806,29.273390086748332,15.640210890952197,38.41055509742722,39.02921547779139,0,-1.326472128311083,6.393125018776987
97.11006629588526,7.7857566655119905,70.55077747129317,16.33720387244386,20.258472449929553,63.11674330575508,35.12778973760511,60.56809160046601,51.24764741235672,0,1.0473177066214483,28.942894716707745
64.48469489070584,4.563571723419222,38.8308223940222,56.83989117836669,245.82697268198436,33.570552178550294,40.04237032430514,33.73771070761809,18.06291885983464,0,1.1695899924277735,14.677121932565505
53.07146987986201,4.708705140746269,41.473556057906805,49.74917810976382,199.27008756639518,35.115656573252004,37.37779429418025,37.111553232062995,25.388883353293313,0,-0.22939074406802776,22.35179439451878
27.76865281794344,2.1759542952589617,12.266237965335693,71.80613664718165,304.46020968274837,4.073088783481756,6.388107009120398,15.985634716775053,9.881713833592137,0,-0.04347694981386243,0.0
54.746809593676645,4.290946770114762,17.999229072589802,62.6147123943854,228.76712461823482,16.40875789260423,19.77697752203313,27.231359918416803,25.036576426612335,0,-1.5311075025557221,7.4114913209439885
53.272261091777274,4.589726956235973,24.07502489913358,56.33769219153045,248.67511932041472,29.035055328620885,1.0653026199389544,26.640653755099237,8.362847846856429,0,0.5142547560178349,3.393722740736567
79.2060959256294,6.818441141088283,55.65519462644645,40.75988168220202,89.2334798422761,50.50335613032872,26.526769959684017,49.916216862230996,34.49806510991679,0,0.5720574417141441,22.14890863373659
69.24967248133709,5.529924422622141,37.16409838191008,29.880760958209144,131.55922141629856,43.95229330593766,24.809327663474267,40.958605897792744,21.355248440348433,0,-0.062191016999311004,9.499064503240408
36.41261756734765,2.527409255613167,24.81605764800801,52.234115327571175,267.7417442339558,9.37833779005262,4.208078772598634,23.694592094361212,15.486945521377343,0,1.1243533598705027,3.3402949012862377
63.44508772822075,4.188622210201595,33.664951015425885,40.15886328986324,155.7382615950569,35.558779201572676,19.19365431323054,33.251379292717054,21.95579189307098,0,-0.3340772309799405,14.854882697200162
73.43062343458107,5.531424996248895,43.577897179186806,27.373145254238743,116.29114545383776,39.636235951238405,5.363343036174193,39.620707303118074,29.59346664420681,0,0.5646059258936003,14.104145233207825
90.56062718775665,6.936244051696551,71.92409209556158,18.49391201127975,109.82766836973173,56.87328415772981,40.05583165219286,61.26728284434488,42.42311292196771,1,-1.0196643386921156,3.572667229720387
77.75007934828119,6.2735350743586435,56.899861020197875,24.607778080474134,115.4936543635835,53.75212189216475,39.28811225615194,49.087847441664984,32.542379205068784,0,-0.02355215087423812,26.240697063682468
75.21693308622956,5.844781206329351,52.555208947227214,43.67527032980783,134.2403232581604,45.69007966759527,42.51374211665678,49.585357979039884,39.71995195734091,0,-0.17435425790283585,23.432754430905604
61.201719892303274,5.240104077409976,51.6308436553188,45.34047695862653,192.8874116276922,41.302027067557376,20.539843475712587,52.18935320367265,40.71019276302778,0,0.22530792204094158,9.62684750672579
67.76624010846899,5.1148075730421745,52.24245400940177,44.03945387681782,150.69932129741196,40.542353282920494,19.391224371659103,40.112180762988395,32.23300904242746,0,-0.3695269288333586,13.443930125092482
84.99009801412318,6.770687257703384,73.95870152239989,26.90151668716815,94.98080759808326,52.89565739641033,12.942301419950965,60.97514373136735,44.38585538856437,0,-0.1314725956716678,26.730822833162225
33.34445205040701,3.2595498856310052,18.742523812133502,78.99500905853925,298.07058357810035,9.903056142591867,4.088451799957625,17.311606485741525,9.209397318803244,1,0.8260471714415063,0.0
53.01121345566088,4.411809683430353,32.81149963368753,56.69923721887944,204.90638406476592,26.96525255510182,24.736308409313555,31.389716079294843,22.216793727315,0,-0.43676423723821745,0.0
44.548625024875186,3.5338712311457328,18.172944853499175,71.57858326004859,249.36590918766348,20.561990843527852,8.471151150751348,22.285783584735164,18.39748212508049,0,-1.6065771007386793,0.0
67.58306237452248,5.10567276899421,43.018336488441534,32.86907601956783,151.4014513129488,27.41110204733185,34.964774879114884,38.970432294919725,17.734109066579627,0,1.7495839042054206,20.899574133254912
84.60444351301575,6.451739782683772,68.87080940213548,42.18857160683085,99.34470631753186,53.38592354910019,32.64809162059894,63.67076722139505,49.250038994624965,0,1.3814540786904865,23.51875609478813
48.06051426557852,3.419534514770308,46.6422337085263,59.10103713399906,298.192692381802,27.90492176046995,19.31413741861391,27.99634136033994,21.627107284346078,0,-1.2922626951056186,0.0
12.193912650611239,0.7050095791574496,18.138790536294543,82.06749769460458,379.3735941716346,0.0,0.0,7.008786379427576,4.509159526630983,0,0.6897078052451944,0.0
51.7555850995106,4.518279727333005,18.286990904163055,60.50129518439068,231.45344118702383,26.696600499502647,19.650553086078958,20.93601385352553,14.168760870007713,0,-0.5029747705513431,1.6008545338166984
78.26947464034814,6.150613835581717,65.62008437485103,21.51635957028204,93.3701509400631,43.50777954838193,12.445498347626694,53.960872382167395,27.183761956273894,0,0.26348721533105957,13.916237032721295
70.75259805899759,4.985321310029192,31.141632408577607,47.231416355108905,152.8356402017179,40.29601846437885,31.74199564195141,39.9039835139731,27.11544522153827,0,0.2942241290134937,16.663047457014905
68.56372495621153,6.369182643026814,56.97578071057154,67.951541956297,141.31809636794068,46.927620071991676,36.29837845667789,46.95107456767271,43.575386245977775,0,-0.234407800316322,19.54595117732209
54.4001339625104,4.511993312573414,34.402248508046725,46.1610009387954,192.32317634174245,30.31211881197094,30.577208622473194,23.32358339135075,16.853246590040985,0,-0.7837656655863965,8.08228246274536
34.41938527560427,2.050079121791757,31.118902832261544,79.56908272308355,284.46602511581716,12.748197501201386,0.12657862563939126,15.947139227352448,9.533598823041247,0,-0.6905410523162594,0.0
70.30588643248934,5.4035464509787365,35.88963702379688,18.628046503055124,143.58043655797235,36.262564704239686,24.85516400413515,40.531021038211,29.892081188890515,0,-0.9161919154812425,7.548574495944176
43.3143637993075,3.520592295358809,42.03173098657671,72.13249895398866,240.61930508582188,33.43811118310725,26.24530474411175,30.921161774074815,24.159506435992434,0,-0.8318222082304447,2.1252945961382643
100.0,8.85229604664869,55.35025253895111,5.0,51.54951778964766,64.22040246492496,45.2815147088437,74.74495155628365,59.03332581048488,0,-0.06717829004935526,38.00787961061619
71.41014416709032,5.158755304237792,43.302551808431446,31.091840411695888,121.69449086605609,40.76130744794599,19.572455640086083,38.7033631545486,27.34820774598482,0,-0.7157599891107518,12.138495855559018
48.38703394892098,4.358983075591652,23.889977486554336,48.397528173001085,269.961578197682,28.630515096551377,0.0,26.28136392189732,20.972836263911073,1,0.6820520657126199,0.0
47.772295052227435,4.521526817664366,15.897758008334211,71.0135196604294,243.91740327328614,23.598346882046926,18.11460784840635,22.885253219562507,24.735360504893947,0,1.4872461553359273,21.554872761118595
58.14111586772823,4.336962116880973,41.64405678329444,63.94653642195092,183.8082747537416,26.454170101662474,15.975213139601252,34.0277745441383,29.867006481294297,0,-0.580053241370043,11.093974303853363
55.209961559565,4.2780401153350835,56.707864270065116,55.07066101633709,198.02870459369885,35.57221691963916,18.588576254073935,39.009090743983926,40.241914905338625,0,0.23940450053537707,16.768413340231604
82.3366755105991,6.068779417161043,84.30472508061945,17.29020402537227,101.18979174602089,53.42544393255208,40.83810146588258,54.44172599440216,37.06858853156115,0,0.49968511030293383,25.006171974002037
63.728323394880924,4.996535301050321,45.58138424727912,65.34595303836542,170.7405470142055,41.02582843458826,26.307432177246906,41.2219911991066,38.64201555492541,0,0.4720022709192744,18.921928113049084
45.36736522182944,3.6110942305748894,42.92396840595583,55.62771324511469,251.73013824134364,29.773462857860736,8.799190435467084,31.47770812995926,18.827576019562006,0,0.07595526791608741,1.2577573360634318
97.80881370311565,8.154530095290436,70.78711597146632,5.0,19.061537998381247,68.06440829361662,28.79024707808103,66.54688632318876,51.50211565376587,1,0.7426824183597224,19.685999952550404
60.986166630404455,5.42398506594258,47.67914858896525,54.51450148908037,177.2394286910374,44.338792559426494,19.7885090425619,38.12831358546627,31.588335985377096,0,0.4822489526806572,15.52115818415792
75.37679351937794,5.6560954492394115,49.342268952292166,21.36591039692386,195.25757970112488,39.2508770534389,44.657168442869576,43.27638715172442,29.193032141255287,0,-1.2376624223272978,14.210789133671835
47.83546985110482,2.8431750559753883,35.43559814999939,74.02783567088528,223.90503387000098,15.457958444004642,15.829887180065203,12.497536899077735,9.041787293831561,0,0.8691560643892732,5.8235531181078555
67.26231255489047,5.370362614753116,52.458405834487614,38.1640350850285,148.3190424610554,46.47659824102396,31.718687592465667,44.371723649681314,37.22876144235388,1,0.8872908372667421,4.073949161473076
66.2221998228639,5.444544750813432,40.57094258724141,51.02235906366646,148.76799037201184,43.17300474344766,26.609165665754546,40.364251353497366,26.118403947299612,0,-0.7632861041785816,24.183491661265982
22.207014158076944,1.9012699764886765,14.769966911723982,100.0,355.7034283353701,4.036780484207043,0.644763795155092,10.854027551221,15.46937629407566,1,0.03793783544760203,0.0
100.0,7.836663376245478,69.41569881002512,5.0,28.87953947942379,65.51850501420144,51.924596126103694,66.14118102223739,42.457231819972826,0,0.6833289928110694,33.42498061313882
85.81288921845095,6.927407187308043,68.33305562622091,17.395865210840185,66.50467659263228,55.72143317447558,32.29416562818167,59.321199715590375,53.817108834766174,1,-0.20931381957936157,12.35601391242995
52.05609367708025,4.922209898342544,25.778943857679366,57.03585345103499,203.062285870378,30.925370977841965,24.71685442107162,32.68466995933921,28.792857878657816,0,1.0729780477660118,14.33510701657919
37.95460519088289,3.227235499751886,26.052801547541502,90.49601063752924,260.82062884104096,14.651424617494737,6.736002399038826,21.54648502617124,14.866100246618936,1,2.3638724946193608,0.0
66.95123227607104,5.169414369584141,65.9859172837767,35.14817510864361,149.95794728989773,49.35376977009771,47.601203405244014,40.13829111623217,27.484055811152444,0,-0.7859860326349823,11.867974746889264
61.73395398828793,4.688617410515036,54.854369317660925,41.132001660323986,171.28149524193378,40.674231843097516,32.37655875863982,37.45381412673155,24.898548757792195,1,-1.3810446031537749,0.0
67.11337897126458,5.284144138862301,60.47115576877225,48.62430793540512,227.2413689258379,44.22387603655773,38.70997394123153,44.593322593330456,31.987952661646883,0,0.30381859560487573,18.85052220162288
63.83154792388179,5.924893814825864,44.92640194849759,39.24170736759136,164.59759672106162,43.78777645149048,23.7867764959629,41.87546370405057,30.522945288964856,0,0.7215625051261435,17.75330989860561
70.12481978611852,5.518335228126383,52.297349487143194,41.705490808652876,131.4012914385226,40.16013961584502,34.569179650838635,47.539677383601635,41.37076932926358,0,-0.23086637384476896,22.90440985327352
88.94611398783613,7.105791946766536,72.28464145851454,5.0,90.79661282897138,55.82007974076047,33.782432428336776,57.82138372140773,52.76060108794769,0,1.4532606633210343,26.268868681980884
71.36206410257293,5.467808342737683,65.55600016711035,65.20989520810623,133.78814612350374,41.85678011544546,28.087185666502343,46.80057698279165,35.53112977046153,0,-1.3386057997232488,10.125917122977624
39.006890021801176,3.6700428804650764,10.0,54.82059921448598,274.4557007217626,16.21695212904215,23.621400248833062,22.245489949327506,11.584601000089975,0,0.6929186230316111,5.494815729126978
87.25125705424904,7.960019191712261,47.921466867475864,18.88771049786846,55.55591067132842,51.87769801398229,25.37830325503714,61.78120671669075,43.27311102176263,0,-0.6058608207588934,20.315511541283957
92.81229126976575,7.650289826296954,78.06304490286252,16.797936300129113,39.84339230310335,58.469634108484584,39.631244020958185,68.18076806460411,49.94638415729651,0,1.7193779062072967,31.505029071275015
100.0,8.041386451892713,67.23110644231197,32.95225761228155,57.72811546696421,60.0682993093507,42.54843661922777,66.18461288519195,44.14590616478827,1,1.9925153531681183,19.85099439442875
37.53011933520804,3.020800963403761,19.553875642064853,56.57173129359908,280.1813481184375,12.28580469570289,12.145808098613358,11.760663320726293,2.043554456210545,0,-0.7666565877833479,0.0
64.8576402630055,3.9964578266475663,32.8587383141478,68.94680936273951,156.04510701338813,30.133924581523807,15.980775033242752,33.522683662337876,35.00667776671692,1,-0.5495571359085801,0.0
18.35802593622026,1.8412175070400294,10.0,100.0,362.54849078641087,3.7888663951851194,19.152875963334978,14.656537939018566,11.475699471203285,0,0.8595878869798019,0.0
71.06298312758418,5.752121858204656,35.72039535507067,43.942160765494776,169.78594554962643,37.204021702481796,13.823159023891087,39.31722481243498,24.669028693384785,0,-0.3871306497895146,13.795584189207748
49.03599403666455,4.1370505482635265,55.23613855298996,49.14840171911999,220.45267139068292,35.59810912766943,34.80985404204489,37.12050549256404,31.15936686116975,0,-0.04541121793223822,15.014361702116382
98.46891589649906,7.521782174678072,68.7038806077436,18.384779007957828,20.49922001685765,56.563380941893534,46.4867224569639,57.82409752908331,37.2926194684663,0,0.02538842054241018,35.955450313275506
44.507700599628365,3.3683876084817235,30.575885002112678,56.81045993133404,296.80098762316857,22.635482905122707,29.92017420515924,17.2202598779232,6.521862002578144,0,-1.9196731561976563,0.0
26.21633924065477,1.891794671000795,24.232204220136655,98.98359579772617,313.67578864961473,9.322743203102668,0.0,9.504778228983078,2.1692893697447833,0,-0.01383774609423725,0.0
50.5747251859496,4.556789506912488,45.02575932283042,47.7725304647576,233.02147681560967,35.4469495776607,16.089865322361774,34.04799419109021,33.01868621727539,0,-0.6897277740641738,7.136262562562303
20.49024457565725,1.4498396477510336,23.802052768506467,88.15185349086975,353.0042692188464,6.741620604344355,16.317597866116955,8.82255547868207,4.339096843732956,0,-0.493122822399772,0.0
75.0219890901462,7.043089288266596,63.25161180217806,28.314733853695735,127.67603748109133,54.67487222007683,20.52235370600747,52.82004562743534,26.85596180423132,1,1.4436320034688142,3.3353077569645238
18.698339074873587,1.7112983354974056,10.0,79.45138537600248,350.1201965560225,2.777567265723418,0.0,5.8615200769153555,9.438026265726354,1,-1.2565068942792563,0.0
60.569151623663174,4.207690799895188,39.41973808699561,58.3266861792318,173.14359970684845,31.826096394885884,16.78050036298389,32.14071972564481,21.912688279892354,0,0.8132051867479773,11.125385561687029
18.44376360287606,1.4112279416041065,20.600951076435997,97.98174136603954,365.58972887069183,0.0,1.5359503089781403,5.637610417991092,0.0,0,-0.2789629303318085,0.0
53.594043909267164,3.9616859516631653,32.24194012009081,70.9140784775448,199.76029325578602,28.066801028609824,30.981221257786586,30.458994146324564,20.540671885564922,0,-0.2797601684958344,11.930923393460326
92.86756311609068,6.332213814377242,64.95622786099122,5.0,40.838876613591324,53.22714164478826,33.1155147496695,56.70898245710102,44.85893503364088,0,0.7903718960517113,28.316307771975886
67.2129578287159,6.176772096354167,51.036708124349275,55.55709059937662,141.87497798538774,38.281586085714984,20.01711777119843,56.56350606390145,43.856379806650104,0,0.34005129456889044,22.39623979357011
42.73012790070132,3.7699815031661075,37.762940353594686,97.33525896358141,240.7002531859129,24.281709767583994,18.274230850501013,31.696580887710088,31.959118799806312,0,0.570612997219531,10.30033883755731
59.37593022121832,5.016678076647122,23.786341531150807,45.204376708658316,240.7905276468164,36.243525719000814,27.315063583705737,34.75884724055118,20.999723132386798,0,0.9681846605328611,17.679408616285322
60.360337440888934,4.911528825420967,49.399692707511704,72.38144590441871,177.78880418902438,27.656911142391877,21.506910819916893,35.718966647512076,26.351297935887885,1,-0.33130838318332273,0.0
69.45260691686812,4.8651997690032305,46.27958426329043,37.38945781841396,198.0012516806632,35.623171182884306,21.731171605264038,40.066611195617284,25.835767363030623,0,-0.6122367345077503,8.559083623309645
32.66283273438347,2.3712180489729597,29.938560022712238,60.86825041488085,285.84008544132433,12.296218542039068,0.0,19.9749196184372,6.377341050014224,0,-1.085150526557798,0.0
71.85134547694662,6.168998025547736,58.065258757410916,34.481065214171835,135.92827232595332,46.33453136801957,22.776517476362063,47.752997225907905,39.67076515305165,0,-0.8254105299789551,15.439685404190278
5.912167367944498,0.5,20.217667768752726,100.0,399.6561337368025,2.1622160363978367,12.767609105798291,6.189342529199692,5.866579745280933,0,2.9490944253087252,0.0
47.40230895272379,2.5263000580924966,46.716152743118684,52.53957325929783,252.1303183209227,24.76460574718132,17.593545239480658,18.617467812642257,14.553367340709837,0,1.2446795807367868,2.8450990777592793
50.23452315096911,3.905208848187066,48.62988283178134,52.56141294095305,239.63705804160483,30.386959034313982,17.171346419447634,31.983053807870036,25.317985943611323,1,-1.3510743662080213,0.0
72.66653652142477,5.742444144700213,65.30327875665972,44.455936666093514,117.18989653467752,47.023164669091656,39.510405421901375,50.781121561331155,34.13553269956527,0,-1.3224579567435701,11.903841492593969
60.45261705353738,4.903991072490345,45.23062178563563,49.58410434732549,214.72203141321654,33.21132721312547,12.546429629579968,37.10206007361631,22.046018746801682,1,0.4818660617184915,0.0
31.888738922874268,2.9153584355872093,22.643968116380382,85.12673650696662,290.3963573594329,12.247012569665495,6.157773100578511,18.069788203552935,12.839181335153643,0,0.547264797377967,4.264683798539387
40.3001374836597,3.54281390480838,36.938267070345134,72.55381700544034,269.7248633446607,31.973165107863927,21.884624561503852,26.312615901395425,24.67818824607835,0,0.5488838353173644,6.3939279986018
63.97360019094814,5.247272917897813,52.10232964799392,51.78190364367074,236.16816980683222,39.04144759425446,21.845920909908365,38.577719774450834,36.177417023310575,0,-0.25495579355369785,14.947625270693635
58.41865316270887,5.2712579470600645,37.80239484651361,46.39373260757664,217.45039227020908,29.98772365341862,20.298122957934893,43.45406348990679,35.809941213648415,0,-0.12545426000290022,10.200113114709461
48.41751780728507,3.1139165341761488,37.94049655318223,64.36325349707964,279.37572608814435,22.27824521953623,12.979307941324429,20.87830998080721,14.923891519417394,1,0.3278795241593574,0.0
50.38332420976042,4.2829568440195285,34.917362278986346,48.48819972188838,216.77925329100032,28.995387402020164,7.652257429026106,33.27530895740888,25.549035563564058,1,0.08589300629333041,0.0
73.92335994318577,6.227137977123333,43.20702287562948,51.537843526854886,111.75338710457348,44.76241270660713,30.547391314327083,47.24228299843411,34.981431212665136,0,-2.219300372747535,17.463599761562676
49.646148542615705,3.351910740369137,47.65691139359449,52.74255485557653,215.65982039988359,24.873732408926955,5.541111733699582,25.594076942998747,13.3118211254716,0,-0.22979963057519381,0.0
58.238175119418536,3.907618705212288,41.31871500889387,65.30799473117413,189.28241371602044,26.893937205912902,18.805980184617166,30.802408264461462,22.527794869824998,0,-0.8514064342603136,8.093816496131312
100.0,7.6270289367621995,90.48708257698851,7.196716468205615,31.522933172133225,66.76420527171034,54.3898200198126,64.38557975043123,41.37720397158863,1,0.17521141890851205,11.847602913379843
31.52634726232154,2.1913370597280775,10.0,80.89764086676632,290.84333557224613,5.217458725842336,1.1431625935890835,17.16731021525393,11.352867650527147,0,2.98525900260341,12.45871842756248
22.96314536850683,2.2137613612317617,10.506414029521116,81.09728002080476,345.11519669132963,6.594545895865802,0.0,7.299175925825759,12.65513840915598,0,0.3674816654743044,3.4510000969991523
75.67179329597214,5.746474071832223,53.29664367408921,22.136261530011517,109.99721919649335,38.0459244418056,23.7139483815338,44.0806038960872,36.67130606884502,0,-0.3135296861723979,11.169871282429536
46.427138774117935,3.285996842788833,43.8728081181717,42.63573657461845,233.35278567652824,40.45540589974621,19.640244970206787,23.655496224122675,12.3354767829358,0,0.9218015019772522,2.9812068804188065
53.63524944514759,3.985003087264528,41.53936833762516,43.70086065174289,216.42127255471868,33.36388794095782,26.44259918267434,26.679022667936103,18.89150551860073,0,0.4826878872092127,13.40325521664507
44.37687243737771,4.109465962067323,34.16853824797191,61.73622132403123,246.20179107823387,27.370083555877113,16.606644331137296,36.47698043172453,22.369466954756817,0,0.4200944904518413,9.898632193454738
54.80399718464975,4.3908414619604565,27.090160103713355,57.738552961296854,223.25302027243848,31.35380388116636,34.05807853607472,32.40175984527649,23.218912482973597,1,0.606850593215671,0.0
91.97076224192682,7.2680354666756894,52.810119597054054,30.15378951747234,37.11292331420496,51.05785217591442,42.49152067976308,55.864226926246204,46.84138628765913,0,2.0565435648295414,36.84928745196828
76.04256917236239,6.028402784438466,56.45484502355272,28.608341310075424,131.8292383592248,49.02311864619058,30.640383084172658,46.227403043627525,37.374378227385535,0,-1.1308884353259157,23.813171199609386
77.24447023773953,6.825587786182425,40.43006922823409,22.172000591054378,96.90104835126908,45.665962402707194,35.4077481055444,53.582891238787425,52.14131718970265,1,0.47363207681145447,11.65167287136841
31.67545888414709,2.159450847430146,16.854043716009674,61.011963683820355,291.2778404395813,9.981683784023161,3.3422031863122914,10.822728071922468,13.176395697645507,0,-0.9263811299815384,0.0
36.976925268942615,3.615908166985461,30.893020979118404,78.78383814590664,286.0478925288797,16.43495891210845,10.954378374191837,28.65406951671745,21.617280428053736,1,0.5555126463422483,0.0
5.0,0.5052481494607518,10.0,100.0,437.6101790847516,0.05792749439956424,0.0,0.0,2.232897481429135,0,-0.9186865114860944,0.0
43.81238357834492,3.42478099527992,46.722228128459506,81.38357963713054,241.81321511621363,36.56268418091883,29.89739239639491,25.582033214435178,17.366684933426882,0,-0.4173668136050844,11.324147031671739
79.13406372771317,7.581175347184194,67.63320805177811,39.38512925005368,95.56282622216771,53.213034886623916,46.05237888998217,63.4592271780187,41.49420431910356,1,-0.2950899142379063,7.027469579146736
70.33893031496741,5.099294680298096,33.52305123709418,47.32358949224378,139.98227376403025,28.523938653739567,24.929745782459865,40.065660793073,35.9963400553518,0,0.975816719344709,22.657716393954637
55.56973474095752,4.268735899493099,29.57510188685039,74.80175061555457,191.36141833349257,27.386580217860036,25.17676995189187,31.655995073480515,28.085120530289885,0,0.9184544439424138,13.32651835792378
59.55399432563894,4.148103926469115,18.830023582997757,54.430983211362786,203.2099315679282,20.4804863613858,20.696583632786606,22.675883830968804,15.074049302341631,0,-1.2457173764463845,0.0
46.22228914849189,4.174014117147436,24.529688778462983,71.53126696379817,255.57866168273134,25.599774244809357,21.04990063780376,25.81303608641914,19.894552772273585,0,0.054934110999848726,0.0
64.09517764803569,5.972208678668694,52.53050911934897,42.05541600974033,153.9401549151991,46.672552849210874,21.222870078304926,47.49070351615645,41.206792086929724,0,-0.7095798547491726,17.827122586741933
75.3175655896123,6.860366637871303,48.58334648998004,18.33791396013061,116.1322946003247,51.46348904320489,47.05904003341518,48.99401690407594,40.457162377815614,0,-1.2585049106753345,26.741387341791174
27.682264251790542,2.8265555167162457,23.98555741241305,74.11154894221454,333.55228390396496,17.673016419313026,25.92274728614087,24.733996046807185,10.255456574008491,1,-0.21701705042437042,0.0
65.99295375674696,5.180626066641773,30.971724446905423,43.89713778083718,151.05914307523642,32.29573772974231,19.121192697825553,27.02404284673295,20.877143219242964,0,-0.3084827884558197,4.9037059798698275
78.64869741909334,6.109275304782543,63.033840739184384,32.0807270509223,109.72916170725291,48.31461633314589,28.438917294815376,47.69511759946863,34.430474082768086,0,2.4267164863455224,33.32339253312507
51.69799422073261,3.3002546514115765,30.63750367522933,81.4174360375321,203.89877743155427,25.25599434921119,21.315689550310275,21.35176601392086,20.849756663696333,0,0.43295982536069616,2.0245213533800834
74.01401224241167,6.9390577469838295,51.93150539251722,36.96131376868116,127.90618911721876,41.75150383034539,31.54498017119254,41.39338248251116,35.649117841865205,0,-1.3776175007542373,21.568349272666545
100.0,8.234489039074234,69.07125498606948,24.146121328307725,5.0,64.02190202599145,39.9986677668703,59.88252539360261,51.42613735196007,0,-0.5647740041709423,28.677262593412284
57.91314414026216,4.387073078786232,27.82371568926067,46.865928960822046,212.27267594347813,22.326143948348648,4.511788321725788,33.43622899715973,18.74080821963587,1,1.0213832954293984,0.0
67.86614100010647,6.093319724502002,35.9754553826767,38.393748370710725,143.74624875664415,47.80146982779601,33.516564914065626,43.7552293203575,28.304739538149423,0,2.088442772869925,28.148671165186116
45.23885832677217,3.132726407761773,41.34514551877478,48.81305002654645,236.61008586347694,24.154059384247105,20.11163090516498,32.98453641310862,29.511662368341284,0,-1.5859833122379583,0.0
63.62502325204101,5.293312877274618,48.52743785144566,37.46704059344013,189.53796355653924,38.32031857551525,30.71477625839529,48.19929048037639,32.49342590428311,0,-1.879924385139045,5.298605779094329
69.20543249964608,5.450120032826269,58.94429316528652,47.11834419671896,130.3660816837658,40.34294328405192,29.01725531346741,46.81306179285908,26.945163338278523,0,1.8709651753717822,25.77786896082225
63.89684680540276,5.431086314372371,47.97437511880711,46.19387535932684,161.73703412299238,37.269387205062195,22.056180496395154,43.523370893972505,34.67104667464949,0,0.38961417737090387,7.58014405885101
39.60609360582286,3.1367007188727682,29.154171872168167,81.70916983294394,262.8952284469983,12.186379052185156,15.873162699970578,22.287013223947053,13.130005079790777,0,-0.8682927318763665,4.6547319120257
64.12723542650902,4.40471488856511,27.628958611888645,48.04781195363159,157.369482776713,32.34864041795103,21.553404252195516,20.312810315163276,23.55943373365718,1,0.5346290861224353,0.0
89.24391877435274,7.177301688283238,59.76707617443522,16.526636445994363,93.72815459189876,46.419551238331174,26.4533241899975,51.60100929770421,39.724335418182314,0,-2.6357477390168778,8.126154108844865
68.97271529029055,6.042249294160925,48.007057499165946,66.80684707515296,158.11489273320942,48.89939913391705,30.339382380680313,45.31761979839512,34.16361132549812,0,0.003375506597160999,14.605022169470436
79.23974378143683,6.324571299587954,74.99889262973153,29.633413394006606,88.51423044466891,57.742360992698856,23.564782385454404,57.67958312025096,40.971562680664384,0,0.32782117284308526,27.29371259902846
55.259760599747445,4.808338408774339,45.55139874080998,68.6962510367162,212.99240610038032,34.45007679564407,20.93461532374034,37.961746834565275,35.67707654612069,0,0.9242701395378298,18.520611245953404
74.9980047884742,5.47707564024091,67.85921516902722,30.187484732989663,119.99423003466464,47.54306757828603,36.41048608488327,44.748023526190146,34.823372897854725,0,-1.0138959522925377,21.89269269561353
65.58535676433051,5.233698144511515,51.885126793978635,52.929836988272285,190.7675399574904,39.70036156591473,28.52349919495842,45.47660384602812,31.364429804179743,0,0.08568716140335904,12.426057756947547
40.981785406255355,2.9662876049561397,21.574217514883955,80.15440250356488,255.3833378993949,26.772967116418318,29.567742009521396,25.113335998298126,14.030063387467052,0,-0.9254246260595873,1.921439617699034
66.3704200959775,5.683124027730555,47.63053622868276,46.131483550929474,158.31816131312462,37.78724679607863,22.457911105325476,47.451762447172904,34.59507394524353,0,0.2553837556743171,19.171925282881904
40.166066731193794,3.2290311196265016,30.478483174477983,41.58013819644698,265.19569717042594,23.386940974962634,19.10001693815224,28.873197919918038,15.913051021832906,0,-0.8953463223630241,2.0525326559898454
47.34239450230416,4.132428398352639,23.748120453906093,62.87663502796919,234.6116222003847,23.792527289385443,21.807064148546715,25.350865560373055,23.364430866716702,0,-0.4081008391602206,10.79141204882997
63.78656614584748,5.646780504746731,40.806722536164024,60.97895442727223,164.27641818765062,32.96599958320799,40.17075579538446,45.33715243196098,24.320731836711644,1,-0.9958153947902291,0.0
65.94488546760248,5.6214001249688925,44.10374989055001,50.38488452873029,147.63558645774785,48.45498329426235,32.65386307021165,42.81812855332497,30.81535634958406,1,0.651136241823657,2.17908457183972
36.215350698457414,3.033787273023415,41.40694381457137,79.13471580429355,296.0835054176389,11.139400300333975,0.0,26.643945915656673,22.121679775723877,0,0.8584511166566653,0.0
81.07971542365752,5.987271104636899,35.94839554265047,8.253201368852253,91.47057734790411,40.42143171479876,33.05736064146145,45.95979281634023,35.729739067689614,1,-0.2346205699574138,2.924209283932691
71.44012556600946,5.713816989947306,62.06627210336705,29.91441358588984,183.6005545707851,38.30448094198231,39.82373146003616,47.81780086446947,31.592321985159998,0,0.03823799496002834,21.31350559419446
45.90543128778232,3.4058893020146694,22.765849551853798,69.03086028603495,233.2411517741698,19.99078685096333,10.413621771313194,19.23524528526051,16.937404970330135,0,-1.4485914146335441,0.0
29.24830407101649,2.167832347329206,10.0,85.67629525042621,320.11803799246866,0.0,6.728652308851326,10.894632667237742,2.7851089017977078,0,-0.29967664800678706,0.0
57.10190841837137,4.380885598094585,51.770757193244606,67.47409294322345,236.68066535004087,31.841184058452303,30.526594079825358,39.801344709648774,28.941790464440786,0,-0.05020461704174478,6.43067452581879
51.0811257227768,3.5965272704310216,43.07576869828756,57.18047321547007,227.23993762896015,31.021524549707987,28.30051530907142,27.72317891513288,23.273533904595055,0,2.620793091029975,17.67195796376791
62.26280914106046,4.002355436717842,56.12915342255422,52.607079899025315,199.49741517775428,33.737663382046605,22.933949378118918,38.989456031426926,30.837068407835442,1,-1.1119670257741636,0.0
52.73766677688867,3.88494181798721,44.92338621927783,57.45882412628685,233.64675294470146,35.2671575272111,17.335862326982046,34.61583893889907,21.795537294524486,0,1.4641772387524374,13.41904126943104
19.850862785099807,1.6847587487700642,34.49405396694388,78.3058243768815,345.5557973025262,6.996157268630844,3.8972658405013627,13.621025177432957,15.202706743847955,0,0.996858773465808,0.0
52.233061233976834,3.5045563760044014,42.150381233228636,30.697442792886196,218.95315541202288,25.6471358982038,20.339441964853517,35.58526183916756,26.36151153546381,0,0.2806364044901364,3.991218672371457
53.88761777863374,4.318850540526512,36.15655868381203,61.28449852692718,197.070254862981,30.728833547483113,27.239521998597855,30.465831303002894,25.850028736321704,1,1.7586204841951334,0.0
72.67322049548117,6.7639918517939766,54.30051812005025,39.41414600547256,130.10946279712797,49.333899349966586,34.738594961470596,58.22656079095332,50.758616192502835,0,0.3721054726068629,30.676494899600648
46.03600650777901,4.194408798248441,44.65989583890494,56.545892987018966,231.88703126118807,34.584519489684546,19.440673935970338,35.24064002602982,31.230516451311146,0,0.3891591956679287,8.447637024239814
93.57349346745133,8.307650231956371,57.707692174614756,5.0,54.22233335688658,58.08982034463996,42.20142047321412,63.959360761577855,53.24083996710046,0,-0.053120653017545344,31.34272911243062
21.76718898696486,1.9369390574235519,10.0,95.78968518593999,343.5958077797984,6.885383516089371,11.356179827400654,5.780944563893696,4.301982237645405,0,1.2235688824186275,2.0117587505577355
86.22334995605249,7.481622907977422,57.26674482325766,20.58560915360089,68.45623387474271,52.65121753095075,37.260171846433835,57.824102275458735,46.9589879954293,1,1.0964692338108837,11.255051183103184
55.5136205824379,4.079107281361138,17.813706420053204,61.168876085979846,193.10407930425748,24.209824366816875,9.04688892212437,25.054588434903458,19.153263186160853,1,-0.6256772874962124,0.0
77.19169744687113,5.853165662238698,55.414972296985255,55.17688491806997,228.6793483528357,48.84114780312777,30.29549779429553,41.180707260771385,24.057896618173334,0,-1.3192471945987674,8.32447679913344
61.59602968117466,3.5581122714252373,24.255933737312002,22.70679975498888,162.78490846180875,25.88523032866777,24.407965924933787,25.406855384259313,19.931933384807653,1,-0.20298063739565708,0.0
82.79111072050938,7.2163615946619,58.48437063368275,18.813679575062253,73.16809362058713,55.422899938260045,24.960742489913237,53.76336552725063,41.21013117119859,0,-0.8000385643976464,19.46627739162208
52.252760708943775,4.950382846625446,45.229830057613135,55.23473193131326,205.4374324884334,39.134186576568034,8.691797095639949,40.59198507350542,32.63026821659838,1,-0.0635245746153551,0.0
38.027591496443755,2.7656186970418655,21.85054944107227,89.43032259331605,331.14333869518407,11.085837622951438,19.2704572560706,22.809955315766267,15.49219812915873,0,1.2374381346841392,0.0
88.41008574542127,6.9458310064350846,78.6582187236636,5.0,126.17041973647011,58.12404502618136,41.87195130719292,56.18187801434544,37.78249780609949,0,-0.45730165508679,24.87718852988791
57.730387082357176,4.241499909743093,25.80626196346514,75.49994522581008,198.8124026432358,22.576885857200082,19.528815827340907,34.97479860150203,28.79552537835065,0,-0.04282338131157488,7.351481663581819
64.43116947248421,5.345820333537484,57.01442544705727,47.199101346311274,191.8121447133022,46.92720920858358,21.888150196562876,43.45436915813315,25.32159089475876,0,0.058022734808395225,16.568172520709794
84.6950382808959,7.338069335123293,66.03789736069633,24.1529537782978,69.09583520504646,44.40028820386862,34.7604118402469,55.43015712224489,48.48582982985819,0,0.8484308822052846,31.05705695852427
39.360895158111305,2.2774856257083838,10.39229412757102,68.26238768326182,326.225345604782,2.5320959552768834,3.8478518714768883,15.8808870228127,9.787008159064664,0,-2.246889333984605,0.0
71.90981795278515,5.957504701543938,77.44481555735493,32.855025661054505,121.06009143590163,56.14882893508347,23.82211818501708,51.67766290252944,39.45264910105941,0,-0.6067002947652967,16.34950249521224
48.20210487074218,3.717832503799802,33.10402055447987,74.37529624048767,219.6833896811213,20.886043307436623,24.970195464024663,26.537288645268422,21.93332793359911,0,0.21128369227947272,7.230740072451498
57.35661288711256,4.64522622695235,31.374788799422475,39.821138063898175,181.4826615589649,32.33154829131676,22.284972978305724,32.106884681526495,26.353739275900473,0,1.2000789564268612,20.595617915006997
61.445579307685776,5.145143345452008,28.941033567539876,52.69939087204047,178.9539848428561,29.797452295242564,16.19967226327352,32.20419719353539,16.434061586509024,0,-0.49190244750620515,6.215263520115337
29.99556277106128,2.3055438022984918,18.796713663146154,75.394257240455,324.38996964751357,5.298663876257155,0.42021355168540975,17.658716497162356,16.40116995468584,1,-1.876552706041874,0.0
44.42325914359131,3.5020673047844144,29.822212676614317,56.431139474239515,242.55749579024678,27.905476993162683,2.0167848020967334,24.501194412571337,19.082550282324533,0,0.6197114459661363,9.646734400677497
87.02145784826278,6.8547790440837035,61.941475779180585,54.01024425994397,130.74979981324086,52.13333507565112,38.63336059622413,48.16692382758319,32.3904339174767,0,-0.6353623888256293,22.17594472892882
77.72382377169592,6.703064002629814,51.428715077947544,37.304785045345604,104.9580155570864,39.5072963464427,27.77460028315356,53.41456402986222,35.823113147973935,0,-1.1896666590903613,23.81950749685421
58.7472084534553,4.909156656340173,47.45529901856964,58.61197808247842,176.52266000700828,33.007149911477114,19.902006383795367,33.565836384464504,22.835457746190063,1,-0.6243453897132241,0.0
64.86246917025787,5.299289302489309,41.52743009254804,58.79085219776608,160.12357293784186,41.10983974546713,36.949277494167006,34.62501003748352,18.844390356126887,0,-0.18452535765584954,11.065617473448908
54.115149887270846,3.6937361304355267,18.530963748684883,38.828650768906584,215.44496932720986,23.67439899863496,4.317487197145958,29.624150001248317,30.075880377773984,0,-0.6047446645382127,7.189171762214229
87.13166771655963,6.781243545718194,59.49855244509532,43.89583519290475,89.74971829122013,57.58394995339094,32.65538765876319,48.581948029096914,43.42162182449525,1,-2.205566057099069,4.4668491963413635
55.99294844411672,4.928770455698925,15.520287377148918,23.89956541394237,197.10777238078998,34.01094157619764,15.307045986445377,22.9919368800737,18.78805027842514,1,0.8970661968871322,0.51176658598256
64.63684184269697,5.1897956339777185,48.78349559880177,36.13796123684079,166.53394784546776,37.420221996588616,22.092784459610176,44.01919558157069,31.251716298123927,0,1.2748750412787222,23.439017605105185
82.92060288284131,6.963413965421874,48.25141971516256,21.57101703901189,77.9550671621936,58.25042609531386,38.4025371640118,51.54933415144677,37.2669852277744,0,0.6515219913395057,32.418709667707965
44.45257030308187,4.439461524410366,32.750402761315314,72.5281100765642,254.06365657767032,29.708055636446343,22.750344354180964,30.327343848410354,25.70390642530053,0,-1.1376856704248166,2.645840085208752
91.17578368993787,7.813365729799438,76.96379839820256,21.44883550375998,122.39562752538936,56.85850190432066,34.182238612967495,63.79070062975848,56.09539916340279,1,-0.20149153394751798,6.630939440668987
29.390771805132463,2.3978409132604686,11.086053310912721,78.60745130648682,297.5647094369115,4.647029448217985,0.0,14.154865998041558,6.849483850851133,0,-0.006521315229458062,0.0
92.59284262225597,7.151932824682615,75.42755242070037,17.263189242211343,74.63451508763856,48.337670919003344,44.907541695515725,57.894448623547945,37.43398692173889,0,0.5987943895619102,23.5228123218272
52.546488320960506,2.9269442676488913,32.44864615781082,45.71723539676867,215.8283802556562,28.64537276863428,37.91261383392083,29.292424873770678,28.95314908982108,1,0.6683404887180808,0.6384491263790633
55.14602504349436,4.327489542243122,56.1341655511019,36.88718622269556,194.19637896767375,42.858085917749364,29.00404922159329,32.24919740886184,14.54315185115957,0,-0.7341737987784958,5.526697107545036
22.199796576341143,1.6129774781988668,11.888331471456667,96.51834289169157,388.7337523605263,3.916934598504528,0.0,9.60353025918128,1.0862203426236015,0,0.08199555641356042,0.0
50.90410565244614,4.2675115493933795,27.22794410164538,67.42036769798808,219.41071516225065,26.417443632663833,28.974971409569847,31.609520952378556,21.710989879644508,0,0.4572804046152411,6.798910059714168
39.20386937946232,3.0593569368696416,34.315093069576506,89.81006312242238,263.4038189626407,6.005538392592483,0.0,19.40580468915735,5.90203826078208,0,1.4558223221467665,6.91675773998598
47.84707309253055,3.667573317684047,29.135053868535024,52.67272174568696,223.04787270181026,21.03481158309615,10.994440931373877,22.560629504842417,21.7118034041628,0,0.7045065398247231,5.792984120984631
57.253780684222406,3.6906029894841827,31.663151337665596,61.06000183938866,185.14036599602304,18.99860148170839,6.78015455234004,31.075102536032684,26.902800202732106,0,0.7890566873755189,4.730931406407254
79.15583228945812,5.862482668581616,50.630684095582765,27.439686970165102,123.32266303046012,42.20573402257524,18.157442711069997,42.49713967081026,28.459692207865242,0,0.08382662792936094,22.95926452008835
64.15206702801251,5.37049088264128,44.46038159777874,60.13363279430928,169.62093196945523,37.08820204176715,21.86713746377449,37.90470329257463,34.173754809857215,0,1.4104591452035038,25.23540619940781
66.15353306802228,6.15023646100813,59.72927446006413,56.11002025211542,191.04864842666882,45.140393191430256,22.427878941037946,52.57747221829802,45.97842163646676,1,0.4097627959594974,2.8260079650315775
38.08961222308875,2.9984062859742884,10.0,74.44490056760473,265.302118038199,4.113853353457374,2.7752403929365292,16.90715762162159,11.260696230114714,0,-0.8610879101735704,0.0
42.3849182079454,3.5546989934226936,29.900249335065983,63.54071991206277,244.56590438972654,30.112842433081767,19.79076492288286,18.4376456281831,10.761765548733571,1,1.4033699701251907,0.0
95.97450036702624,8.154199107838501,73.4311862034588,25.5566857762729,17.029221169181664,61.2242277134945,34.82509422559559,72.99339348729612,65.87867936077369,0,0.6979032725390276,39.33811148800935
45.29597930473507,3.218231376278681,33.64167126323251,72.46687497434372,243.93681072907546,24.520855182146043,12.974449015643971,21.976419289643164,19.276251398234635,1,-0.4430440211284823,0.0
93.12416504114591,7.633340224934394,78.28556722313748,8.662550133819893,156.5027479388423,62.84140939655006,39.000124364527856,63.32727648907407,48.15501753896064,0,-0.47949296739924335,22.87141796427614
55.13877602238267,4.040857028624535,37.85368991808263,38.92763989586416,212.16373342863193,31.650589064133936,27.051651380642475,32.785319665780115,30.660057663266244,0,0.2965755451407618,20.166680037603395
60.04575872287008,5.236072917075112,40.18651668414961,46.49184646894836,175.1826074760318,33.91905051090861,20.859947623577114,41.638781538056946,32.073135446193824,0,0.4631847952675847,26.592824300645535
81.40730320459859,6.588285780343754,62.90840771335244,46.77766257957992,119.97776359169129,50.772733832097174,39.599890917151946,60.7623506465875,42.5132866828165,1,0.19729226563120644,13.839939620461106
85.43784843877313,6.984253782092571,60.79963205665469,38.31999746602333,91.60077691364566,54.17018314697861,39.89712291397334,48.54915823579514,36.36158002456684,0,0.3113086734428849,28.714347529769388
57.78374879441825,4.231400604844166,36.544536773288065,38.86832156953478,177.61895936471996,25.729317838780183,21.296302170413057,35.88493057961406,31.43582670723892,0,1.6999573745763805,17.353301978127714
52.235138929569224,4.532327294170931,41.726037646562254,43.75177207963172,234.56255679992657,37.95246829780971,35.7718721563441,38.40992334888487,18.05350869159036,0,1.0715431522348857,11.54065751928337
58.881591029555736,5.752883742979967,34.691830788522566,66.4146151665981,179.8458724270153,43.00423476902487,18.997625561898886,39.32086975318407,27.374319834308192,1,0.19063559126502433,0.0
66.75915056464237,4.8367761974572865,40.61963387505638,29.613218578263684,142.85426450759527,31.86653797848451,16.927784835558022,40.84399950385953,36.95936543151808,0,0.9413105807674833,16.288983556348875
77.8260737373951,6.056206395167846,49.19831139852043,38.28547014630899,98.26270906878747,44.57457592896805,43.07986475622579,50.45963878386792,34.81489264338076,0,-1.0325239035275395,28.235416459098424
60.08459717988303,4.922571511474689,55.589909627582195,42.52254823608108,180.28873668079973,41.96159098389596,25.216502134818235,35.7789279239916,33.88756141307263,0,0.39792704994680894,23.271243650613194
72.37772596046307,6.1834211828349535,18.454244612467008,57.02681313379712,127.07666241614183,32.78561623205556,0.0,45.86181361695993,40.921093985520145,1,1.80930634973311,7.690333624802278
92.76719464541881,7.1416024289887705,68.89302459942259,7.9877077649266415,37.19626952360295,57.67385422347596,35.864258500076296,53.438436322989375,39.48850536721542,0,-0.21804589539237385,23.151270563270966
67.6261922452957,3.993580234552286,47.68105271370921,56.09414611717424,139.75010924032014,33.337729331590545,22.749040306839856,28.535772154927212,17.977923300498276,0,-0.8476339286190848,10.724236813327199
66.23305712009557,5.978239316689658,29.554435391685686,45.98524672862881,170.5502556987383,31.060838530525523,0.0,39.911631717131534,27.841942418131403,0,-0.6520888885930607,7.140033220641403
29.621783498198646,2.749995739647963,23.83251624009907,83.40455475261278,387.9126946383817,6.655931250330174,14.9978404318182,25.987637813030133,31.74138885645671,0,-1.0896330373423884,0.0
7.3853972634187315,0.5,10.0,78.97089976036446,419.0641217055195,0.0,0.0,0.31842849296823084,8.487659682069411,0,-0.7847619081277034,0.0
67.76751458460336,5.117616770878491,53.33365252279635,15.797525176928016,142.39418659015794,43.73651501604583,31.057239681929914,43.12150193692039,32.38029886795468,0,-0.370508098590029,12.37728923043125
58.10351537438255,5.432372444714267,14.154180131618297,49.24969334240968,181.5809260375515,26.816410407029913,15.622814401816946,39.39860944968794,25.8281040244894,0,-1.405567019178642,3.0372097401130276
49.70434650170516,4.700245929365346,48.45693666973799,63.25852625929418,216.15121191748077,35.238897706860264,12.598472155826842,35.95151086039998,26.793788066337964,0,0.015618333949603047,7.6937367879908045
64.87060408372689,5.6589683380376234,38.032055811760415,31.627021983420434,150.48320921457895,43.52166893790284,19.725019732553488,37.166726030272116,28.48658430960475,0,0.9022771737866472,16.556745919300678
58.79192541606184,4.615297816305016,48.02002525877504,38.14375365822205,189.10329031679814,37.50620231261568,16.898368811779818,36.12066618865949,20.17685370447872,0,-0.9077561801469204,5.3134565261861
82.55560501267797,6.645942110420493,65.19966131569744,34.18206654523562,91.86413150680536,47.28820257639283,39.42270694812444,59.94963199940865,44.91056520491553,0,1.5192839236417688,32.23178688567502
61.72221736517956,4.872314486651302,34.43858129943276,55.032036400306005,185.21639327506807,28.699974200300623,17.47467772539419,35.37539041297124,32.45534186786352,0,0.5107920885275947,6.861909143671276
45.06153429859665,4.169042635522151,38.147673532533155,63.28557297674822,253.54358174100423,27.483470267670654,13.689331541571953,39.10952858365383,19.504455247755544,0,1.0305805856240573,15.038533657297192
79.80332477918577,5.9463447790873065,52.007394936306454,39.55909587504713,91.74167742318623,45.73011256514974,22.24770186662548,49.65370231989673,40.921692920667596,0,-0.6578345538521371,14.292056311502515
55.657378501075954,4.049690452643975,18.246393157371596,40.25219395028229,194.25784752597716,25.156467234284666,25.92090547449404,24.2678955621187,24.366723791671575,0,0.8545252270666157,9.995100225226558
70.53073367344615,6.1475959872937,61.04893282669009,35.1980473215102,146.6544874153846,44.03823695107809,40.33846419838946,50.59221198221953,34.543100549384086,0,-1.091933900395313,15.723376818784285
50.45178587614399,4.013962142335738,27.56580048313839,79.32274539326009,216.70116919107832,21.51260636592567,23.461145327505132,23.596213232568502,25.411836391890184,0,0.8902475008365087,12.262124474776265
47.003462290051274,4.449510660931006,24.35748897565535,63.816403269226534,227.36642541741696,28.449214572249204,22.431488185195317,26.92188392344347,15.961409664901483,0,0.17183933979353122,14.006220501686176
61.683364603713926,4.598913064806841,39.147696542232524,49.832385571330065,170.30870944134264,32.188227756866425,23.24098837692887,52.805120249935705,41.154823241018974,1,0.5532512199847837,0.5553387637082825
